# phi u uprime x y
0 1 -0.5 1 0
0.02 0.990002 -0.499702 1.0099 0.0202006
0.0443873 0.977822 -0.499073 1.02167 0.0453792
0.0719548 0.964075 -0.498013 1.03458 0.0745717
0.10167 0.949297 -0.496453 1.04797 0.106916
0.132757 0.933892 -0.494361 1.06137 0.141738
0.164675 0.918152 -0.491726 1.07441 0.178545
0.197059 0.902275 -0.488549 1.08686 0.216992
0.229674 0.886397 -0.484841 1.09854 0.256837
0.262366 0.870612 -0.480616 1.10931 0.297912
0.295037 0.854982 -0.475889 1.11908 0.340095
0.327628 0.839554 -0.470676 1.12775 0.383296
0.360097 0.824359 -0.464994 1.13526 0.427441
0.392422 0.809424 -0.458858 1.14153 0.472468
0.424586 0.794767 -0.452284 1.14651 0.51832
0.45658 0.780405 -0.445287 1.15013 0.564939
0.488398 0.766351 -0.437885 1.15233 0.612267
0.520037 0.752617 -0.430091 1.15304 0.660246
0.551494 0.739213 -0.421921 1.15223 0.708809
0.58277 0.726147 -0.41339 1.14982 0.757889
0.613863 0.713428 -0.404515 1.14578 0.80741
0.644775 0.701063 -0.395308 1.14003 0.857295
0.675505 0.689059 -0.385787 1.13255 0.907458
0.706056 0.67742 -0.375964 1.12327 0.957808
0.736429 0.666152 -0.365856 1.11217 1.00825
0.766626 0.655258 -0.355477 1.09919 1.05868
0.796647 0.644744 -0.34484 1.08432 1.10899
0.826497 0.63461 -0.33396 1.06752 1.15908
0.856176 0.624861 -0.322851 1.04876 1.20882
0.885689 0.615498 -0.311525 1.02804 1.25809
0.915036 0.606523 -0.299997 1.00534 1.30677
0.944223 0.597936 -0.28828 0.980661 1.35473
0.973251 0.589739 -0.276385 0.954006 1.40184
1.00212 0.581931 -0.264325 0.92539 1.44797
1.03085 0.574513 -0.252111 0.894831 1.49298
1.05942 0.567484 -0.239757 0.862359 1.53674
1.08786 0.560843 -0.227271 0.828011 1.57911
1.11615 0.554589 -0.214666 0.791832 1.61997
1.14432 0.548721 -0.201951 0.753877 1.65918
1.17235 0.543238 -0.189136 0.714208 1.69662
1.20027 0.538137 -0.176231 0.672896 1.73215
1.22806 0.533418 -0.163245 0.63002 1.76567
1.25575 0.529079 -0.150187 0.585667 1.79705
1.28333 0.525117 -0.137066 0.539931 1.82619
1.31081 0.52153 -0.123888 0.492912 1.85299
1.3382 0.518318 -0.110662 0.444718 1.87736
1.36551 0.515476 -0.0973946 0.395463 1.89922
1.39273 0.513005 -0.0840934 0.345265 1.91848
1.41989 0.510902 -0.0707649 0.294246 1.93508
1.44699 0.509165 -0.0574152 0.242533 1.94897
1.47403 0.507792 -0.0440506 0.190258 1.9601
1.50103 0.506784 -0.030677 0.137551 1.96843
1.52799 0.506137 -0.0172999 0.0845483 1.97394
1.55492 0.505851 -0.00392511 0.031384 1.97662
1.58183 0.505925 0.00944211 -0.0218061 1.97646
1.60873 0.506359 0.0227964 -0.074887 1.97346
1.63562 0.507151 0.0361323 -0.127725 1.96766
1.66251 0.508302 0.0494446 -0.180187 1.95907
1.68942 0.509812 0.062728 -0.232144 1.94772
1.71636 0.51168 0.0759769 -0.28347 1.93368
1.74332 0.513907 0.0891859 -0.334041 1.91699
1.77032 0.516493 0.102349 -0.383739 1.89773
1.79736 0.519438 0.115461 -0.43245 1.87596
1.82446 0.522745 0.128515 -0.480066 1.85176
1.85162 0.526412 0.141505 -0.526484 1.82524
1.87885 0.530442 0.154424 -0.571608 1.79647
1.90616 0.534835 0.167265 -0.615347 1.76558
1.93354 0.539592 0.180022 -0.657618 1.73265
1.96102 0.544713 0.192686 -0.698346 1.69782
1.9886 0.550201 0.20525 -0.737463 1.66118
2.01628 0.556055 0.217705 -0.774907 1.62287
2.04406 0.562277 0.230043 -0.810624 1.583
2.07196 0.568866 0.242255 -0.84457 1.5417
2.09998 0.575825 0.254332 -0.876706 1.4991
2.12812 0.583152 0.266263 -0.907002 1.45532
2.1564 0.590848 0.27804 -0.935435 1.41048
2.1848 0.598912 0.289651 -0.961989 1.36472
2.21335 0.607345 0.301085 -0.986654 1.31815
2.24203 0.616145 0.312333 -1.00943 1.27089
2.27087 0.625312 0.323382 -1.03032 1.22306
2.29985 0.634843 0.33422 -1.04934 1.17479
2.32898 0.644738 0.344837 -1.06649 1.12617
2.35828 0.654993 0.355219 -1.08181 1.07731
2.38773 0.665606 0.365354 -1.09532 1.02833
2.41734 0.676573 0.375229 -1.10704 0.979311
2.44712 0.687892 0.384832 -1.11702 0.930353
2.47706 0.699557 0.394149 -1.12529 0.881544
2.50717 0.711565 0.403168 -1.13189 0.832966
2.53746 0.723909 0.411874 -1.13687 0.784699
2.56791 0.736583 0.420254 -1.14028 0.736815
2.59854 0.749582 0.428294 -1.14215 0.689381
2.62935 0.762898 0.435982 -1.14255 0.642461
2.66033 0.776523 0.443302 -1.14152 0.596112
2.6915 0.790448 0.450242 -1.13911 0.550386
2.72284 0.804665 0.456788 -1.13537 0.505333
2.75436 0.819164 0.462926 -1.13037 0.460994
2.78606 0.833933 0.468642 -1.12414 0.417409
2.81794 0.848962 0.473924 -1.11675 0.374612
2.85 0.864239 0.478759 -1.10824 0.332634
2.88225 0.87975 0.483133 -1.09867 0.291502
2.91467 0.895483 0.487033 -1.08809 0.251238
2.94728 0.911422 0.490448 -1.07654 0.211862
2.98006 0.927554 0.493366 -1.06407 0.173391
3.01303 0.943862 0.495774 -1.05073 0.135838
3.04617 0.96033 0.497663 -1.03657 0.0992129
3.07949 0.97694 0.499021 -1.02163 0.0635251
3.11299 0.993674 0.499839 -1.00595 0.0287799
3.14666 1.01051 0.500107 -0.989582 -0.00501907
3.18051 1.02744 0.499816 -0.972554 -0.0378702
3.21453 1.04444 0.498958 -0.954909 -0.0697736
3.24872 1.06148 0.497527 -0.936684 -0.100731
3.28308 1.07854 0.495514 -0.917915 -0.130746
3.3176 1.09561 0.492915 -0.898635 -0.159822
3.35229 1.11265 0.489725 -0.878877 -0.187966
3.38714 1.12966 0.48594 -0.858671 -0.215183
3.42214 1.1466 0.481557 -0.838048 -0.241482
3.4573 1.16345 0.476574 -0.817035 -0.266871
3.49261 1.18018 0.470991 -0.795659 -0.291359
3.52807 1.19678 0.464806 -0.773945 -0.314956
3.56368 1.21321 0.458022 -0.751917 -0.33767
3.59943 1.22946 0.450641 -0.729598 -0.359513
3.63531 1.24549 0.442666 -0.70701 -0.380496
3.67133 1.26129 0.434103 -0.684173 -0.400628
3.70748 1.27682 0.424956 -0.661106 -0.419922
3.74375 1.29206 0.415233 -0.637827 -0.438388
3.78015 1.30699 0.404943 -0.614353 -0.456037
3.81666 1.32159 0.394095 -0.590701 -0.472881
3.85329 1.33582 0.382699 -0.566885 -0.488929
3.89002 1.34966 0.370767 -0.54292 -0.504194
3.92686 1.36309 0.358312 -0.518818 -0.518685
3.9638 1.37609 0.345349 -0.494592 -0.532413
4.00083 1.38864 0.331892 -0.470254 -0.545388
4.03796 1.40071 0.317958 -0.445814 -0.557621
4.07517 1.41227 0.303564 -0.421283 -0.569119
4.11246 1.42332 0.288729 -0.396669 -0.579893
4.14982 1.43383 0.273472 -0.371983 -0.589952
4.18726 1.44378 0.257814 -0.347231 -0.599304
4.22477 1.45315 0.241775 -0.322422 -0.607956
4.26234 1.46193 0.225379 -0.297562 -0.615916
4.29996 1.47009 0.208647 -0.272658 -0.623192
4.33764 1.47764 0.191604 -0.247716 -0.62979
4.37538 1.48454 0.174273 -0.222742 -0.635715
4.41315 1.4908 0.156681 -0.19774 -0.640974
4.45097 1.49639 0.138852 -0.172717 -0.645571
4.48883 1.5013 0.120812 -0.147676 -0.649511
4.52671 1.50554 0.102589 -0.122621 -0.652798
4.56463 1.50908 0.0842087 -0.0975577 -0.655435
4.60257 1.51192 0.0656987 -0.0724887 -0.657424
4.64053 1.51407 0.0470868 -0.047418 -0.658769
4.67851 1.5155 0.0284007 -0.0223492 -0.659469
4.7165 1.51622 0.00966844 0.00271432 -0.659528
4.75451 1.51624 -0.00908192 0.0277691 -0.658943
4.79251 1.51553 -0.0278222 0.0528117 -0.657717
4.83052 1.51412 -0.0465243 0.0778388 -0.655846
4.86853 1.512 -0.0651601 0.102847 -0.653331
4.90653 1.50917 -0.0837016 0.127832 -0.650169
4.94452 1.50564 -0.102121 0.152792 -0.646357
4.98249 1.50141 -0.120391 0.177721 -0.641891
5.02045 1.4965 -0.138485 0.202616 -0.636769
5.05839 1.4909 -0.156374 0.227473 -0.630985
5.0963 1.48464 -0.174034 0.252286 -0.624534
5.13419 1.47771 -0.191437 0.277051 -0.617411
5.17204 1.47014 -0.208559 0.301763 -0.609608
5.20985 1.46193 -0.225375 0.326415 -0.60112
5.24762 1.4531 -0.24186 0.351002 -0.591939
5.28535 1.44367 -0.257991 0.375517 -0.582057
5.32303 1.43365 -0.273744 0.399952 -0.571465
5.36065 1.42306 -0.289099 0.4243 -0.560154
5.39822 1.41191 -0.304033 0.448552 -0.548116
5.43572 1.40024 -0.318526 0.472698 -0.53534
5.47316 1.38804 -0.332559 0.496729 -0.521815
5.51053 1.37536 -0.346113 0.520634 -0.507532
5.54782 1.36221 -0.359171 0.544401 -0.492479
5.58503 1.3486 -0.371717 0.568018 -0.476645
5.62216 1.33457 -0.383735 0.591471 -0.460018
5.6592 1.32014 -0.395211 0.614747 -0.442586
5.69614 1.30534 -0.406132 0.637828 -0.424337
5.73299 1.29018 -0.416486 0.6607 -0.40526
5.76973 1.27469 -0.426262 0.683344 -0.385342
5.80636 1.2589 -0.435451 0.705742 -0.364571
5.84289 1.24283 -0.444045 0.727872 -0.342934
5.87929 1.22652 -0.452037 0.749715 -0.32042
5.91558 1.20998 -0.45942 0.771247 -0.297017
5.95174 1.19323 -0.46619 0.792445 -0.272713
5.98777 1.17632 -0.472344 0.813282 -0.247498
6.02367 1.15926 -0.47788 0.833732 -0.221361
6.05943 1.14208 -0.482796 0.853767 -0.194292
6.09504 1.1248 -0.487092 0.873357 -0.166282
6.13051 1.10745 -0.490771 0.892469 -0.137323
6.16584 1.09006 -0.493834 0.911072 -0.107407
6.201 1.07264 -0.496284 0.92913 -0.0765289
6.23602 1.05523 -0.498127 0.946607 -0.044683
6.27087 1.03784 -0.499368 0.963465 -0.0118662
6.30556 1.0205 -0.500013 0.979664 0.021923
6.34008 1.00323 -0.500069 0.995163 0.0566847
6.37444 0.986058 -0.499545 1.00992 0.0924166
6.40863 0.968995 -0.49845 1.02389 0.129114
6.44264 0.952065 -0.496793 1.03702 0.166771
6.47647 0.935288 -0.494585 1.04928 0.205377
6.51013 0.918682 -0.491838 1.0606 0.244921
6.54361 0.902265 -0.488562 1.07095 0.285386
6.57691 0.886055 -0.484771 1.08026 0.326754
6.61003 0.870067 -0.480476 1.08849 0.369002
6.64297 0.854318 -0.475691 1.09558 0.412104
6.67572 0.83882 -0.47043 1.10148 0.45603
6.70828 0.82359 -0.464707 1.10613 0.500745
6.74066 0.808638 -0.458535 1.10948 0.54621
6.77286 0.793978 -0.45193 1.11148 0.592379
6.80487 0.779621 -0.444906 1.11206 0.639206
6.83669 0.765577 -0.437477 1.11117 0.686635
6.86833 0.751857 -0.42966 1.10877 0.734606
6.89978 0.738468 -0.421468 1.10479 0.783055
6.93105 0.72542 -0.412916 1.09919 0.831911
6.96213 0.71272 -0.404021 1.09192 0.881097
6.99304 0.700374 -0.394796 1.08293 0.930533
7.02376 0.688389 -0.385257 1.07219 0.980129
7.0543 0.676771 -0.375418 1.05964 1.02979
7.08466 0.665523 -0.365294 1.04526 1.07943
7.11485 0.654651 -0.3549 1.02902 1.12893
7.14486 0.644157 -0.344249 1.01088 1.17818
7.1747 0.634045 -0.333355 0.990837 1.22708
7.20437 0.624317 -0.322234 0.968864 1.2755
7.23387 0.614976 -0.310897 0.944957 1.32333
7.26321 0.606022 -0.299358 0.919114 1.37043
7.29239 0.597457 -0.28763 0.891341 1.41668
7.3214 0.589281 -0.275725 0.861652 1.46195
7.35027 0.581495 -0.263656 0.830068 1.50611
7.37898 0.574099 -0.251435 0.796618 1.54903
7.40755 0.567091 -0.239072 0.761341 1.59056
7.43598 0.560471 -0.226579 0.724281 1.63059
7.46426 0.554239 -0.213968 0.685494 1.66898
7.49242 0.548393 -0.201247 0.645042 1.70561
7.52045 0.542931 -0.188427 0.602996 1.74035
7.54835 0.537852 -0.175517 0.559436 1.77309
7.57614 0.533154 -0.162527 0.514448 1.8037
7.60382 0.528835 -0.149465 0.468125 1.83209
7.63139 0.524894 -0.13634 0.42057 1.85815
7.65887 0.521328 -0.123159 0.371889 1.88178
7.68625 0.518136 -0.109931 0.322196 1.90291
7.71356 0.515315 -0.0966615 0.27161 1.92146
7.74078 0.512864 -0.0833587 0.220253 1.93735
7.76793 0.510781 -0.0700287 0.168253 1.95054
7.79503 0.509065 -0.056678 0.11574 1.96097
7.82207 0.507712 -0.0433127 0.0628474 1.96862
7.84906 0.506724 -0.0299387 0.00970901 1.97344
7.87602 0.506097 -0.0165616 -0.0435393 1.97543
7.90295 0.505831 -0.00318701 -0.0967617 1.97458
7.92985 0.505925 0.0101797 -0.149823 1.97089
7.95675 0.506378 0.0235331 -0.202588 1.96439
7.98364 0.50719 0.0368679 -0.254925 1.9551
8.01054 0.508361 0.0501788 -0.306704 1.94305
8.03745 0.509891 0.0634605 -0.357798 1.92829
8.06438 0.511778 0.0767074 -0.408084 1.91088
8.09134 0.514025 0.089914 -0.457443 1.89089
8.11834 0.516631 0.103075 -0.505762 1.86837
8.14539 0.519596 0.116183 -0.552931 1.84343
8.17249 0.522923 0.129234 -0.598848 1.81614
8.19965 0.52661 0.14222 -0.643417 1.78661
8.22689 0.53066 0.155135 -0.686547 1.75493
8.2542 0.535072 0.167972 -0.728157 1.72122
8.28159 0.539849 0.180724 -0.768169 1.68558
8.30907 0.544991 0.193383 -0.806517 1.64814
8.33665 0.550499 0.205941 -0.843139 1.60901
8.36434 0.556373 0.21839 -0.877982 1.56832
8.39213 0.562615 0.230722 -0.911003 1.5262
8.42003 0.569225 0.242927 -0.942163 1.48276
8.44806 0.576203 0.254996 -0.971433 1.43815
8.47621 0.58355 0.266919 -0.99879 1.39248
8.50449 0.591267 0.278687 -1.02422 1.34589
8.5329 0.599351 0.290289 -1.04772 1.29849
8.56145 0.607804 0.301713 -1.06928 1.25042
8.59014 0.616625 0.31295 -1.08891 1.20179
8.61898 0.625811 0.323988 -1.10663 1.15271
8.64797 0.635363 0.334815 -1.12244 1.10331
8.67712 0.645277 0.345419 -1.13638 1.05369
8.70642 0.655551 0.355788 -1.14848 1.00397
8.73588 0.666184 0.365909 -1.15876 0.954225
8.7655 0.677171 0.37577 -1.16726 0.90457
8.79528 0.688509 0.385358 -1.17402 0.855089
8.82524 0.700193 0.394659 -1.17909 0.80587
8.85536 0.712219 0.403661 -1.18252 0.756993
8.88565 0.724581 0.41235 -1.18435 0.708531
8.91611 0.737274 0.420712 -1.18463 0.660555
8.94675 0.75029 0.428734 -1.18342 0.61313
8.97757 0.763623 0.436402 -1.18076 0.566313
9.00856 0.777265 0.443702 -1.17672 0.52016
9.03973 0.791206 0.450621 -1.17135 0.474719
9.07108 0.805439 0.457145 -1.16471 0.430034
9.10261 0.819952 0.46326 -1.15684 0.386146
9.13432 0.834736 0.468954 -1.1478 0.343089
9.16621 0.849779 0.474212 -1.13766 0.300894
9.19829 0.865069 0.479022 -1.12645 0.259588
9.23054 0.880593 0.48337 -1.11424 0.219194
9.26297 0.896337 0.487245 -1.10108 0.179732
9.29559 0.912288 0.490633 -1.08701 0.141219
9.32838 0.92843 0.493524 -1.07209 0.103667
9.36136 0.944747 0.495905 -1.05636 0.0670869
9.39451 0.961223 0.497765 -1.03986 0.031486
9.42784 0.97784 0.499094 -1.02266 -0.00313036
9.46135 0.994581 0.499882 -1.00478 -0.0367593
9.49503 1.01143 0.50012 -0.986263 -0.0693999
9.52888 1.02836 0.499799 -0.967158 -0.101053
9.56291 1.04536 0.49891 -0.9475 -0.131722
9.59711 1.0624 0.497447 -0.927325 -0.16141
9.63148 1.07946 0.495403 -0.906668 -0.190123
9.66601 1.09653 0.492773 -0.885562 -0.217867
9.7007 1.11358 0.489551 -0.86404 -0.244651
9.73556 1.13058 0.485734 -0.842132 -0.270484
9.77057 1.14751 0.481318 -0.819866 -0.295373
9.80574 1.16436 0.476303 -0.797271 -0.31933
9.84106 1.18108 0.470687 -0.774372 -0.342366
9.87653 1.19767 0.46447 -0.751193 -0.36449
9.91214 1.2141 0.457653 -0.727759 -0.385716
9.94789 1.23033 0.45024 -0.70409 -0.406054
9.98379 1.24636 0.442233 -0.680208 -0.425517
10.0198 1.26214 0.433638 -0.656133 -0.444117
10.056 1.27765 0.42446 -0.631882 -0.461866
10.0922 1.29288 0.414707 -0.607473 -0.478776
10.1286 1.3078 0.404386 -0.582922 -0.494858
10.1652 1.32237 0.393508 -0.558245 -0.510127
10.2018 1.33658 0.382083 -0.533455 -0.524592
10.2385 1.3504 0.370122 -0.508567 -0.538266
10.2754 1.36381 0.35764 -0.483592 -0.55116
10.3123 1.37679 0.344649 -0.458542 -0.563285
10.3494 1.38931 0.331166 -0.433429 -0.574653
10.3865 1.40135 0.317207 -0.408261 -0.585273
10.4237 1.41289 0.302789 -0.38305 -0.595156
10.461 1.42391 0.287931 -0.357803 -0.604311
10.4984 1.43439 0.272652 -0.332528 -0.612748
10.5358 1.4443 0.256972 -0.307234 -0.620476
10.5733 1.45365 0.240914 -0.281926 -0.627502
10.6109 1.46239 0.224498 -0.256613 -0.633836
10.6485 1.47053 0.207749 -0.231299 -0.639484
10.6862 1.47804 0.19069 -0.20599 -0.644452
10.7239 1.48491 0.173344 -0.180692 -0.648749
10.7617 1.49113 0.155738 -0.15541 -0.652379
10.7995 1.49668 0.137897 -0.130147 -0.655347
10.8374 1.50156 0.119847 -0.104909 -0.657659
10.8753 1.50576 0.101614 -0.0796987 -0.659318
10.9132 1.50926 0.083226 -0.0545208 -0.660328
10.9511 1.51207 0.0647096 -0.0293788 -0.660691
10.9891 1.51418 0.0460928 -0.00427613 -0.660412
11.0271 1.51557 0.0274033 0.0207838 -0.65949
11.0651 1.51626 0.00866906 0.0457974 -0.657927
11.1031 1.51623 -0.0100817 0.0707616 -0.655723
11.1411 1.51549 -0.0288209 0.0956727 -0.652879
11.1791 1.51404 -0.0475204 0.120527 -0.649394
11.2171 1.51188 -0.0661522 0.145322 -0.645267
11.2551 1.50901 -0.0846882 0.170053 -0.640494
11.2931 1.50544 -0.103101 0.194717 -0.635075
11.3311 1.50118 -0.121362 0.219309 -0.629006
11.369 1.49623 -0.139446 0.243825 -0.622283
11.4069 1.4906 -0.157324 0.26826 -0.614902
11.4449 1.4843 -0.174971 0.29261 -0.606858
11.4827 1.47734 -0.19236 0.316869 -0.598146
11.5206 1.46973 -0.209467 0.341032 -0.588759
11.5584 1.46149 -0.226266 0.365091 -0.578691
11.5962 1.45263 -0.242733 0.389041 -0.567935
11.6339 1.44317 -0.258844 0.412874 -0.556484
11.6716 1.43312 -0.274577 0.436582 -0.544329
11.7092 1.42249 -0.28991 0.460157 -0.531462
11.7468 1.41132 -0.304821 0.48359 -0.517874
11.7843 1.39961 -0.319291 0.50687 -0.503556
11.8217 1.3874 -0.333299 0.529987 -0.488498
11.859 1.37469 -0.346828 0.55293 -0.472691
11.8963 1.36151 -0.359859 0.575685 -0.456123
11.9335 1.34788 -0.372378 0.598241 -0.438785
11.9707 1.33383 -0.384368 0.620583 -0.420665
12.0077 1.31938 -0.395815 0.642695 -0.401753
12.0446 1.30455 -0.406706 0.664561 -0.382037
12.0815 1.28937 -0.41703 0.686164 -0.361508
12.1182 1.27387 -0.426775 0.707486 -0.340152
12.1548 1.25806 -0.435933 0.728507 -0.317961
12.1914 1.24198 -0.444496 0.749205 -0.294922
12.2278 1.22565 -0.452455 0.76956 -0.271025
12.264 1.2091 -0.459806 0.789547 -0.24626
12.3002 1.19235 -0.466544 0.809142 -0.220617
12.3362 1.17543 -0.472666 0.828318 -0.194087
12.3721 1.15836 -0.478168 0.847048 -0.166661
12.4078 1.14117 -0.483052 0.865303 -0.138331
12.4435 1.12389 -0.487316 0.883052 -0.109089
12.4789 1.10654 -0.490962 0.900264 -0.07893
12.5142 1.08914 -0.493992 0.916904 -0.0478483
12.5494 1.07173 -0.496411 0.932938 -0.0158403
12.5844 1.05431 -0.498222 0.948329 0.0170966
12.6192 1.03693 -0.499431 0.963039 0.0509632
12.6539 1.01959 -0.500045 0.977028 0.0857586
12.6884 1.00233 -0.50007 0.990254 0.12148
12.7228 0.985157 -0.499516 1.00268 0.158122
12.757 0.9681 -0.498391 1.01425 0.195678
12.791 0.951177 -0.496705 1.02493 0.234137
12.8248 0.934408 -0.494469 1.03466 0.273488
12.8584 0.917812 -0.491693 1.04341 0.313714
12.8919 0.901406 -0.48839 1.05111 0.354797
12.9252 0.885207 -0.484572 1.05773 0.396715
12.9583 0.869231 -0.480251 1.06321 0.439441
12.9912 0.853494 -0.475441 1.06749 0.482945
13.024 0.83801 -0.470155 1.07053 0.527194
13.0565 0.822793 -0.464408 1.07227 0.57215
13.0889 0.807857 -0.458213 1.07267 0.617768
13.1211 0.793212 -0.451586 1.07166 0.664003
13.1531 0.778871 -0.44454 1.0692 0.7108
13.1849 0.764844 -0.43709 1.06523 0.758102
13.2165 0.75114 -0.429253 1.05971 0.805847
13.248 0.737769 -0.421041 1.05259 0.853965
13.2792 0.724739 -0.412472 1.04383 0.902382
13.3103 0.712057 -0.403559 1.03337 0.951019
13.3412 0.69973 -0.394317 1.02118 0.999792
13.3719 0.687764 -0.384762 1.00722 1.04861
13.4024 0.676165 -0.374907 0.991465 1.09737
13.4328 0.664936 -0.364769 0.973877 1.14599
13.463 0.654084 -0.354361 0.954435 1.19434
13.493 0.64361 -0.343697 0.93312 1.24233
13.5228 0.633518 -0.332791 0.90992 1.28983
13.5524 0.62381 -0.321658 0.884827 1.33673
13.5819 0.614489 -0.31031 0.857842 1.38291
13.6113 0.605555 -0.298761 0.828972 1.42823
13.6404 0.59701 -0.287023 0.79823 1.47258
13.6694 0.588855 -0.275109 0.765639 1.51582
13.6983 0.581089 -0.263032 0.73123 1.55783
13.727 0.573712 -0.250803 0.695039 1.59846
13.7556 0.566725 -0.238433 0.657114 1.63761
13.784 0.560125 -0.225934 0.617509 1.67512
13.8123 0.553913 -0.213316 0.576287 1.71089
13.8404 0.548086 -0.20059 0.533519 1.74478
13.8684 0.542644 -0.187765 0.489285 1.77669
13.8963 0.537585 -0.174851 0.44367 1.80649
13.9241 0.532907 -0.161857 0.39677 1.83407
13.9518 0.528608 -0.148792 0.348684 1.85935
13.9794 0.524686 -0.135663 0.299522 1.88222
14.0068 0.52114 -0.12248 0.249395 1.9026
14.0342 0.517967 -0.109249 0.198424 1.9204
14.0615 0.515165 -0.0959778 0.14673 1.93557
14.0887 0.512733 -0.0826733 0.0944425 1.94804
14.1159 0.510669 -0.0693421 0.0416911 1.95777
14.143 0.508971 -0.0559905 -0.0113909 1.96471
14.17 0.507638 -0.0426245 -0.0646685 1.96885
14.197 0.506668 -0.0292502 -0.118006 1.97015
14.2239 0.506059 -0.015873 -0.171266 1.96862
14.2509 0.505812 -0.00249866 -0.224314 1.96425
14.2778 0.505925 0.0108675 -0.277014 1.95707
14.3047 0.506396 0.0242201 -0.329234 1.9471
14.3316 0.507227 0.0375539 -0.380843 1.93437
14.3585 0.508416 0.0508635 -0.431715 1.91893
14.3854 0.509964 0.0641436 -0.481725 1.90083
14.4123 0.51187 0.0773886 -0.530754 1.88014
14.4393 0.514135 0.090593 -0.57869 1.85693
14.4663 0.51676 0.103751 -0.625422 1.83128
14.4933 0.519744 0.116857 -0.670847 1.80328
14.5204 0.523089 0.129905 -0.714871 1.77303
14.5476 0.526795 0.142887 -0.757401 1.74063
14.5748 0.530863 0.155799 -0.798357 1.70618
14.6021 0.535294 0.168632 -0.837662 1.6698
14.6295 0.540089 0.181379 -0.875248 1.63161
14.657 0.54525 0.194033 -0.911055 1.59173
14.6846 0.550776 0.206586 -0.945031 1.55029
14.7123 0.556669 0.219029 -0.977132 1.5074
14.7401 0.56293 0.231355 -1.00732 1.46321
14.768 0.569559 0.243553 -1.03557 1.41783
14.796 0.576556 0.255615 -1.06185 1.3714
14.8242 0.583922 0.267531 -1.08616 1.32405
14.8525 0.591657 0.27929 -1.10849 1.2759
14.8809 0.599761 0.290883 -1.12884 1.22708
14.9094 0.608233 0.302299 -1.14721 1.17771
14.9381 0.617072 0.313526 -1.16362 1.12791
14.967 0.626277 0.324553 -1.1781 1.0778
14.996 0.635847 0.335369 -1.19066 1.02749
15.0251 0.645779 0.345962 -1.20133 0.977088
15.0544 0.656072 0.356318 -1.21016 0.926696
15.0839 0.666723 0.366427 -1.21718 0.876412
15.1135 0.677728 0.376274 -1.22243 0.82633
15.1433 0.689084 0.385848 -1.22596 0.776537
15.1733 0.700785 0.395135 -1.22782 0.727116
15.2034 0.712829 0.404121 -1.22806 0.678144
15.2337 0.725208 0.412794 -1.22674 0.629692
15.2642 0.737917 0.421139 -1.22391 0.581826
15.2949 0.75095 0.429143 -1.21962 0.534606
15.3257 0.764299 0.436793 -1.21394 0.488089
15.3567 0.777956 0.444074 -1.20692 0.442323
15.3879 0.791913 0.450974 -1.19862 0.397355
15.4192 0.80616 0.457477 -1.18909 0.353224
15.4508 0.820687 0.463572 -1.17841 0.309967
15.4825 0.835485 0.469244 -1.16661 0.267615
15.5144 0.850541 0.47448 -1.15376 0.226195
15.5464 0.865843 0.479266 -1.13991 0.18573
15.5787 0.881378 0.483591 -1.12512 0.146241
15.6112 0.897133 0.487442 -1.10944 0.107743
15.6438 0.913094 0.490805 -1.09292 0.0702488
15.6766 0.929245 0.49367 -1.07561 0.0337689
15.7096 0.945571 0.496025 -1.05756 -0.00168992
15.7427 0.962055 0.497859 -1.03881 -0.036123
15.7761 0.978679 0.499162 -1.01942 -0.0695281
15.8096 0.995426 0.499922 -0.999413 -0.101905
15.8433 1.01228 0.500132 -0.978843 -0.133256
15.8771 1.02921 0.499782 -0.957747 -0.163584
15.9112 1.04621 0.498865 -0.936162 -0.192895
15.9454 1.06326 0.497373 -0.914126 -0.221195
15.9797 1.08032 0.4953 -0.891672 -0.248492
16.0143 1.09739 0.49264 -0.868834 -0.274794
16.049 1.11443 0.489388 -0.845643 -0.300112
16.0839 1.13143 0.485541 -0.822127 -0.324456
16.1189 1.14836 0.481095 -0.798317 -0.347837
16.154 1.1652 0.47605 -0.774237 -0.370268
16.1894 1.18192 0.470403 -0.749914 -0.39176
16.2248 1.19851 0.464156 -0.725371 -0.412326
16.2605 1.21492 0.457309 -0.700631 -0.431979
16.2962 1.23115 0.449866 -0.675714 -0.450733
16.3321 1.24716 0.44183 -0.650641 -0.4686
16.3682 1.26293 0.433205 -0.62543 -0.485595
16.4043 1.27843 0.423998 -0.600098 -0.501729
16.4406 1.29364 0.414216 -0.574663 -0.517017
16.477 1.30854 0.403867 -0.54914 -0.531472
16.5135 1.3231 0.392961 -0.523543 -0.545106
16.5502 1.33729 0.381509 -0.497885 -0.557932
16.5869 1.35109 0.369522 -0.472179 -0.569963
16.6238 1.36448 0.357013 -0.446437 -0.581211
16.6607 1.37744 0.343998 -0.420669 -0.591687
16.6978 1.38993 0.33049 -0.394886 -0.601404
16.7349 1.40195 0.316508 -0.369098 -0.610372
16.7721 1.41346 0.302067 -0.343312 -0.618602
16.8094 1.42446 0.287187 -0.317537 -0.626104
16.8468 1.43491 0.271887 -0.29178 -0.632888
16.8842 1.4448 0.256188 -0.26605 -0.638963
16.9217 1.45411 0.240111 -0.24035 -0.644338
16.9593 1.46282 0.223679 -0.214689 -0.649022
16.9969 1.47093 0.206913 -0.189072 -0.653022
17.0346 1.47841 0.189839 -0.163502 -0.656345
17.0724 1.48525 0.17248 -0.137986 -0.658997
17.1101 1.49143 0.154861 -0.112528 -0.660986
17.148 1.49695 0.137009 -0.0871323 -0.662316
17.1858 1.5018 0.118948 -0.0618023 -0.662993
17.2237 1.50596 0.100707 -0.036542 -0.663021
17.2616 1.50943 0.0823115 -0.0113551 -0.662402
17.2996 1.51221 0.0637893 0.013755 -0.661142
17.3375 1.51428 0.0451679 0.0387849 -0.659241
17.3755 1.51564 0.0264753 0.0637313 -0.656703
17.4135 1.51629 0.00773932 0.0885908 -0.653528
17.4515 1.51623 -0.0110118 0.11336 -0.649717
17.4895 1.51545 -0.02975 0.138036 -0.64527
17.5275 1.51396 -0.048447 0.162615 -0.640187
17.5655 1.51177 -0.0670749 0.187093 -0.634467
17.6035 1.50887 -0.0856057 0.211466 -0.628107
17.6415 1.50526 -0.104012 0.235731 -0.621105
17.6795 1.50097 -0.122265 0.259883 -0.61346
17.7174 1.49598 -0.140339 0.283918 -0.605166
17.7554 1.49032 -0.158207 0.30783 -0.596221
17.7933 1.48398 -0.175842 0.331615 -0.586619
17.8312 1.47699 -0.193219 0.355266 -0.576355
17.869 1.46935 -0.210311 0.378778 -0.565425
17.9068 1.46108 -0.227094 0.402144 -0.553821
17.9446 1.45219 -0.243544 0.425357 -0.541537
17.9823 1.4427 -0.259638 0.448408 -0.528566
18.02 1.43262 -0.275352 0.47129 -0.5149
18.0576 1.42197 -0.290664 0.493994 -0.500532
18.0951 1.41077 -0.305555 0.516509 -0.485453
18.1326 1.39903 -0.320002 0.538825 -0.469655
18.1701 1.38679 -0.333987 0.560932 -0.453128
18.2074 1.37406 -0.347492 0.582816 -0.435863
18.2447 1.36086 -0.360499 0.604465 -0.417852
18.2819 1.34721 -0.372992 0.625865 -0.399083
18.319 1.33314 -0.384955 0.647 -0.379548
18.3561 1.31867 -0.396375 0.667856 -0.359236
18.393 1.30382 -0.407239 0.688415 -0.338137
18.4298 1.28863 -0.417535 0.708659 -0.316242
18.4666 1.27311 -0.427252 0.728569 -0.29354
18.5032 1.25729 -0.436381 0.748124 -0.270022
18.5397 1.24119 -0.444914 0.767304 -0.245679
18.5761 1.22485 -0.452844 0.786084 -0.220501
18.6124 1.20829 -0.460165 0.804442 -0.194479
18.6485 1.19153 -0.466873 0.822351 -0.167606
18.6845 1.1746 -0.472964 0.839785 -0.139873
18.7204 1.15753 -0.478436 0.856715 -0.111274
18.7561 1.14033 -0.483289 0.873113 -0.0818027
18.7917 1.12305 -0.487523 0.888947 -0.0514535
18.8272 1.10569 -0.491139 0.904185 -0.0202226
18.8625 1.08829 -0.49414 0.918793 0.011893
18.8977 1.07088 -0.496528 0.932735 0.0448948
18.9326 1.05346 -0.49831 0.945974 0.0787828
18.9675 1.03608 -0.49949 0.958473 0.113555
19.0022 1.01875 -0.500074 0.970192 0.149209
19.0367 1.00149 -0.500071 0.98109 0.185738
19.071 0.984319 -0.499489 0.991123 0.223135
19.1052 0.967268 -0.498336 1.00025 0.261389
19.1392 0.950353 -0.496623 1.00842 0.300488
19.173 0.933592 -0.49436 1.0156 0.340416
19.2066 0.917004 -0.491559 1.02173 0.381154
19.2401 0.900607 -0.48823 1.02676 0.42268
19.2734 0.884418 -0.484387 1.03066 0.464968
19.3065 0.868454 -0.480042 1.03336 0.50799
19.3394 0.852729 -0.475208 1.03482 0.551711
19.3721 0.837257 -0.4699 1.03499 0.596095
19.4046 0.822054 -0.46413 1.03382 0.6411
19.437 0.807131 -0.457914 1.03125 0.686679
19.4692 0.792501 -0.451266 1.02725 0.732781
19.5012 0.778175 -0.4442 1.02176 0.77935
19.533 0.764163 -0.436731 1.01473 0.826324
19.5646 0.750475 -0.428875 1.00612 0.873638
19.596 0.73712 -0.420646 0.995891 0.92122
19.6273 0.724107 -0.412059 0.983995 0.968993
19.6583 0.711442 -0.403129 0.970396 1.01687
19.6892 0.699132 -0.393872 0.955059 1.06478
19.7199 0.687184 -0.384302 0.937954 1.11261
19.7504 0.675602 -0.374433 0.919053 1.16027
19.7808 0.664392 -0.364281 0.898335 1.20765
19.811 0.653557 -0.35386 0.875782 1.25466
19.8409 0.643101 -0.343184 0.851383 1.30118
19.8708 0.633028 -0.332267 0.825133 1.34708
19.9004 0.623339 -0.321123 0.797032 1.39227
19.9299 0.614036 -0.309765 0.76709 1.4366
19.9592 0.605121 -0.298206 0.73532 1.47995
19.9884 0.596595 -0.28646 0.701747 1.52221
20.0174 0.588458 -0.274538 0.6664 1.56324
20.0462 0.580711 -0.262453 0.629317 1.60291
20.0749 0.573353 -0.250217 0.590547 1.64111
20.1035 0.566384 -0.237841 0.550143 1.67769
20.1319 0.559804 -0.225335 0.508168 1.71254
20.1602 0.55361 -0.212712 0.464694 1.74553
20.1883 0.547802 -0.199981 0.4198 1.77655
20.2163 0.542378 -0.187151 0.373572 1.80549
20.2442 0.537337 -0.174233 0.326105 1.83223
20.272 0.532677 -0.161235 0.2775 1.85669
20.2997 0.528397 -0.148167 0.227864 1.87875
20.3272 0.524493 -0.135035 0.177311 1.89834
20.3547 0.520965 -0.121849 0.125959 1.91538
20.3821 0.517809 -0.108616 0.0739326 1.9298
20.4094 0.515026 -0.0953434 0.0213591 1.94153
20.4366 0.512611 -0.0820375 -0.0316305 1.95054
20.4637 0.510565 -0.0687051 -0.0849026 1.95677
20.4908 0.508884 -0.0553526 -0.138322 1.96021
20.5178 0.507569 -0.0419861 -0.191752 1.96082
20.5448 0.506616 -0.0286114 -0.245055 1.95861
20.5718 0.506025 -0.0152342 -0.298096 1.95358
20.5987 0.505794 -0.00186005 -0.350739 1.94573
20.6256 0.505924 0.0115056 -0.402851 1.93509
20.6525 0.506413 0.0248575 -0.4543 1.9217
20.6794 0.507261 0.0381903 -0.50496 1.9056
20.7063 0.508467 0.0514987 -0.554705 1.88685
20.7332 0.510032 0.0647772 -0.603417 1.8655
20.7601 0.511955 0.0780205 -0.650982 1.84163
20.7871 0.514238 0.0912229 -0.697289 1.81531
20.8141 0.516879 0.104379 -0.742236 1.78665
20.8411 0.51988 0.117482 -0.785727 1.75572
20.8683 0.523242 0.130527 -0.827671 1.72264
20.8954 0.526965 0.143506 -0.867985 1.68752
20.9227 0.531051 0.156414 -0.906595 1.65045
20.95 0.535499 0.169243 -0.943431 1.61158
20.9774 0.540312 0.181986 -0.978436 1.57101
21.0049 0.54549 0.194636 -1.01156 1.52887
21.0325 0.551034 0.207184 -1.04275 1.48529
21.0601 0.556944 0.219622 -1.07197 1.44039
21.0879 0.563222 0.231942 -1.09921 1.39432
21.1159 0.569869 0.244134 -1.12443 1.3472
21.1439 0.576883 0.256189 -1.14762 1.29916
21.1721 0.584267 0.268098 -1.16879 1.25033
21.2003 0.592019 0.27985 -1.18793 1.20083
21.2288 0.60014 0.291434 -1.20505 1.1508
21.2573 0.60863 0.302842 -1.22016 1.10035
21.286 0.617486 0.31406 -1.2333 1.0496
21.3149 0.626709 0.325077 -1.24448 0.998666
21.3439 0.636296 0.335883 -1.25374 0.94766
21.3731 0.646245 0.346465 -1.26111 0.896685
21.4024 0.656555 0.35681 -1.26664 0.845843
21.4318 0.667223 0.366907 -1.27038 0.795228
21.4615 0.678244 0.376742 -1.27237 0.744931
21.4913 0.689616 0.386302 -1.27266 0.695035
21.5213 0.701335 0.395575 -1.27131 0.64562
21.5514 0.713394 0.404547 -1.26838 0.596758
21.5817 0.725789 0.413205 -1.26392 0.548517
21.6122 0.738514 0.421535 -1.25799 0.50096
21.6428 0.751561 0.429523 -1.25066 0.454142
21.6737 0.764925 0.437155 -1.24198 0.408116
21.7047 0.778596 0.444419 -1.23202 0.362927
21.7359 0.792567 0.451301 -1.22083 0.318617
21.7672 0.806828 0.457785 -1.20848 0.275222
21.7988 0.821368 0.46386 -1.19502 0.232774
21.8305 0.836178 0.469512 -1.18052 0.1913
21.8624 0.851246 0.474727 -1.16503 0.150824
21.8945 0.866559 0.479493 -1.1486 0.111366
21.9268 0.882106 0.483796 -1.1313 0.0729412
21.9592 0.897871 0.487624 -1.11318 0.0355627
21.9918 0.913841 0.490965 -1.09428 -0.000760115
22.0247 0.930001 0.493806 -1.07466 -0.0360207
22.0576 0.946335 0.496137 -1.05437 -0.0702151
22.0908 0.962826 0.497946 -1.03346 -0.103342
22.1242 0.979457 0.499224 -1.01196 -0.135402
22.1577 0.996209 0.499959 -0.989918 -0.166397
22.1914 1.01306 0.500143 -0.967382 -0.196333
22.2253 1.03 0.499767 -0.944387 -0.225215
22.2593 1.04701 0.498823 -0.920972 -0.253051
22.2935 1.06405 0.497304 -0.897171 -0.279851
22.3279 1.08112 0.495204 -0.873018 -0.305623
22.3624 1.09818 0.492516 -0.848547 -0.330379
22.3971 1.11523 0.489237 -0.823786 -0.354131
22.432 1.13222 0.485362 -0.798766 -0.37689
22.467 1.14915 0.480888 -0.773512 -0.398672
22.5022 1.16599 0.475815 -0.748052 -0.419488
22.5376 1.1827 0.47014 -0.722409 -0.439352
22.573 1.19928 0.463865 -0.696607 -0.458279
22.6087 1.21569 0.456991 -0.670666 -0.476284
22.6444 1.2319 0.44952 -0.644607 -0.49338
22.6803 1.2479 0.441456 -0.618449 -0.509583
22.7164 1.26366 0.432804 -0.59221 -0.524906
22.7525 1.27915 0.42357 -0.565906 -0.539364
22.7888 1.29435 0.413762 -0.539552 -0.552971
22.8252 1.30923 0.403387 -0.513164 -0.565742
22.8618 1.32377 0.392455 -0.486755 -0.57769
22.8984 1.33795 0.380977 -0.460337 -0.588828
22.9352 1.35173 0.368966 -0.433921 -0.59917
22.972 1.3651 0.356433 -0.40752 -0.60873
23.009 1.37803 0.343395 -0.381143 -0.617518
23.046 1.39051 0.329865 -0.354799 -0.625548
23.0831 1.4025 0.31586 -0.328497 -0.632831
23.1204 1.41399 0.301399 -0.302245 -0.639377
23.1577 1.42496 0.286499 -0.27605 -0.645199
23.195 1.43539 0.27118 -0.249919 -0.650306
23.2325 1.44525 0.255463 -0.223859 -0.654707
23.27 1.45454 0.239369 -0.197876 -0.658413
23.3076 1.46322 0.22292 -0.171974 -0.661431
23.3452 1.4713 0.206139 -0.146159 -0.663769
23.3829 1.47875 0.189051 -0.120436 -0.665435
23.4206 1.48556 0.171679 -0.0948084 -0.666437
23.4584 1.49172 0.154049 -0.0692808 -0.66678
23.4962 1.49721 0.136186 -0.043857 -0.666469
23.5341 1.50202 0.118117 -0.0185406 -0.665511
23.572 1.50615 0.0998675 0.0066649 -0.66391
23.6099 1.50959 0.0814654 0.0317562 -0.661669
23.6478 1.51233 0.0629378 0.05673 -0.658792
23.6858 1.51437 0.0443123 0.0815831 -0.655282
23.7238 1.5157 0.0256168 0.106312 -0.65114
23.7618 1.51632 0.00687924 0.130914 -0.646369
23.7998 1.51622 -0.0118722 0.155386 -0.640969
23.8378 1.51541 -0.0306093 0.179724 -0.63494
23.8758 1.51389 -0.0493041 0.203925 -0.628282
23.9138 1.51167 -0.0679284 0.227984 -0.620995
23.9518 1.50873 -0.0864543 0.251899 -0.613076
23.9898 1.5051 -0.104854 0.275664 -0.604523
24.0278 1.50077 -0.1231 0.299276 -0.595335
24.0657 1.49575 -0.141166 0.32273 -0.585507
24.1036 1.49006 -0.159024 0.346019 -0.575036
24.1415 1.48369 -0.176648 0.36914 -0.563919
24.1794 1.47667 -0.194012 0.392086 -0.552149
24.2173 1.469 -0.211091 0.414849 -0.539722
24.2551 1.4607 -0.22786 0.437424 -0.526631
24.2928 1.45178 -0.244294 0.459803 -0.512872
24.3306 1.44226 -0.260371 0.481977 -0.498437
24.3682 1.43216 -0.276068 0.503937 -0.483319
24.4058 1.42148 -0.291362 0.525675 -0.467511
24.4434 1.41025 -0.306232 0.547179 -0.451006
24.4809 1.3985 -0.320659 0.568439 -0.433794
24.5183 1.38623 -0.334623 0.589442 -0.415869
24.5557 1.37348 -0.348106 0.610176 -0.397221
24.5929 1.36025 -0.36109 0.630628 -0.377842
24.6301 1.34659 -0.373559 0.650782 -0.357722
24.6673 1.3325 -0.385498 0.670624 -0.336854
24.7043 1.31801 -0.396893 0.690136 -0.315229
24.7412 1.30315 -0.407732 0.709301 -0.292836
24.778 1.28794 -0.418001 0.728101 -0.269668
24.8148 1.2724 -0.427692 0.746516 -0.245716
24.8514 1.25657 -0.436794 0.764524 -0.220972
24.8879 1.24046 -0.4453 0.782103 -0.195427
24.9243 1.22411 -0.453203 0.799231 -0.169075
24.9605 1.20754 -0.460496 0.815882 -0.141906
24.9967 1.19077 -0.467176 0.83203 -0.113916
25.0327 1.17383 -0.473239 0.847649 -0.0850985
25.0686 1.15675 -0.478684 0.862709 -0.0554477
25.1043 1.13956 -0.483509 0.87718 -0.0249597
25.1399 1.12226 -0.487715 0.891032 0.00636857
25.1753 1.10491 -0.491303 0.904232 0.0385391
25.2106 1.08751 -0.494275 0.916745 0.0715527
25.2458 1.07009 -0.496636 0.928537 0.105408
25.2808 1.05268 -0.498391 0.939569 0.140104
25.3156 1.0353 -0.499543 0.949805 0.175635
25.3503 1.01796 -0.500101 0.959205 0.211996
25.3848 1.00071 -0.500072 0.967728 0.249178
25.4191 0.983546 -0.499464 0.975331 0.287171
25.4532 0.9665 -0.498286 0.981973 0.325962
25.4872 0.949591 -0.496548 0.987609 0.365534
25.521 0.932837 -0.49426 0.992194 0.40587
25.5547 0.916258 -0.491434 0.995683 0.446946
25.5881 0.89987 -0.488082 0.998028 0.488739
25.6214 0.883691 -0.484216 0.999182 0.531219
25.6545 0.867736 -0.479849 0.999099 0.574354
25.6874 0.852022 -0.474993 0.99773 0.618107
25.7201 0.836563 -0.469664 0.995028 0.662438
25.7526 0.821371 -0.463874 0.990946 0.707301
25.785 0.806461 -0.457638 0.985438 0.752646
25.8172 0.791844 -0.45097 0.978457 0.79842
25.8491 0.777532 -0.443886 0.969959 0.844563
25.8809 0.763534 -0.436399 0.959901 0.891011
25.9125 0.749861 -0.428526 0.948243 0.937695
25.944 0.736521 -0.42028 0.934946 0.984539
25.9752 0.723523 -0.411678 0.919974 1.03147
26.0063 0.710874 -0.402733 0.903294 1.07839
26.0371 0.69858 -0.393461 0.884878 1.12522
26.0678 0.686648 -0.383877 0.8647 1.17186
26.0983 0.675082 -0.373996 0.842741 1.21821
26.1287 0.663889 -0.363832 0.818984 1.26417
26.1588 0.653071 -0.353399 0.79342 1.30963
26.1888 0.642632 -0.342711 0.766044 1.35448
26.2186 0.632576 -0.331784 0.73686 1.3986
26.2483 0.622904 -0.32063 0.705876 1.44187
26.2778 0.613618 -0.309262 0.673109 1.48417
26.3071 0.604721 -0.297695 0.63858 1.52538
26.3362 0.596212 -0.28594 0.602323 1.56537
26.3652 0.588092 -0.274011 0.564375 1.60402
26.3941 0.580363 -0.261919 0.524784 1.6412
26.4227 0.573022 -0.249676 0.483604 1.67679
26.4513 0.56607 -0.237294 0.440898 1.71066
26.4797 0.559507 -0.224783 0.396739 1.7427
26.508 0.55333 -0.212155 0.351204 1.77279
26.5361 0.547539 -0.199419 0.304381 1.80081
26.5641 0.542133 -0.186585 0.256363 1.82666
26.592 0.537109 -0.173663 0.207252 1.85025
26.6198 0.532466 -0.160662 0.157154 1.87147
26.6474 0.528202 -0.14759 0.106185 1.89024
26.675 0.524315 -0.134456 0.0544616 1.90647
26.7024 0.520803 -0.121268 0.00210889 1.92011
26.7298 0.517664 -0.108033 -0.0507455 1.93109
26.7571 0.514897 -0.0947584 -0.10397 1.93935
26.7843 0.512499 -0.0814511 -0.157432 1.94486
26.8115 0.510468 -0.0681176 -0.210993 1.94759
26.8385 0.508804 -0.0547643 -0.264518 1.94751
26.8656 0.507504 -0.0413973 -0.31787 1.94462
26.8926 0.506567 -0.0280223 -0.37091 1.93891
26.9195 0.505992 -0.0146451 -0.423503 1.93041
26.9464 0.505778 -0.00127117 -0.475516 1.91912
26.9733 0.505923 0.0120941 -0.526815 1.90508
27.0002 0.506428 0.0254453 -0.577274 1.88835
27.0271 0.507292 0.0387772 -0.626768 1.86896
27.054 0.508514 0.0520844 -0.675176 1.84698
27.0809 0.510094 0.0653615 -0.722383 1.82247
27.1078 0.512034 0.0786031 -0.768281 1.79553
27.1348 0.514331 0.0918037 -0.812766 1.76624
27.1618 0.516989 0.104957 -0.855739 1.73469
27.1889 0.520006 0.118058 -0.897113 1.70098
27.216 0.523383 0.1311 -0.936802 1.66522
27.2432 0.527122 0.144077 -0.974733 1.62753
27.2704 0.531224 0.156982 -1.01084 1.58802
27.2977 0.535688 0.169807 -1.04505 1.54682
27.3251 0.540517 0.182546 -1.07733 1.50404
27.3526 0.545711 0.195192 -1.10763 1.45983
27.3802 0.551271 0.207735 -1.13591 1.41431
27.4079 0.557197 0.220168 -1.16215 1.36761
27.4357 0.563491 0.232483 -1.18632 1.31986
27.4636 0.570154 0.244669 -1.20841 1.2712
27.4917 0.577184 0.256718 -1.22843 1.22175
27.5198 0.584584 0.26862 -1.24637 1.17165
27.5481 0.592353 0.280365 -1.26225 1.12102
27.5766 0.60049 0.291943 -1.27608 1.06999
27.6051 0.608995 0.303342 -1.28788 1.01867
27.6338 0.617867 0.314552 -1.29769 0.96719
27.6627 0.627106 0.32556 -1.30553 0.915651
27.6917 0.636709 0.336357 -1.31146 0.864165
27.7209 0.646674 0.346929 -1.31551 0.812834
27.7502 0.657 0.357264 -1.31773 0.761756
27.7797 0.667683 0.367349 -1.31818 0.711023
27.8093 0.67872 0.377173 -1.31691 0.660721
27.8391 0.690107 0.386721 -1.31397 0.61093
27.8691 0.70184 0.395981 -1.30942 0.561726
27.8992 0.713914 0.40494 -1.30334 0.513178
27.9295 0.726324 0.413584 -1.29577 0.465349
27.96 0.739063 0.421899 -1.28678 0.418297
27.9907 0.752124 0.429872 -1.27644 0.372074
28.0215 0.765502 0.437489 -1.26481 0.326729
28.0526 0.779186 0.444737 -1.25196 0.282302
28.0837 0.79317 0.451602 -1.23794 0.238831
28.1151 0.807443 0.458069 -1.22281 0.196349
28.1467 0.821995 0.464126 -1.20665 0.154883
28.1784 0.836817 0.46976 -1.18951 0.114456
28.2103 0.851896 0.474956 -1.17145 0.0750886
28.2424 0.867219 0.479702 -1.15252 0.0367964
28.2747 0.882776 0.483985 -1.13279 -0.000408353
28.3072 0.89855 0.487792 -1.1123 -0.0365165
28.3398 0.914529 0.491112 -1.09112 -0.0715221
28.3726 0.930697 0.493931 -1.06928 -0.105422
28.4056 0.947038 0.49624 -1.04684 -0.138215
28.4388 0.963535 0.498027 -1.02384 -0.169903
28.4721 0.980172 0.499281 -1.00034 -0.200489
28.5057 0.996929 0.499993 -0.97636 -0.22998
28.5394 1.01379 0.500153 -0.951956 -0.258382
28.5732 1.03073 0.499753 -0.927163 -0.285703
28.6073 1.04774 0.498785 -0.902018 -0.311955
28.6415 1.06478 0.497241 -0.876555 -0.337148
28.6759 1.08185 0.495115 -0.850808 -0.361294
28.7105 1.09892 0.492402 -0.824808 -0.384407
28.7452 1.11596 0.489097 -0.798585 -0.406499
28.7801 1.13295 0.485197 -0.772166 -0.427586
28.8151 1.14988 0.480698 -0.745578 -0.447682
28.8503 1.16671 0.475599 -0.718845 -0.466802
28.8856 1.18342 0.469898 -0.691992 -0.484962
28.9211 1.19999 0.463598 -0.665039 -0.502177
28.9567 1.21639 0.456698 -0.638008 -0.518464
28.9925 1.2326 0.449201 -0.610917 -0.533836
29.0284 1.24859 0.441112 -0.583785 -0.548312
29.0644 1.26433 0.432435 -0.556628 -0.561905
29.1006 1.27981 0.423177 -0.529461 -0.574632
29.1369 1.295 0.413344 -0.5023 -0.586507
29.1733 1.30987 0.402945 -0.475158 -0.597545
29.2099 1.32439 0.391989 -0.448047 -0.607762
29.2465 1.33855 0.380488 -0.42098 -0.617171
29.2833 1.35232 0.368454 -0.393966 -0.625787
29.3201 1.36567 0.3559 -0.367016 -0.633622
29.3571 1.37859 0.34284 -0.340139 -0.64069
29.3941 1.39104 0.329289 -0.313343 -0.647004
29.4313 1.40301 0.315265 -0.286637 -0.652575
29.4685 1.41448 0.300784 -0.260028 -0.657416
29.5058 1.42543 0.285866 -0.233523 -0.661537
29.5432 1.43583 0.270529 -0.207127 -0.664949
29.5806 1.44567 0.254796 -0.180846 -0.667662
29.6181 1.45493 0.238686 -0.154686 -0.669686
29.6557 1.46359 0.222222 -0.128651 -0.671029
29.6933 1.47164 0.205428 -0.102746 -0.6717
29.731 1.47907 0.188327 -0.0769751 -0.671706
29.7688 1.48585 0.170943 -0.0513422 -0.671055
29.8066 1.49198 0.153303 -0.0258508 -0.669754
29.8444 1.49744 0.13543 -0.000504487 -0.667807
29.8822 1.50222 0.117352 0.0246935 -0.665221
29.9201 1.50633 0.099096 0.04974 -0.662001
29.958 1.50974 0.0806877 0.0746318 -0.658149
29.996 1.51245 0.0621551 0.099366 -0.653671
30.034 1.51445 0.0435259 0.12394 -0.648568
30.0719 1.51575 0.0248278 0.148349 -0.642843
30.1099 1.51634 0.00608883 0.172592 -0.636497
30.1479 1.51622 -0.0126628 0.196665 -0.629533
30.1859 1.51538 -0.031399 0.220565 -0.621949
30.2239 1.51383 -0.0500916 0.244287 -0.613747
30.2619 1.51157 -0.0687126 0.267829 -0.604925
30.2999 1.50861 -0.087234 0.291185 -0.595481
30.3379 1.50494 -0.105628 0.314353 -0.585416
30.3759 1.50059 -0.123868 0.337327 -0.574725
30.4138 1.49554 -0.141925 0.360102 -0.563406
30.4518 1.48982 -0.159774 0.382673 -0.551455
30.4897 1.48342 -0.177388 0.405034 -0.538869
30.5276 1.47637 -0.194741 0.427179 -0.525644
30.5654 1.46868 -0.211807 0.4491 -0.511773
30.6032 1.46035 -0.228563 0.470791 -0.497253
30.641 1.45141 -0.244983 0.492242 -0.482078
30.6787 1.44186 -0.261045 0.513447 -0.46624
30.7163 1.43173 -0.276725 0.534395 -0.449735
30.754 1.42103 -0.292002 0.555076 -0.432554
30.7915 1.40978 -0.306854 0.57548 -0.414692
30.829 1.39801 -0.321263 0.595594 -0.396141
30.8664 1.38572 -0.335207 0.615407 -0.376893
30.9038 1.37294 -0.348669 0.634905 -0.35694
30.941 1.3597 -0.361632 0.654075 -0.336276
30.9782 1.34601 -0.37408 0.6729 -0.314891
31.0153 1.33191 -0.385996 0.691365 -0.292779
31.0524 1.3174 -0.397369 0.709452 -0.269931
31.0893 1.30253 -0.408184 0.727144 -0.246339
31.1261 1.2873 -0.41843 0.744422 -0.221997
31.1628 1.27176 -0.428096 0.761264 -0.196896
31.1994 1.25591 -0.437174 0.77765 -0.17103
31.2359 1.23979 -0.445655 0.793556 -0.144391
31.2723 1.22343 -0.453532 0.808959 -0.116975
31.3086 1.20685 -0.4608 0.823834 -0.0887751
31.3447 1.19007 -0.467454 0.838154 -0.0597865
31.3807 1.17313 -0.473492 0.851892 -0.0300051
31.4166 1.15604 -0.478911 0.865019 0.000572278
31.4523 1.13884 -0.48371 0.877504 0.0319479
31.4879 1.12155 -0.48789 0.889316 0.064123
31.5233 1.10419 -0.491453 0.900423 0.0970973
31.5586 1.08679 -0.4944 0.91079 0.130869
31.5938 1.06937 -0.496736 0.920381 0.165436
31.6288 1.05196 -0.498465 0.929161 0.200793
31.6636 1.03458 -0.499593 0.937091 0.236933
31.6982 1.01725 -0.500126 0.944132 0.273847
31.7327 0.999994 -0.500073 0.950244 0.311525
31.767 0.982836 -0.499441 0.955387 0.349953
31.8012 0.965796 -0.498239 0.959517 0.389116
31.8352 0.948893 -0.496478 0.962593 0.428995
31.869 0.932146 -0.494168 0.964569 0.469568
31.9026 0.915573 -0.49132 0.965402 0.51081
31.936 0.899193 -0.487947 0.965046 0.552693
31.9693 0.883023 -0.484059 0.963458 0.595185
32.0024 0.867078 -0.479672 0.960591 0.638251
32.0353 0.851374 -0.474796 0.956399 0.68185
32.068 0.835925 -0.469447 0.95084 0.72594
32.1005 0.820745 -0.463639 0.943867 0.770471
32.1329 0.805847 -0.457385 0.935438 0.815392
32.165 0.791242 -0.450699 0.925512 0.860645
32.197 0.776942 -0.443598 0.914046 0.906167
32.2288 0.762957 -0.436095 0.901003 0.951893
32.2604 0.749298 -0.428206 0.886346 0.997748
32.2918 0.735972 -0.419946 0.870042 1.04366
32.323 0.722987 -0.411329 0.852061 1.08954
32.3541 0.710352 -0.40237 0.832374 1.13531
32.3849 0.698073 -0.393085 0.810959 1.18087
32.4156 0.686156 -0.383489 0.787797 1.22612
32.4461 0.674606 -0.373595 0.762875 1.27097
32.4765 0.663428 -0.36342 0.736184 1.31532
32.5066 0.652625 -0.352976 0.707721 1.35904
32.5366 0.642202 -0.342278 0.677489 1.40203
32.5664 0.632161 -0.331341 0.6455 1.44418
32.596 0.622505 -0.320178 0.611768 1.48536
32.6255 0.613235 -0.308802 0.576318 1.52546
32.6548 0.604353 -0.297227 0.539183 1.56435
32.6839 0.59586 -0.285465 0.5004 1.60191
32.7129 0.587757 -0.273528 0.460017 1.63801
32.7418 0.580043 -0.26143 0.41809 1.67255
32.7705 0.572718 -0.249181 0.374681 1.70539
32.799 0.565782 -0.236793 0.329861 1.73641
32.8274 0.559234 -0.224277 0.283709 1.76551
32.8557 0.553073 -0.211644 0.236312 1.79257
32.8838 0.547298 -0.198904 0.187763 1.81748
32.9118 0.541907 -0.186066 0.138164 1.84015
32.9397 0.536899 -0.173141 0.0876219 1.86049
32.9674 0.532271 -0.160137 0.0362502 1.87839
32.9951 0.528022 -0.147062 -0.0158321 1.89379
33.0226 0.52415 -0.133926 -0.0685009 1.90662
33.0501 0.520654 -0.120736 -0.121628 1.91681
33.0775 0.51753 -0.107499 -0.175082 1.92431
33.1047 0.514778 -0.0942227 -0.228729 1.92907
33.1319 0.512395 -0.0809141 -0.282432 1.93108
33.1591 0.510379 -0.0675797 -0.336053 1.93029
33.1862 0.50873 -0.0542257 -0.389454 1.92671
33.2132 0.507445 -0.0408582 -0.442498 1.92034
33.2402 0.506522 -0.027483 -0.495049 1.91117
33.2671 0.505962 -0.0141057 -0.54697 1.89924
33.294 0.505762 -0.000732015 -0.59813 1.88457
33.321 0.505922 0.0126328 -0.648401 1.86721
33.3478 0.506441 0.0259834 -0.697655 1.84721
33.3747 0.507319 0.0393144 -0.745774 1.82462
33.4016 0.508556 0.0526205 -0.792641 1.79952
33.4285 0.510151 0.0658964 -0.838146 1.77198
33.4555 0.512104 0.0791366 -0.882185 1.74209
33.4824 0.514417 0.0923354 -0.92466 1.70995
33.5094 0.517088 0.105487 -0.965482 1.67566
33.5365 0.52012 0.118586 -1.00457 1.63932
33.5636 0.523512 0.131625 -1.04184 1.60104
33.5908 0.527266 0.144599 -1.07723 1.56096
33.618 0.531381 0.157501 -1.11068 1.51917
33.6453 0.535861 0.170323 -1.14214 1.47582
33.6728 0.540704 0.183059 -1.17156 1.43104
33.7002 0.545912 0.1957 -1.19892 1.38495
33.7278 0.551487 0.20824 -1.22417 1.33768
33.7555 0.557428 0.220668 -1.24731 1.28937
33.7834 0.563737 0.232978 -1.26833 1.24015
33.8113 0.570414 0.245159 -1.28721 1.19016
33.8393 0.577459 0.257203 -1.30397 1.13952
33.8675 0.584874 0.269099 -1.31862 1.08837
33.8958 0.592657 0.280837 -1.33118 1.03682
33.9242 0.600809 0.292408 -1.34166 0.985008
33.9528 0.609329 0.3038 -1.35011 0.933043
33.9815 0.618216 0.315002 -1.35656 0.881041
34.0104 0.627469 0.326003 -1.36105 0.829114
34.0394 0.637086 0.33679 -1.36363 0.777364
34.0686 0.647066 0.347353 -1.36435 0.725893
34.0979 0.657406 0.357679 -1.36326 0.674793
34.1274 0.668103 0.367754 -1.36043 0.624153
34.157 0.679154 0.377567 -1.35591 0.574055
34.1868 0.690555 0.387104 -1.34976 0.524576
34.2168 0.702302 0.396353 -1.34205 0.475787
34.247 0.71439 0.4053 -1.33284 0.427752
34.2773 0.726812 0.413931 -1.3222 0.380532
34.3078 0.739564 0.422233 -1.3102 0.334178
34.3385 0.752639 0.430192 -1.29691 0.288741
34.3693 0.766028 0.437795 -1.28238 0.244261
34.4003 0.779725 0.445028 -1.26669 0.200778
34.4315 0.79372 0.451877 -1.2499 0.158324
34.4629 0.808005 0.458329 -1.23208 0.116926
34.4945 0.822568 0.46437 -1.21329 0.0766097
34.5262 0.8374 0.469986 -1.19359 0.0373935
34.5581 0.852489 0.475165 -1.17304 -0.000706653
34.5902 0.867822 0.479893 -1.15169 -0.0376788
34.6225 0.883388 0.484158 -1.12962 -0.0735142
34.655 0.899171 0.487946 -1.10686 -0.108207
34.6876 0.915158 0.491246 -1.08347 -0.141756
34.7204 0.931333 0.494046 -1.05951 -0.174159
34.7534 0.94768 0.496335 -1.03502 -0.205421
34.7866 0.964184 0.498101 -1.01005 -0.235544
34.82 0.980825 0.499334 -0.984633 -0.264536
34.8535 0.997588 0.500024 -0.958823 -0.292405
34.8872 1.01445 0.500163 -0.932657 -0.319161
34.9211 1.0314 0.49974 -0.906172 -0.344814
34.9552 1.0484 0.49875 -0.879405 -0.369378
34.9894 1.06545 0.497183 -0.852389 -0.392866
35.0238 1.08252 0.495035 -0.825157 -0.415292
35.0584 1.09959 0.492299 -0.79774 -0.436671
35.0931 1.11663 0.488971 -0.770165 -0.457018
35.128 1.13362 0.485047 -0.742459 -0.47635
35.163 1.15054 0.480524 -0.714649 -0.494683
35.1982 1.16737 0.475401 -0.686757 -0.512034
35.2335 1.18407 0.469678 -0.658806 -0.528419
35.269 1.20063 0.463354 -0.630817 -0.543857
35.3047 1.21703 0.45643 -0.602809 -0.558362
35.3404 1.23323 0.448911 -0.5748 -0.571953
35.3763 1.24921 0.440799 -0.546807 -0.584647
35.4124 1.26495 0.432099 -0.518846 -0.596459
35.4486 1.28042 0.422818 -0.490931 -0.607406
35.4849 1.29559 0.412962 -0.463075 -0.617505
35.5213 1.31045 0.402541 -0.435292 -0.626771
35.5578 1.32496 0.391564 -0.407593 -0.635218
35.5945 1.3391 0.380042 -0.379988 -0.642864
35.6312 1.35285 0.367988 -0.352488 -0.649721
35.6681 1.36619 0.355413 -0.325101 -0.655804
35.705 1.37909 0.342333 -0.297836 -0.661127
35.7421 1.39152 0.328764 -0.2707 -0.665703
35.7792 1.40348 0.314721 -0.243701 -0.669543
35.8165 1.41493 0.300223 -0.216845 -0.672662
35.8538 1.42585 0.285288 -0.190138 -0.675069
35.8912 1.43623 0.269936 -0.163586 -0.676776
35.9286 1.44605 0.254187 -0.137193 -0.677793
35.9661 1.45529 0.238063 -0.110964 -0.67813
36.0037 1.46393 0.221586 -0.0849037 -0.677796
36.0413 1.47196 0.204779 -0.0590156 -0.6768
36.079 1.47935 0.187666 -0.0333035 -0.67515
36.1168 1.48611 0.170272 -0.00777084 -0.672853
36.1546 1.49221 0.152622 0.0175792 -0.669915
36.1924 1.49765 0.134741 0.0427436 -0.666344
36.2302 1.50241 0.116655 0.0677194 -0.662144
36.2681 1.50649 0.0983923 0.0925036 -0.65732
36.306 1.50987 0.0799785 0.117094 -0.651876
36.344 1.51255 0.0614414 0.141486 -0.645817
36.382 1.51453 0.0428087 0.165679 -0.639145
36.4199 1.5158 0.0241083 0.189669 -0.631863
36.4579 1.51636 0.00536809 0.213453 -0.623972
36.4959 1.51621 -0.0133837 0.237028 -0.615474
36.5339 1.51535 -0.032119 0.26039 -0.60637
36.5719 1.51377 -0.0508096 0.283537 -0.596659
36.6099 1.51149 -0.0694276 0.306464 -0.586341
36.6479 1.50849 -0.0879449 0.329167 -0.575415
36.6859 1.5048 -0.106334 0.351641 -0.563879
36.7239 1.50042 -0.124567 0.373882 -0.551732
36.7618 1.49535 -0.142617 0.395886 -0.538971
36.7998 1.4896 -0.160458 0.417645 -0.525592
36.8377 1.48318 -0.178063 0.439154 -0.511592
36.8755 1.47611 -0.195405 0.460406 -0.496967
36.9134 1.46839 -0.212461 0.481394 -0.481713
36.9512 1.46004 -0.229204 0.502111 -0.465825
36.9889 1.45107 -0.245611 0.522548 -0.449298
37.0267 1.4415 -0.261659 0.542696 -0.432125
37.0643 1.43135 -0.277324 0.562544 -0.414302
37.1019 1.42063 -0.292585 0.582084 -0.395822
37.1395 1.40936 -0.307422 0.601303 -0.376679
37.177 1.39756 -0.321813 0.620189 -0.356866
37.2144 1.38525 -0.335739 0.63873 -0.336377
37.2517 1.37246 -0.349183 0.656912 -0.315204
37.289 1.3592 -0.362126 0.674719 -0.293342
37.3262 1.3455 -0.374554 0.692137 -0.270782
37.3633 1.33137 -0.386451 0.709149 -0.247519
37.4003 1.31685 -0.397802 0.725737 -0.223545
37.4372 1.30196 -0.408596 0.741883 -0.198854
37.474 1.28673 -0.41882 0.757566 -0.173439
37.5108 1.27117 -0.428465 0.772767 -0.147295
37.5474 1.25531 -0.43752 0.787462 -0.120416
37.5839 1.23918 -0.445978 0.801629 -0.0927966
37.6202 1.22281 -0.453832 0.815244 -0.0644323
37.6565 1.20622 -0.461077 0.828282 -0.0353193
37.6926 1.18944 -0.467708 0.840714 -0.00545425
37.7286 1.17249 -0.473723 0.852515 0.0251652
37.7645 1.1554 -0.479118 0.863654 0.0565403
37.8002 1.13819 -0.483894 0.874101 0.0886715
37.8358 1.12089 -0.488051 0.883824 0.121558
37.8712 1.10353 -0.49159 0.892792 0.155197
37.9065 1.08613 -0.494514 0.900969 0.189585
37.9416 1.06871 -0.496827 0.908321 0.224717
37.9766 1.0513 -0.498533 0.914812 0.260586
38.0114 1.03392 -0.499639 0.920403 0.297182
38.0461 1.01659 -0.50015 0.925058 0.334495
38.0806 0.999344 -0.500074 0.928735 0.37251
38.1149 0.982191 -0.49942 0.931396 0.411212
38.149 0.965155 -0.498198 0.932998 0.450582
38.183 0.948257 -0.496416 0.933501 0.490599
38.2168 0.931516 -0.494085 0.932861 0.531238
38.2504 0.91495 -0.491217 0.931036 0.572472
38.2838 0.898578 -0.487824 0.927984 0.614268
38.3171 0.882415 -0.483918 0.92366 0.656594
38.3502 0.866479 -0.479511 0.918022 0.699409
38.3831 0.850784 -0.474618 0.911028 0.742672
38.4158 0.835345 -0.469251 0.902635 0.786335
38.4483 0.820175 -0.463425 0.892803 0.830348
38.4806 0.805287 -0.457155 0.881492 0.874655
38.5128 0.790694 -0.450454 0.868663 0.919196
38.5447 0.776405 -0.443337 0.85428 0.963907
38.5765 0.762433 -0.43582 0.838309 1.00872
38.6081 0.748785 -0.427916 0.820718 1.05355
38.6395 0.735472 -0.419642 0.801479 1.09833
38.6707 0.7225 -0.411012 0.780566 1.14298
38.7018 0.709878 -0.402041 0.757958 1.1874
38.7326 0.697612 -0.392744 0.733638 1.2315
38.7633 0.685709 -0.383136 0.707594 1.27518
38.7938 0.674172 -0.373231 0.679818 1.31834
38.8241 0.663008 -0.363045 0.650309 1.36088
38.8543 0.652219 -0.352592 0.619071 1.40269
38.8842 0.64181 -0.341885 0.586115 1.44365
38.914 0.631784 -0.330939 0.551458 1.48365
38.9437 0.622142 -0.319768 0.515126 1.52257
38.9731 0.612886 -0.308384 0.477149 1.5603
39.0024 0.604019 -0.296801 0.437567 1.59671
39.0316 0.59554 -0.285033 0.396427 1.63168
39.0606 0.587451 -0.27309 0.353785 1.6651
39.0894 0.579751 -0.260986 0.309704 1.69685
39.1181 0.572441 -0.248731 0.264253 1.7268
39.1466 0.56552 -0.236338 0.217513 1.75486
39.175 0.558986 -0.223818 0.169568 1.7809
39.2032 0.552839 -0.211181 0.120514 1.80482
39.2314 0.547078 -0.198437 0.0704498 1.82653
39.2594 0.541702 -0.185596 0.0194835 1.84593
39.2872 0.536707 -0.172667 -0.0322717 1.86293
39.315 0.532093 -0.15966 -0.0846967 1.87746
39.3426 0.527859 -0.146583 -0.137668 1.88944
39.3702 0.524001 -0.133445 -0.191056 1.89881
39.3976 0.520518 -0.120252 -0.24473 1.90551
39.425 0.517408 -0.107014 -0.298555 1.90951
39.4523 0.514669 -0.0937364 -0.352394 1.91077
39.4795 0.5123 -0.0804267 -0.406109 1.90927
39.5066 0.510298 -0.0670914 -0.459561 1.90499
39.5337 0.508661 -0.0537367 -0.512612 1.89794
39.5607 0.50739 -0.0403688 -0.565124 1.88811
39.5877 0.506481 -0.0269934 -0.616962 1.87554
39.6147 0.505933 -0.0136161 -0.667992 1.86025
39.6416 0.505747 -0.000242585 -0.718085 1.84227
39.6685 0.50592 0.0131219 -0.767114 1.82167
39.6954 0.506452 0.0264719 -0.814958 1.79849
39.7223 0.507344 0.0398021 -0.8615 1.77281
39.7491 0.508593 0.0531073 -0.90663 1.74471
39.7761 0.510201 0.066382 -0.950243 1.71426
39.803 0.512168 0.0796208 -0.992241 1.68156
39.83 0.514493 0.092818 -1.03253 1.64672
39.857 0.517178 0.105968 -1.07103 1.60984
39.884 0.520223 0.119065 -1.10767 1.57103
39.9111 0.523628 0.132102 -1.14237 1.53041
39.9383 0.527395 0.145074 -1.17508 1.4881
39.9656 0.531524 0.157972 -1.20574 1.44423
39.9929 0.536016 0.170792 -1.23432 1.39892
40.0203 0.540872 0.183524 -1.26077 1.35232
40.0478 0.546094 0.196162 -1.28507 1.30454
40.0754 0.551682 0.208698 -1.3072 1.25574
40.1031 0.557637 0.221122 -1.32716 1.20603
40.1309 0.563959 0.233427 -1.34494 1.15556
40.1588 0.570649 0.245604 -1.36054 1.10445
40.1869 0.577708 0.257642 -1.37398 1.05283
40.2151 0.585136 0.269533 -1.38529 1.00084
40.2434 0.592932 0.281266 -1.39447 0.948595
40.2718 0.601098 0.29283 -1.40158 0.896217
40.3004 0.609631 0.304216 -1.40665 0.843822
40.3291 0.618531 0.315411 -1.40972 0.791521
40.358 0.627797 0.326404 -1.41085 0.739422
40.387 0.637428 0.337184 -1.41008 0.687626
40.4162 0.647421 0.347738 -1.40747 0.636227
40.4455 0.657774 0.358055 -1.40309 0.585318
40.475 0.668484 0.368122 -1.39699 0.53498
40.5046 0.679548 0.377925 -1.38924 0.485294
40.5345 0.690961 0.387452 -1.37992 0.436331
40.5644 0.70272 0.39669 -1.36908 0.388157
40.5946 0.71482 0.405626 -1.3568 0.340834
40.6249 0.727255 0.414246 -1.34315 0.294415
40.6554 0.740018 0.422536 -1.32819 0.248949
40.6861 0.753104 0.430483 -1.312 0.204481
40.7169 0.766505 0.438073 -1.29464 0.161049
40.748 0.780213 0.445292 -1.27619 0.118685
40.7792 0.794219 0.452128 -1.25672 0.0774186
40.8106 0.808514 0.458565 -1.23628 0.0372734
40.8421 0.823087 0.464591 -1.21494 -0.00173102
40.8739 0.837928 0.470192 -1.19276 -0.0395793
40.9058 0.853026 0.475355 -1.16981 -0.0762596
40.9379 0.868368 0.480067 -1.14615 -0.111764
40.9702 0.883942 0.484315 -1.12182 -0.146087
41.0027 0.899733 0.488086 -1.0969 -0.179227
41.0353 0.915726 0.491369 -1.07141 -0.211185
41.0681 0.931908 0.494151 -1.04543 -0.241964
41.1012 0.948262 0.496421 -1.01899 -0.27157
41.1343 0.964771 0.498168 -0.992149 -0.30001
41.1677 0.981417 0.499382 -0.964939 -0.327293
41.2013 0.998183 0.500053 -0.937406 -0.353431
41.235 1.01505 0.500172 -0.909589 -0.378436
41.2689 1.032 0.49973 -0.881525 -0.402321
41.3029 1.04901 0.498719 -0.85325 -0.425102
41.3372 1.06606 0.497132 -0.824795 -0.446793
41.3716 1.08313 0.494963 -0.796194 -0.467412
41.4061 1.10019 0.492206 -0.767474 -0.486974
41.4408 1.11723 0.488857 -0.738663 -0.505498
41.4757 1.13422 0.484911 -0.709788 -0.523
41.5108 1.15114 0.480368 -0.680872 -0.5395
41.546 1.16796 0.475224 -0.651938 -0.555016
41.5813 1.18466 0.469479 -0.623007 -0.569564
41.6168 1.20122 0.463133 -0.594098 -0.583165
41.6525 1.21761 0.456189 -0.565229 -0.595835
41.6882 1.2338 0.448648 -0.536419 -0.607593
41.7242 1.24978 0.440515 -0.507682 -0.618457
41.7602 1.2655 0.431795 -0.479032 -0.628445
41.7964 1.28096 0.422493 -0.450485 -0.637572
41.8327 1.29613 0.412618 -0.42205 -0.645857
41.8691 1.31097 0.402177 -0.393742 -0.653316
41.9057 1.32547 0.39118 -0.365568 -0.659965
41.9423 1.3396 0.379639 -0.337541 -0.665819
41.9791 1.35334 0.367566 -0.309668 -0.670894
42.0159 1.36666 0.354973 -0.281957 -0.675205
42.0529 1.37954 0.341876 -0.254416 -0.678764
42.0899 1.39196 0.32829 -0.227052 -0.681587
42.1271 1.4039 0.314231 -0.199871 -0.683685
42.1643 1.41533 0.299717 -0.172879 -0.685072
42.2016 1.42624 0.284766 -0.146081 -0.685759
42.239 1.4366 0.2694 -0.119481 -0.685758
42.2765 1.4464 0.253637 -0.0930848 -0.685078
42.314 1.45561 0.2375 -0.0668953 -0.683731
42.3516 1.46423 0.221011 -0.0409163 -0.681725
42.3892 1.47224 0.204193 -0.0151514 -0.679069
42.4269 1.47961 0.18707 0.0103964 -0.675772
42.4646 1.48635 0.169666 0.035724 -0.671841
42.5024 1.49243 0.152007 0.0608288 -0.667283
42.5402 1.49784 0.134118 0.0857081 -0.662103
42.5781 1.50258 0.116026 0.110359 -0.656309
42.616 1.50663 0.0977566 0.13478 -0.649905
42.6539 1.50999 0.0793378 0.158967 -0.642895
42.6918 1.51265 0.0607967 0.182918 -0.635283
42.7298 1.5146 0.0421609 0.206631 -0.627072
42.7678 1.51585 0.0234584 0.230103 -0.618265
42.8058 1.51639 0.00471704 0.25333 -0.608864
42.8438 1.51621 -0.0140349 0.276311 -0.59887
42.8818 1.51532 -0.0327694 0.299041 -0.588284
42.9198 1.51372 -0.0514582 0.321516 -0.577107
42.9578 1.51141 -0.0700734 0.343734 -0.565338
42.9958 1.50839 -0.088587 0.36569 -0.552976
43.0338 1.50468 -0.106971 0.387379 -0.540021
43.0717 1.50027 -0.125199 0.408797 -0.526469
43.1097 1.49517 -0.143243 0.429938 -0.51232
43.1476 1.4894 -0.161076 0.450796 -0.49757
43.1855 1.48296 -0.178672 0.471365 -0.482216
43.2234 1.47586 -0.196005 0.491638 -0.466255
43.2612 1.46812 -0.21305 0.511607 -0.449682
43.299 1.45975 -0.229783 0.531265 -0.432493
43.3368 1.45076 -0.246178 0.550603 -0.414683
43.3745 1.44117 -0.262213 0.569611 -0.396249
43.4122 1.431 -0.277865 0.588279 -0.377183
43.4498 1.42026 -0.293113 0.606597 -0.357482
43.4873 1.40897 -0.307934 0.624552 -0.337139
43.5248 1.39715 -0.322309 0.642133 -0.316148
43.5622 1.38483 -0.33622 0.659325 -0.294504
43.5996 1.37202 -0.349647 0.676116 -0.272201
43.6368 1.35874 -0.362573 0.692489 -0.249232
43.674 1.34503 -0.374983 0.708428 -0.225592
43.7111 1.33089 -0.386861 0.723917 -0.201276
43.7481 1.31636 -0.398194 0.738937 -0.176277
43.785 1.30145 -0.408968 0.75347 -0.15059
43.8218 1.28621 -0.419173 0.767495 -0.12421
43.8586 1.27063 -0.428797 0.780991 -0.0971329
43.8952 1.25477 -0.437832 0.793936 -0.0693538
43.9317 1.23863 -0.44627 0.806306 -0.0408693
43.968 1.22225 -0.454104 0.818077 -0.0116763
44.0043 1.20566 -0.461328 0.829223 0.0182275
44.0404 1.18887 -0.467938 0.839717 0.0488435
44.0764 1.17191 -0.473931 0.849532 0.0801723
44.1122 1.15482 -0.479306 0.858637 0.112213
44.148 1.13761 -0.48406 0.867003 0.144965
44.1835 1.12031 -0.488196 0.874599 0.178425
44.219 1.10294 -0.491714 0.881391 0.212587
44.2543 1.08554 -0.494617 0.887345 0.247448
44.2894 1.06812 -0.49691 0.892429 0.282998
44.3243 1.05071 -0.498595 0.896604 0.319228
44.3592 1.03333 -0.49968 0.899835 0.356126
44.3938 1.01601 -0.500171 0.902084 0.39368
44.4283 0.998759 -0.500076 0.903312 0.431873
44.4626 0.981609 -0.499403 0.903481 0.470686
44.4967 0.964577 -0.498161 0.90255 0.510098
44.5307 0.947684 -0.49636 0.900479 0.550086
44.5645 0.930948 -0.494011 0.897227 0.59062
44.5981 0.914389 -0.491125 0.892754 0.631672
44.6315 0.898023 -0.487714 0.887018 0.673208
44.6648 0.881868 -0.483791 0.879979 0.715189
44.6978 0.865939 -0.479367 0.871597 0.757574
44.7307 0.850253 -0.474458 0.86183 0.800318
44.7634 0.834822 -0.469075 0.850642 0.843372
44.7959 0.819661 -0.463234 0.837994 0.886682
44.8282 0.804783 -0.456949 0.82385 0.93019
44.8604 0.7902 -0.450233 0.808175 0.973833
44.8923 0.775922 -0.443103 0.790938 1.01754
44.9241 0.761959 -0.435572 0.772108 1.06125
44.9557 0.748323 -0.427656 0.75166 1.10488
44.9871 0.735021 -0.419369 0.729569 1.14835
45.0183 0.722061 -0.410727 0.705815 1.19157
45.0494 0.709451 -0.401745 0.680385 1.23446
45.0802 0.697197 -0.392437 0.653265 1.27691
45.1109 0.685305 -0.382819 0.624451 1.31884
45.1414 0.673781 -0.372905 0.593942 1.36014
45.1717 0.662629 -0.362709 0.561743 1.4007
45.2018 0.651853 -0.352247 0.527865 1.44041
45.2318 0.641457 -0.341532 0.492327 1.47917
45.2616 0.631443 -0.330578 0.455154 1.51686
45.2912 0.621814 -0.319399 0.416377 1.55336
45.3207 0.612572 -0.308009 0.376037 1.58856
45.3499 0.603717 -0.296419 0.334179 1.62234
45.3791 0.595251 -0.284644 0.290861 1.65459
45.4081 0.587175 -0.272696 0.246143 1.68519
45.4369 0.579489 -0.260586 0.200097 1.71402
45.4656 0.572191 -0.248327 0.152801 1.74098
45.4941 0.565283 -0.23593 0.104341 1.76595
45.5225 0.558762 -0.223405 0.0548095 1.78883
45.5507 0.552628 -0.210764 0.00430791 1.80953
45.5788 0.54688 -0.198017 -0.0470572 1.82795
45.6068 0.541516 -0.185173 -0.0991726 1.844
45.6347 0.536534 -0.172241 -0.15192 1.85761
45.6625 0.531933 -0.159232 -0.205174 1.86871
45.6901 0.527711 -0.146153 -0.258808 1.87722
45.7176 0.523865 -0.133012 -0.312688 1.8831
45.7451 0.520395 -0.119818 -0.366681 1.88631
45.7724 0.517297 -0.106578 -0.420649 1.8868
45.7997 0.51457 -0.0932995 -0.474452 1.88456
45.8269 0.512213 -0.0799888 -0.527952 1.87957
45.8541 0.510223 -0.0666527 -0.58101 1.87183
45.8811 0.508599 -0.0532974 -0.633486 1.86134
45.9082 0.507339 -0.0399291 -0.685246 1.84812
45.9351 0.506442 -0.0265535 -0.736153 1.8322
45.9621 0.505907 -0.0131762 -0.786078 1.81362
45.989 0.505732 0.000197126 -0.834894 1.79243
46.0159 0.505917 0.0135612 -0.882478 1.76868
46.0428 0.506461 0.0269107 -0.928713 1.74244
46.0697 0.507364 0.0402403 -0.973486 1.71378
46.0966 0.508625 0.0535446 -1.01669 1.6828
46.1235 0.510245 0.0668182 -1.05824 1.64958
46.1504 0.512224 0.0800558 -1.09802 1.61422
46.1774 0.514561 0.0932516 -1.13596 1.57684
46.2044 0.517257 0.1064 -1.17199 1.53753
46.2314 0.520314 0.119495 -1.20603 1.49642
46.2586 0.523731 0.13253 -1.23802 1.45363
46.2857 0.527509 0.1455 -1.26791 1.40928
46.313 0.53165 0.158396 -1.29567 1.36351
46.3403 0.536154 0.171213 -1.32124 1.31645
46.3677 0.541023 0.183942 -1.34462 1.26823
46.3952 0.546256 0.196577 -1.36577 1.21898
46.4228 0.551856 0.209109 -1.3847 1.16884
46.4505 0.557823 0.22153 -1.4014 1.11795
46.4783 0.564157 0.233831 -1.41587 1.06643
46.5063 0.570859 0.246003 -1.42813 1.01442
46.5343 0.57793 0.258037 -1.43821 0.96205
46.5625 0.58537 0.269923 -1.44613 0.909441
46.5908 0.593179 0.281651 -1.45192 0.856716
46.6193 0.601356 0.29321 -1.45563 0.803994
46.6478 0.609901 0.304589 -1.45731 0.751388
46.6766 0.618813 0.315778 -1.457 0.699007
46.7054 0.628091 0.326765 -1.45476 0.646953
46.7345 0.637733 0.337538 -1.45065 0.595324
46.7636 0.647738 0.348085 -1.44473 0.544212
46.793 0.658103 0.358394 -1.43708 0.493702
46.8225 0.668824 0.368452 -1.42775 0.443875
46.8521 0.679899 0.378247 -1.41683 0.394804
46.882 0.691324 0.387765 -1.40437 0.346557
46.9119 0.703094 0.396994 -1.39046 0.299196
46.9421 0.715205 0.405919 -1.37516 0.252776
46.9724 0.727651 0.414529 -1.35855 0.207347
47.0029 0.740425 0.422808 -1.34071 0.162954
47.0336 0.753521 0.430744 -1.3217 0.119636
47.0645 0.766932 0.438323 -1.3016 0.0774254
47.0955 0.78065 0.44553 -1.28047 0.036352
47.1267 0.794665 0.452353 -1.25839 -0.00356048
47.1581 0.808969 0.458777 -1.23542 -0.0422925
47.1897 0.823551 0.46479 -1.21163 -0.0798288
47.2214 0.838401 0.470377 -1.18708 -0.116158
47.2534 0.853507 0.475526 -1.16183 -0.151272
47.2855 0.868857 0.480224 -1.13594 -0.185168
47.3178 0.884438 0.484456 -1.10948 -0.217842
47.3502 0.900235 0.488212 -1.08248 -0.249298
47.3829 0.916236 0.491479 -1.05502 -0.27954
47.4157 0.932423 0.494245 -1.02712 -0.308573
47.4488 0.948782 0.496499 -0.998854 -0.336407
47.4819 0.965296 0.49823 -0.970252 -0.363052
47.5153 0.981947 0.499427 -0.941361 -0.38852
47.5489 0.998717 0.50008 -0.912221 -0.412825
47.5826 1.01559 0.500181 -0.882871 -0.435982
47.6165 1.03254 0.499721 -0.853346 -0.458006
47.6505 1.04955 0.498692 -0.823681 -0.478915
47.6848 1.0666 0.497087 -0.793908 -0.498727
47.7192 1.08367 0.494899 -0.764056 -0.517458
47.7538 1.10073 0.492123 -0.734155 -0.535129
47.7885 1.11777 0.488755 -0.704229 -0.551759
47.8234 1.13476 0.484791 -0.674304 -0.567366
47.8584 1.15168 0.480229 -0.644403 -0.58197
47.8936 1.1685 0.475066 -0.614547 -0.595591
47.929 1.18519 0.469302 -0.584755 -0.608248
47.9645 1.20175 0.462937 -0.555046 -0.619961
48.0001 1.21813 0.455974 -0.525438 -0.630749
48.0359 1.23431 0.448414 -0.495945 -0.640631
48.0718 1.25028 0.440263 -0.466582 -0.649625
48.1079 1.266 0.431524 -0.437363 -0.657751
48.1441 1.28145 0.422204 -0.408301 -0.665026
48.1804 1.29661 0.41231 -0.379405 -0.671468
48.2168 1.31144 0.401852 -0.350687 -0.677094
48.2533 1.32593 0.390838 -0.322156 -0.681921
48.29 1.34005 0.37928 -0.293821 -0.685964
48.3268 1.35377 0.36719 -0.265689 -0.68924
48.3636 1.36708 0.354581 -0.237768 -0.691764
48.4006 1.37995 0.341468 -0.210065 -0.69355
48.4376 1.39235 0.327866 -0.182585 -0.694611
48.4748 1.40428 0.313792 -0.155334 -0.694963
48.512 1.41569 0.299264 -0.128316 -0.694616
48.5493 1.42658 0.284301 -0.101536 -0.693584
48.5867 1.43693 0.268921 -0.0749983 -0.691877
48.6242 1.44671 0.253146 -0.0487061 -0.689507
48.6617 1.45591 0.236997 -0.0226628 -0.686484
48.6993 1.46451 0.220498 0.00312845 -0.682817
48.7369 1.47249 0.203669 0.0286649 -0.678516
48.7746 1.47985 0.186537 0.053944 -0.673589
48.8123 1.48656 0.169125 0.0789632 -0.668043
48.8501 1.49262 0.151458 0.10372 -0.661885
48.888 1.49801 0.133562 0.128213 -0.655123
48.9258 1.50273 0.115463 0.152439 -0.647761
48.9637 1.50676 0.097189 0.176395 -0.639805
49.0016 1.5101 0.0787657 0.200081 -0.63126
49.0396 1.51273 0.060221 0.223493 -0.622129
49.0775 1.51467 0.0415825 0.24663 -0.612415
49.1155 1.51589 0.022878 0.269488 -0.602122
49.1535 1.51641 0.00413568 0.292064 -0.591252
49.1915 1.51621 -0.0146164 0.314356 -0.579805
49.2295 1.51529 -0.0333501 0.336361 -0.567784
49.2675 1.51367 -0.0520374 0.358074 -0.555189
49.3055 1.51134 -0.0706501 0.379493 -0.54202
49.3435 1.5083 -0.0891603 0.400612 -0.528275
49.3815 1.50457 -0.10754 0.421427 -0.513955
49.4195 1.50014 -0.125763 0.441934 -0.499057
49.4574 1.49502 -0.143801 0.462126 -0.48358
49.4953 1.48923 -0.161627 0.481998 -0.467522
49.5332 1.48276 -0.179216 0.501543 -0.450879
49.5711 1.47565 -0.196541 0.520754 -0.433648
49.6089 1.46789 -0.213577 0.539623 -0.415826
49.6467 1.45949 -0.2303 0.558142 -0.397409
49.6845 1.45049 -0.246685 0.576302 -0.378393
49.7222 1.44088 -0.262708 0.594092 -0.358774
49.7599 1.43069 -0.278349 0.611504 -0.338547
49.7975 1.41993 -0.293583 0.628525 -0.317707
49.835 1.40863 -0.308391 0.645144 -0.296249
49.8725 1.39679 -0.322753 0.661347 -0.274169
49.9099 1.38446 -0.336649 0.677121 -0.251461
49.9472 1.37163 -0.350061 0.692451 -0.22812
49.9845 1.35834 -0.362972 0.707323 -0.204142
50.0217 1.34461 -0.375366 0.721718 -0.179522
50.0588 1.33046 -0.387228 0.735621 -0.154254
50.0958 1.31592 -0.398544 0.749012 -0.128335
50.1327 1.301 -0.409301 0.761873 -0.10176
50.1695 1.28574 -0.419488 0.774183 -0.0745254
50.2062 1.27016 -0.429095 0.785919 -0.0466283
50.2428 1.25429 -0.438112 0.797061 -0.0180656
50.2793 1.23814 -0.446531 0.807583 0.0111647
50.3157 1.22176 -0.454347 0.817462 0.0410642
50.3519 1.20515 -0.461552 0.826672 0.0716334
50.388 1.18836 -0.468144 0.835185 0.102872
50.424 1.1714 -0.474118 0.842974 0.134779
50.4599 1.1543 -0.479474 0.850009 0.167352
50.4956 1.13708 -0.48421 0.856261 0.200588
50.5312 1.11978 -0.488326 0.861698 0.23448
50.5666 1.10242 -0.491826 0.866287 0.269023
50.6019 1.08501 -0.494711 0.869996 0.30421
50.637 1.06759 -0.496984 0.87279 0.340028
50.6719 1.05018 -0.498652 0.874634 0.376468
50.7067 1.03281 -0.499719 0.875493 0.413515
50.7414 1.01548 -0.500192 0.875328 0.451153
50.7759 0.998237 -0.500079 0.874104 0.489364
50.8102 0.98109 -0.499388 0.871782 0.528126
50.8443 0.964062 -0.498129 0.868323 0.567415
50.8782 0.947173 -0.496311 0.863689 0.607206
50.912 0.930443 -0.493946 0.85784 0.647467
50.9456 0.913889 -0.491044 0.850739 0.688166
50.9791 0.897529 -0.487617 0.842346 0.729266
51.0123 0.88138 -0.483679 0.832623 0.770727
51.0454 0.865458 -0.47924 0.821533 0.812505
51.0782 0.849779 -0.474316 0.809038 0.854553
51.1109 0.834356 -0.46892 0.795103 0.896818
51.1434 0.819204 -0.463065 0.779694 0.939244
51.1758 0.804334 -0.456766 0.762778 0.981772
51.2079 0.789759 -0.450038 0.744326 1.02434
51.2398 0.775491 -0.442895 0.724309 1.06687
51.2716 0.761538 -0.435353 0.702703 1.10929
51.3032 0.747911 -0.427425 0.679485 1.15153
51.3346 0.734619 -0.419127 0.654638 1.1935
51.3658 0.72167 -0.410475 0.628147 1.23512
51.3968 0.70907 -0.401483 0.600003 1.2763
51.4277 0.696827 -0.392165 0.570201 1.31693
51.4583 0.684946 -0.382538 0.538741 1.35693
51.4888 0.673433 -0.372615 0.50563 1.39619
51.5191 0.662292 -0.362411 0.47088 1.43461
51.5493 0.651527 -0.351941 0.434508 1.47207
51.5792 0.641142 -0.341219 0.396541 1.50847
51.609 0.63114 -0.330258 0.35701 1.54369
51.6386 0.621522 -0.319072 0.315956 1.57763
51.6681 0.612291 -0.307676 0.273425 1.61016
51.6974 0.603448 -0.296081 0.229471 1.64118
51.7265 0.594994 -0.2843 0.184159 1.67057
51.7555 0.586929 -0.272347 0.137556 1.69822
51.7843 0.579254 -0.260233 0.0897428 1.72402
51.8129 0.571968 -0.247969 0.0408029 1.74787
51.8415 0.565071 -0.235568 -0.0091703 1.76967
51.8698 0.558562 -0.223039 -0.060077 1.7893
51.8981 0.552439 -0.210395 -0.111811 1.8067
51.9262 0.546702 -0.197644 -0.164258 1.82176
51.9542 0.541349 -0.184797 -0.217302 1.83441
51.9821 0.536379 -0.171864 -0.270817 1.84458
52.0098 0.531789 -0.158852 -0.324675 1.8522
52.0375 0.527578 -0.145771 -0.378745 1.85723
52.065 0.523743 -0.132628 -0.432891 1.85961
52.0924 0.520284 -0.119433 -0.486975 1.85931
52.1198 0.517197 -0.106192 -0.540857 1.85631
52.1471 0.514481 -0.092912 -0.594399 1.85059
52.1743 0.512135 -0.0796004 -0.64746 1.84214
52.2014 0.510156 -0.0662636 -0.699901 1.83097
52.2285 0.508542 -0.0529078 -0.751585 1.8171
52.2555 0.507293 -0.0395391 -0.802375 1.80056
52.2825 0.506407 -0.0261634 -0.852142 1.78137
52.3094 0.505882 -0.0127861 -0.900755 1.75959
52.3363 0.505718 0.000587122 -0.948092 1.73528
52.3632 0.505913 0.0139509 -0.994035 1.70849
52.3901 0.506468 0.0272999 -1.03847 1.67931
52.417 0.507381 0.0406289 -1.08129 1.64781
52.4439 0.508653 0.0539324 -1.1224 1.61409
52.4708 0.510283 0.0672051 -1.1617 1.57825
52.4977 0.512272 0.0804416 -1.19911 1.54038
52.5247 0.514619 0.0936362 -1.23455 1.50061
52.5517 0.517326 0.106783 -1.26796 1.45905
52.5788 0.520393 0.119877 -1.29926 1.41582
52.6059 0.523821 0.13291 -1.32842 1.37105
52.6331 0.52761 0.145877 -1.35538 1.32486
52.6603 0.531761 0.158772 -1.38011 1.27739
52.6876 0.536276 0.171586 -1.40259 1.22877
52.7151 0.541155 0.184313 -1.4228 1.17914
52.7426 0.546399 0.196945 -1.44073 1.12863
52.7702 0.552009 0.209474 -1.45638 1.07737
52.7979 0.557986 0.221892 -1.46975 1.02551
52.8257 0.564331 0.234189 -1.48087 0.973163
52.8536 0.571044 0.246358 -1.48975 0.920473
52.8817 0.578126 0.258388 -1.49643 0.867563
52.9099 0.585576 0.270269 -1.50093 0.814556
52.9382 0.593395 0.281992 -1.50332 0.761573
52.9666 0.601583 0.293546 -1.50362 0.708727
52.9952 0.610139 0.30492 -1.50191 0.656129
53.0239 0.619061 0.316104 -1.49822 0.603883
53.0528 0.62835 0.327085 -1.49264 0.552089
53.0818 0.638003 0.337851 -1.48522 0.500841
53.111 0.648018 0.348392 -1.47603 0.450225
53.1404 0.658393 0.358694 -1.46514 0.400322
53.1699 0.669124 0.368745 -1.45264 0.351209
53.1995 0.68021 0.378532 -1.43858 0.302954
53.2293 0.691644 0.388043 -1.42305 0.25562
53.2593 0.703425 0.397263 -1.40613 0.209263
53.2895 0.715545 0.40618 -1.38789 0.163935
53.3198 0.728 0.41478 -1.3684 0.11968
53.3503 0.740784 0.42305 -1.34775 0.0765378
53.381 0.753889 0.430976 -1.32601 0.034543
53.4119 0.767309 0.438544 -1.30324 -0.00627582
53.4429 0.781035 0.445741 -1.27953 -0.0458945
53.4741 0.795059 0.452553 -1.25494 -0.0842937
53.5055 0.809371 0.458966 -1.22954 -0.121458
53.5371 0.823961 0.464967 -1.2034 -0.157377
53.5689 0.838819 0.470542 -1.17658 -0.192043
53.6008 0.853932 0.475679 -1.14915 -0.225453
53.6329 0.869288 0.480363 -1.12115 -0.257605
53.6652 0.884876 0.484583 -1.09266 -0.288503
53.6977 0.900679 0.488325 -1.06371 -0.318151
53.7304 0.916685 0.491578 -1.03438 -0.346557
53.7632 0.932878 0.49433 -1.00469 -0.373731
53.7962 0.949242 0.496569 -0.974708 -0.399685
53.8294 0.96576 0.498285 -0.94447 -0.424431
53.8628 0.982414 0.499467 -0.914019 -0.447985
53.8963 0.999187 0.500105 -0.883394 -0.470363
53.9301 1.01606 0.500191 -0.852634 -0.491582
53.964 1.03301 0.499715 -0.821772 -0.511661
53.998 1.05003 0.49867 -0.790841 -0.530618
54.0323 1.06708 0.497048 -0.759873 -0.548474
54.0667 1.08415 0.494844 -0.728896 -0.565247
54.1013 1.10121 0.492052 -0.697936 -0.58096
54.136 1.11825 0.488667 -0.66702 -0.595632
54.1709 1.13524 0.484687 -0.636169 -0.609284
54.2059 1.15215 0.480107 -0.605407 -0.621938
54.2411 1.16897 0.474927 -0.574751 -0.633614
54.2765 1.18566 0.469146 -0.544222 -0.644333
54.312 1.20221 0.462765 -0.513836 -0.654115
54.3477 1.21859 0.455785 -0.483609 -0.662981
54.3834 1.23477 0.448209 -0.453555 -0.670951
54.4194 1.25073 0.440041 -0.423688 -0.678044
54.4554 1.26644 0.431286 -0.394019 -0.68428
54.4916 1.28188 0.42195 -0.364561 -0.689677
54.5279 1.29703 0.41204 -0.335322 -0.694254
54.5643 1.31185 0.401566 -0.306312 -0.698028
54.6009 1.32633 0.390537 -0.27754 -0.701017
54.6376 1.34044 0.378964 -0.249014 -0.703237
54.6743 1.35416 0.366859 -0.220739 -0.704705
54.7112 1.36745 0.354236 -0.192722 -0.705435
54.7481 1.38031 0.341109 -0.164969 -0.705443
54.7852 1.3927 0.327494 -0.137485 -0.704744
54.8224 1.40461 0.313407 -0.110275 -0.70335
54.8596 1.41601 0.298866 -0.0833412 -0.701274
54.8969 1.42689 0.283891 -0.0566889 -0.69853
54.9343 1.43722 0.2685 -0.0303209 -0.695129
54.9717 1.44698 0.252714 -0.00424002 -0.691081
55.0093 1.45616 0.236555 0.021551 -0.686398
55.0468 1.46475 0.220046 0.0470496 -0.681089
55.0845 1.47271 0.203209 0.0722538 -0.675163
55.1222 1.48005 0.186068 0.0971614 -0.668628
55.1599 1.48675 0.168648 0.12177 -0.661493
55.1977 1.49279 0.150974 0.146079 -0.653765
55.2355 1.49817 0.133072 0.170085 -0.645449
55.2734 1.50286 0.114968 0.193788 -0.636553
55.3113 1.50687 0.0966894 0.217184 -0.627081
55.3492 1.51019 0.0782622 0.240272 -0.617037
55.3871 1.51281 0.0597143 0.26305 -0.606427
55.4251 1.51473 0.0410734 0.285516 -0.595253
55.4631 1.51593 0.0223672 0.307667 -0.583518
55.5011 1.51642 0.00362402 0.3295 -0.571226
55.5391 1.51621 -0.0151282 0.351014 -0.558376
55.5771 1.51527 -0.0338613 0.372204 -0.544971
55.6151 1.51363 -0.0525471 0.393067 -0.531012
55.6531 1.51128 -0.0711576 0.413599 -0.516498
55.6911 1.50823 -0.089665 0.433796 -0.501429
55.7291 1.50447 -0.108041 0.453653 -0.485805
55.767 1.50002 -0.12626 0.473165 -0.469624
55.805 1.49489 -0.144292 0.492327 -0.452885
55.8429 1.48907 -0.162113 0.511132 -0.435586
55.8808 1.48259 -0.179695 0.529574 -0.417724
55.9187 1.47546 -0.197013 0.547645 -0.399297
55.9565 1.46768 -0.214041 0.565337 -0.380301
55.9943 1.45927 -0.230755 0.582641 -0.360733
56.0321 1.45025 -0.247131 0.59955 -0.340591
56.0698 1.44062 -0.263145 0.616051 -0.319869
56.1074 1.43042 -0.278774 0.632136 -0.298565
56.145 1.41964 -0.293998 0.647791 -0.276674
56.1826 1.40833 -0.308794 0.663005 -0.254192
56.22 1.39648 -0.323144 0.677765 -0.231114
56.2574 1.38413 -0.337027 0.692057 -0.207438
56.2948 1.37129 -0.350426 0.705865 -0.183158
56.332 1.35799 -0.363323 0.719175 -0.15827
56.3692 1.34424 -0.375703 0.731969 -0.132772
56.4063 1.33008 -0.387551 0.744229 -0.106659
56.4433 1.31553 -0.398852 0.755937 -0.0799274
56.4802 1.3006 -0.409594 0.767074 -0.0525754
56.517 1.28534 -0.419766 0.777618 -0.0246002
56.5537 1.26975 -0.429357 0.787548 0.0040002
56.5903 1.25386 -0.438359 0.796842 0.0332271
56.6268 1.23771 -0.446762 0.805475 0.0630812
56.6632 1.22132 -0.454561 0.813422 0.0935624
56.6994 1.20471 -0.46175 0.820659 0.124669
56.7355 1.18791 -0.468325 0.827157 0.156401
56.7715 1.17095 -0.474283 0.832889 0.188753
56.8074 1.15384 -0.479622 0.837827 0.221722
56.8431 1.13663 -0.484342 0.84194 0.255302
56.8787 1.11932 -0.488442 0.845197 0.289486
56.9141 1.10196 -0.491925 0.847566 0.324266
56.9493 1.08455 -0.494794 0.849015 0.359631
56.9845 1.06713 -0.497051 0.84951 0.39557
57.0194 1.04972 -0.498702 0.849017 0.432067
57.0542 1.03234 -0.499753 0.847501 0.469108
57.0888 1.01502 -0.500211 0.844926 0.506674
57.1233 0.99778 -0.500083 0.841255 0.544743
57.1576 0.980635 -0.499377 0.836454 0.583292
57.1917 0.963611 -0.498103 0.830483 0.622295
57.2257 0.946726 -0.49627 0.823307 0.661722
57.2595 0.929999 -0.49389 0.814889 0.701542
57.2931 0.91345 -0.490974 0.805191 0.741719
57.3265 0.897095 -0.487534 0.794178 0.782213
57.3597 0.880952 -0.483582 0.781814 0.822982
57.3928 0.865036 -0.47913 0.768065 0.863979
57.4256 0.849364 -0.474194 0.752895 0.905156
57.4583 0.833948 -0.468785 0.736274 0.946456
57.4908 0.818802 -0.462918 0.718171 0.987823
57.5231 0.80394 -0.456608 0.698558 1.02919
57.5553 0.789373 -0.449868 0.677408 1.0705
57.5872 0.775112 -0.442715 0.654697 1.11167
57.619 0.761168 -0.435162 0.630407 1.15264
57.6506 0.74755 -0.427224 0.60452 1.19332
57.6819 0.734267 -0.418917 0.577024 1.23362
57.7132 0.721326 -0.410255 0.547909 1.27347
57.7442 0.708735 -0.401254 0.517173 1.31276
57.775 0.696501 -0.391928 0.484816 1.35142
57.8057 0.68463 -0.382293 0.450845 1.38932
57.8362 0.673127 -0.372362 0.415274 1.42638
57.8665 0.661995 -0.362152 0.37812 1.46249
57.8966 0.65124 -0.351674 0.33941 1.49755
57.9265 0.640865 -0.340946 0.299175 1.53144
57.9563 0.630873 -0.329979 0.257456 1.56406
57.9859 0.621265 -0.318787 0.214299 1.59529
58.0154 0.612044 -0.307385 0.169759 1.62503
58.0447 0.603211 -0.295785 0.123896 1.65316
58.0738 0.594767 -0.284 0.0767823 1.67958
58.1027 0.586712 -0.272042 0.0284935 1.70417
58.1316 0.579047 -0.259924 -0.020885 1.72685
58.1602 0.571771 -0.247656 -0.0712612 1.7475
58.1887 0.564884 -0.235252 -0.122536 1.76603
58.2171 0.558385 -0.22272 -0.174603 1.78235
58.2454 0.552273 -0.210073 -0.22735 1.79637
58.2735 0.546546 -0.19732 -0.28066 1.80802
58.3014 0.541203 -0.18447 -0.334408 1.81722
58.3293 0.536242 -0.171534 -0.388466 1.82392
58.3571 0.531662 -0.15852 -0.442702 1.82805
58.3847 0.52746 -0.145438 -0.496981 1.82958
58.4122 0.523636 -0.132294 -0.551165 1.82846
58.4397 0.520186 -0.119097 -0.605114 1.82467
58.467 0.517108 -0.105855 -0.658688 1.81819
58.4943 0.514402 -0.0925738 -0.711745 1.80902
58.5215 0.512065 -0.0792615 -0.764147 1.79717
58.5486 0.510095 -0.0659241 -0.815754 1.78263
58.5757 0.508491 -0.0525679 -0.86643 1.76545
58.6027 0.507251 -0.0391989 -0.916043 1.74566
58.6297 0.506374 -0.0258229 -0.964463 1.72329
58.6566 0.505858 -0.0124457 -1.01156 1.69842
58.6836 0.505703 0.000927409 -1.05723 1.67109
58.7104 0.505908 0.0142909 -1.10134 1.64139
58.7373 0.506472 0.0276395 -1.1438 1.6094
58.7642 0.507394 0.040968 -1.18449 1.5752
58.7911 0.508675 0.0542708 -1.22334 1.53889
58.818 0.510314 0.0675427 -1.26024 1.50058
58.845 0.512312 0.0807783 -1.29512 1.46038
58.8719 0.514669 0.0939718 -1.32792 1.4184
58.8989 0.517385 0.107118 -1.35857 1.37477
58.926 0.520461 0.12021 -1.38702 1.3296
58.9531 0.523898 0.133242 -1.41323 1.28304
58.9803 0.527696 0.146207 -1.43715 1.23521
59.0075 0.531856 0.1591 -1.45877 1.18624
59.0349 0.53638 0.171912 -1.47807 1.13627
59.0623 0.541268 0.184637 -1.49504 1.08543
59.0898 0.546522 0.197266 -1.50967 1.03387
59.1174 0.552141 0.209793 -1.52198 0.981713
59.1451 0.558127 0.222208 -1.53199 0.929094
59.1729 0.564481 0.234502 -1.53971 0.876146
59.2009 0.571204 0.246667 -1.54518 0.822996
59.2289 0.578294 0.258694 -1.54844 0.769768
59.2571 0.585754 0.270571 -1.54953 0.716585
59.2854 0.593583 0.28229 -1.5485 0.663561
59.3139 0.601779 0.29384 -1.54541 0.61081
59.3425 0.610344 0.30521 -1.54031 0.558436
59.3712 0.619276 0.316388 -1.53328 0.506542
59.4001 0.628574 0.327364 -1.52438 0.455221
59.4291 0.638236 0.338125 -1.51369 0.404562
59.4583 0.64826 0.34866 -1.50127 0.354649
59.4876 0.658644 0.358956 -1.48721 0.305557
59.5171 0.669384 0.369001 -1.47158 0.257357
59.5468 0.680478 0.378782 -1.45446 0.210113
59.5766 0.691922 0.388285 -1.43593 0.163883
59.6066 0.70371 0.397498 -1.41607 0.118718
59.6368 0.715839 0.406408 -1.39497 0.0746633
59.6671 0.728303 0.415 -1.37269 0.03176
59.6976 0.741094 0.423262 -1.34932 -0.0099578
59.7283 0.754208 0.431179 -1.32493 -0.050461
59.7592 0.767635 0.438739 -1.29961 -0.0897255
59.7902 0.781369 0.445926 -1.27341 -0.127732
59.8215 0.7954 0.452729 -1.24643 -0.164465
59.8529 0.809719 0.459132 -1.21871 -0.199915
59.8844 0.824316 0.465123 -1.19033 -0.234075
59.9162 0.83918 0.470687 -1.16136 -0.266941
59.9481 0.8543 0.475813 -1.13185 -0.298514
59.9803 0.869662 0.480486 -1.10186 -0.328798
60.0126 0.885255 0.484694 -1.07146 -0.357797
60.045 0.901064 0.488425 -1.04069 -0.385522
60.0777 0.917075 0.491666 -1.0096 -0.411983
60.1105 0.933272 0.494405 -0.97825 -0.437192
60.1436 0.94964 0.496632 -0.946679 -0.461164
60.1768 0.966162 0.498335 -0.914931 -0.483916
60.2101 0.98282 0.499504 -0.883047 -0.505466
60.2437 0.999596 0.500129 -0.851065 -0.525831
60.2774 1.01647 0.500201 -0.819021 -0.545031
60.3113 1.03343 0.499711 -0.78695 -0.563087
60.3454 1.05044 0.498652 -0.754882 -0.580021
60.3797 1.06749 0.497016 -0.722846 -0.595853
60.4141 1.08456 0.494798 -0.690872 -0.610605
60.4486 1.10163 0.491991 -0.658982 -0.6243
60.4834 1.11866 0.488592 -0.627202 -0.63696
60.5183 1.13565 0.484597 -0.595553 -0.648607
60.5533 1.15256 0.480003 -0.564055 -0.659263
60.5885 1.16938 0.474809 -0.532727 -0.668952
60.6239 1.18607 0.469013 -0.501586 -0.677693
60.6594 1.20261 0.462618 -0.470647 -0.685509
60.6951 1.21898 0.455623 -0.439925 -0.692422
60.7308 1.23516 0.448033 -0.409433 -0.698452
60.7668 1.25112 0.43985 -0.379183 -0.703619
60.8028 1.26682 0.431081 -0.349186 -0.707944
60.839 1.28226 0.421731 -0.319451 -0.711445
60.8753 1.2974 0.411807 -0.289989 -0.714142
60.9118 1.31221 0.40132 -0.260806 -0.716053
60.9483 1.32668 0.390277 -0.23191 -0.717196
60.985 1.34078 0.378691 -0.203307 -0.717587
61.0217 1.35449 0.366574 -0.175004 -0.717244
61.0586 1.36778 0.353938 -0.147005 -0.716182
61.0956 1.38062 0.340799 -0.119316 -0.714417
61.1326 1.393 0.327172 -0.0919394 -0.711962
61.1698 1.4049 0.313074 -0.0648798 -0.708832
61.207 1.41629 0.298523 -0.0381402 -0.70504
61.2443 1.42715 0.283537 -0.0117235 -0.700599
61.2817 1.43747 0.268136 0.0143679 -0.69552
61.3192 1.44722 0.252341 0.0401317 -0.689814
61.3567 1.45639 0.236174 0.0655659 -0.683493
61.3943 1.46496 0.219656 0.0906688 -0.676566
61.4319 1.47291 0.202811 0.115439 -0.669042
61.4696 1.48023 0.185663 0.139874 -0.66093
61.5074 1.48692 0.168237 0.163973 -0.652238
61.5451 1.49294 0.150557 0.187735 -0.642972
61.583 1.4983 0.13265 0.211158 -0.63314
61.6208 1.50298 0.114541 0.234241 -0.622748
61.6587 1.50698 0.096258 0.256982 -0.611801
61.6966 1.51028 0.0778274 0.279379 -0.600303
61.7346 1.51288 0.0592767 0.301431 -0.588259
61.7725 1.51478 0.0406336 0.323135 -0.575673
61.8105 1.51597 0.0219261 0.34449 -0.562547
61.8485 1.51644 0.00318205 0.365493 -0.548884
61.8865 1.51621 -0.0155703 0.38614 -0.534686
61.9245 1.51526 -0.0343029 0.40643 -0.519955
61.9625 1.5136 -0.0529875 0.426358 -0.50469
62.0005 1.51123 -0.0715962 0.445921 -0.488893
62.0385 1.50816 -0.090101 0.465115 -0.472564
62.0765 1.50439 -0.108474 0.483933 -0.455702
62.1145 1.49992 -0.126689 0.502373 -0.438306
62.1524 1.49477 -0.144717 0.520427 -0.420375
62.1903 1.48894 -0.162532 0.538089 -0.401908
62.2282 1.48245 -0.180109 0.555353 -0.382902
62.2661 1.4753 -0.19742 0.572211 -0.363355
62.3039 1.4675 -0.214442 0.588655 -0.343265
62.3417 1.45908 -0.231148 0.604676 -0.322629
62.3795 1.45004 -0.247516 0.620264 -0.301445
62.4172 1.4404 -0.263521 0.63541 -0.279707
62.4548 1.43018 -0.279142 0.650102 -0.257415
62.4924 1.4194 -0.294356 0.664329 -0.234564
62.53 1.40807 -0.309143 0.678078 -0.211151
62.5675 1.39621 -0.323482 0.691335 -0.187173
62.6049 1.38384 -0.337354 0.704087 -0.162627
62.6422 1.37099 -0.350742 0.716318 -0.137508
62.6795 1.35768 -0.363628 0.728013 -0.111815
62.7166 1.34393 -0.375995 0.739153 -0.0855452
62.7537 1.32976 -0.387831 0.749722 -0.0586954
62.7907 1.3152 -0.399119 0.7597 -0.0312637
62.8276 1.30026 -0.409849 0.769069 -0.00324864
62.8644 1.28499 -0.420007 0.777806 0.025351
62.9011 1.26939 -0.429585 0.78589 0.0545356
62.9377 1.2535 -0.438572 0.793298 0.0843052
62.9742 1.23734 -0.446962 0.800007 0.114659
63.0106 1.22095 -0.454747 0.805992 0.145595
63.0468 1.20433 -0.461922 0.811227 0.17711
63.0829 1.18753 -0.468483 0.815685 0.209202
63.1189 1.17056 -0.474427 0.819339 0.241865
63.1547 1.15345 -0.479752 0.82216 0.275092
63.1904 1.13623 -0.484457 0.824119 0.308877
63.226 1.11893 -0.488543 0.825184 0.343211
63.2614 1.10156 -0.492012 0.825326 0.378083
63.2967 1.08415 -0.494867 0.824511 0.413481
63.3318 1.06673 -0.49711 0.822707 0.449389
63.3668 1.04932 -0.498748 0.819881 0.485793
63.4015 1.03195 -0.499785 0.815998 0.522674
63.4362 1.01463 -0.500229 0.811025 0.560011
63.4706 0.997386 -0.500087 0.804926 0.597781
63.5049 0.980244 -0.499369 0.797667 0.635957
63.539 0.963222 -0.498082 0.789212 0.674512
63.573 0.94634 -0.496237 0.779526 0.713413
63.6068 0.929618 -0.493844 0.768575 0.752627
63.6404 0.913072 -0.490916 0.756324 0.792114
63.6738 0.896722 -0.487464 0.742739 0.831834
63.707 0.880584 -0.4835 0.727788 0.871742
63.7401 0.864673 -0.479038 0.711439 0.91179
63.7729 0.849006 -0.47409 0.693661 0.951925
63.8056 0.833596 -0.46867 0.674426 0.99209
63.8381 0.818457 -0.462793 0.653707 1.03223
63.8704 0.803601 -0.456473 0.63148 1.07227
63.9025 0.789041 -0.449724 0.607722 1.11215
63.9345 0.774787 -0.442561 0.582416 1.1518
63.9662 0.76085 -0.434999 0.555546 1.19114
63.9978 0.747239 -0.427053 0.527101 1.23008
64.0292 0.733963 -0.418738 0.497073 1.26856
64.0604 0.72103 -0.410068 0.465459 1.30647
64.0914 0.708447 -0.401059 0.432261 1.34372
64.1223 0.696221 -0.391727 0.397487 1.38023
64.1529 0.684358 -0.382084 0.36115 1.41589
64.1834 0.672863 -0.372147 0.32327 1.4506
64.2137 0.66174 -0.36193 0.283871 1.48427
64.2438 0.650993 -0.351447 0.242987 1.51677
64.2737 0.640627 -0.340713 0.200656 1.54802
64.3035 0.630643 -0.32974 0.156925 1.5779
64.3331 0.621043 -0.318544 0.111847 1.6063
64.3626 0.611831 -0.307137 0.0654857 1.63313
64.3919 0.603007 -0.295533 0.0179083 1.65826
64.421 0.594571 -0.283744 -0.0308083 1.6816
64.4499 0.586525 -0.271782 -0.08058 1.70305
64.4787 0.578869 -0.25966 -0.131315 1.72251
64.5074 0.571601 -0.24739 -0.182916 1.73988
64.5359 0.564723 -0.234982 -0.235277 1.75508
64.5643 0.558232 -0.222448 -0.288286 1.76802
64.5925 0.552128 -0.209798 -0.341826 1.77862
64.6206 0.54641 -0.197042 -0.395774 1.78682
64.6486 0.541075 -0.184191 -0.450002 1.79255
64.6765 0.536123 -0.171253 -0.504378 1.79576
64.7042 0.531551 -0.158237 -0.558766 1.79639
64.7318 0.527358 -0.145153 -0.613029 1.79442
64.7594 0.523541 -0.132008 -0.667026 1.78982
64.7868 0.5201 -0.11881 -0.720617 1.78256
64.8142 0.517031 -0.105567 -0.77366 1.77265
64.8414 0.514333 -0.0922852 -0.826014 1.76008
64.8686 0.512003 -0.0789721 -0.877541 1.74487
64.8958 0.510042 -0.0656342 -0.928102 1.72704
64.9228 0.508446 -0.0522776 -0.977564 1.70663
64.9498 0.507213 -0.0389083 -1.0258 1.68368
64.9768 0.506344 -0.0255323 -1.07267 1.65824
65.0038 0.505836 -0.012155 -1.11807 1.63038
65.0307 0.505689 0.00121799 -1.16188 1.60017
65.0576 0.505902 0.0145813 -1.20399 1.56769
65.0845 0.506473 0.0279296 -1.24429 1.53302
65.1113 0.507403 0.0412575 -1.2827 1.49627
65.1382 0.508692 0.0545598 -1.31912 1.45753
65.1651 0.510339 0.0678311 -1.35348 1.41692
65.1921 0.512345 0.0810658 -1.3857 1.37456
65.2191 0.514709 0.0942584 -1.41573 1.33055
65.2461 0.517433 0.107403 -1.4435 1.28503
65.2731 0.520517 0.120494 -1.46899 1.23813
65.3002 0.523961 0.133525 -1.49214 1.18998
65.3274 0.527767 0.146489 -1.51294 1.1407
65.3547 0.531935 0.15938 -1.53136 1.09044
65.382 0.536467 0.17219 -1.54741 1.03933
65.4094 0.541363 0.184913 -1.56107 0.987511
65.4369 0.546624 0.197541 -1.57236 0.935114
65.4645 0.552251 0.210065 -1.58129 0.882273
65.4922 0.558246 0.222477 -1.58789 0.829121
65.5201 0.564608 0.234769 -1.5922 0.775787
65.548 0.571338 0.246932 -1.59425 0.722396
65.5761 0.578436 0.258955 -1.59408 0.669072
65.6042 0.585904 0.270829 -1.59175 0.615931
65.6326 0.59374 0.282545 -1.58732 0.563086
65.661 0.601945 0.294091 -1.58085 0.510645
65.6896 0.610518 0.305457 -1.57241 0.458711
65.7183 0.619457 0.316631 -1.56207 0.407379
65.7472 0.628763 0.327603 -1.5499 0.35674
65.7762 0.638432 0.33836 -1.53598 0.306877
65.8054 0.648464 0.34889 -1.52039 0.257869
65.8348 0.658856 0.359181 -1.50322 0.209787
65.8643 0.669604 0.36922 -1.48453 0.162695
65.894 0.680705 0.378995 -1.46443 0.116652
65.9238 0.692156 0.388493 -1.44298 0.0717115
65.9538 0.703952 0.3977 -1.42028 0.0279189
65.984 0.716088 0.406603 -1.3964 -0.0146851
66.0143 0.728558 0.415188 -1.37143 -0.0560656
66.0448 0.741357 0.423443 -1.34544 -0.0961933
66.0755 0.754477 0.431353 -1.31852 -0.135044
66.1064 0.767911 0.438905 -1.29074 -0.172599
66.1374 0.781652 0.446085 -1.26218 -0.208842
66.1686 0.795689 0.452879 -1.23291 -0.243765
66.2 0.810014 0.459274 -1.20299 -0.277361
66.2316 0.824617 0.465256 -1.17249 -0.309627
66.2634 0.839487 0.470812 -1.14148 -0.340565
66.2953 0.854611 0.475928 -1.11002 -0.370178
66.3275 0.869979 0.480592 -1.07817 -0.398475
66.3598 0.885577 0.48479 -1.04599 -0.425464
66.3923 0.90139 0.488511 -1.01352 -0.451157
66.4249 0.917405 0.491742 -0.980817 -0.47557
66.4578 0.933606 0.494471 -0.947929 -0.498717
66.4908 0.949978 0.496687 -0.914901 -0.520616
66.524 0.966503 0.498379 -0.881775 -0.541287
66.5574 0.983163 0.499537 -0.84859 -0.560749
66.5909 0.999942 0.50015 -0.815383 -0.579023
66.6247 1.01682 0.500211 -0.782189 -0.596132
66.6586 1.03378 0.499709 -0.74904 -0.612098
66.6927 1.05079 0.498639 -0.715966 -0.626944
66.7269 1.06784 0.496991 -0.682995 -0.640693
66.7613 1.08491 0.494761 -0.650154 -0.653369
66.7959 1.10198 0.491942 -0.617465 -0.664996
66.8306 1.11901 0.488531 -0.584951 -0.675597
66.8655 1.136 0.484524 -0.552633 -0.685196
66.9006 1.15291 0.479917 -0.520528 -0.693817
66.9358 1.16972 0.47471 -0.488655 -0.701482
66.9712 1.18641 0.468903 -0.457028 -0.708215
67.0067 1.20295 0.462495 -0.425663 -0.714038
67.0423 1.21932 0.455488 -0.394571 -0.718974
67.0781 1.23549 0.447885 -0.363765 -0.723043
67.114 1.25144 0.439691 -0.333255 -0.726268
67.1501 1.26715 0.430909 -0.303051 -0.728667
67.1863 1.28258 0.421547 -0.273162 -0.730263
67.2226 1.29771 0.411613 -0.243595 -0.731073
67.259 1.31252 0.401113 -0.214357 -0.731117
67.2956 1.32698 0.39006 -0.185454 -0.730413
67.3323 1.34108 0.378462 -0.156892 -0.728978
67.369 1.35477 0.366334 -0.128675 -0.72683
67.4059 1.36805 0.353688 -0.100807 -0.723983
67.4429 1.38089 0.340539 -0.0732926 -0.720454
67.4799 1.39326 0.326902 -0.0461344 -0.716258
67.5171 1.40514 0.312795 -0.0193351 -0.711408
67.5543 1.41652 0.298235 0.0071028 -0.705918
67.5916 1.42738 0.28324 0.0331774 -0.6998
67.629 1.43768 0.267831 0.0588869 -0.693067
67.6665 1.44742 0.252028 0.0842297 -0.68573
67.704 1.45658 0.235853 0.109205 -0.6778
67.7416 1.46513 0.219328 0.133811 -0.669286
67.7792 1.47308 0.202476 0.158046 -0.660197
67.8169 1.48039 0.185323 0.181911 -0.650543
67.8546 1.48706 0.167891 0.205404 -0.640332
67.8924 1.49307 0.150206 0.228523 -0.62957
67.9303 1.49841 0.132294 0.251269 -0.618264
67.9681 1.50308 0.114181 0.273639 -0.606421
68.006 1.50706 0.0958948 0.295633 -0.594045
68.0439 1.51035 0.0774612 0.317249 -0.581143
68.0819 1.51294 0.0589082 0.338486 -0.567717
68.1198 1.51482 0.0402633 0.359342 -0.553772
68.1578 1.516 0.0215545 0.379815 -0.53931
68.1958 1.51646 0.00280978 0.399902 -0.524335
68.2338 1.51621 -0.0159427 0.419601 -0.508849
68.2718 1.51525 -0.0346748 0.438909 -0.492852
68.3098 1.51357 -0.0533585 0.457823 -0.476347
68.3478 1.51119 -0.0719656 0.476338 -0.459334
68.3858 1.50811 -0.0904684 0.49445 -0.441812
68.4238 1.50432 -0.108839 0.512155 -0.423783
68.4617 1.49984 -0.12705 0.529448 -0.405245
68.4997 1.49468 -0.145075 0.546322 -0.386198
68.5376 1.48884 -0.162886 0.56277 -0.36664
68.5755 1.48233 -0.180458 0.578787 -0.346569
68.6134 1.47516 -0.197764 0.594365 -0.325985
68.6512 1.46736 -0.21478 0.609495 -0.304884
68.689 1.45892 -0.23148 0.624167 -0.283266
68.7268 1.44987 -0.247841 0.638374 -0.261127
68.7645 1.44022 -0.263839 0.652103 -0.238465
68.8021 1.42999 -0.279453 0.665345 -0.215277
68.8397 1.41919 -0.294659 0.678086 -0.191562
68.8772 1.40785 -0.309437 0.690315 -0.167315
68.9147 1.39598 -0.323767 0.702017 -0.142536
68.9521 1.38361 -0.33763 0.713178 -0.117222
68.9895 1.37075 -0.351008 0.723783 -0.0913694
69.0267 1.35743 -0.363884 0.733816 -0.0649778
69.0639 1.34367 -0.376242 0.743259 -0.0380451
69.101 1.32949 -0.388067 0.752095 -0.01057
69.138 1.31492 -0.399345 0.760304 0.0174483
69.1749 1.29998 -0.410064 0.767867 0.0460103
69.2117 1.28469 -0.420211 0.774763 0.0751155
69.2484 1.26909 -0.429778 0.780969 0.104763
69.285 1.2532 -0.438754 0.786464 0.134952
69.3215 1.23704 -0.447132 0.791224 0.165679
69.3578 1.22063 -0.454905 0.795223 0.196942
69.394 1.20401 -0.462069 0.798437 0.228735
69.4302 1.18721 -0.468618 0.800839 0.261054
69.4661 1.17023 -0.47455 0.802401 0.293892
69.502 1.15313 -0.479863 0.803096 0.327241
69.5377 1.1359 -0.484556 0.802894 0.361091
69.5732 1.1186 -0.48863 0.801766 0.395433
69.6086 1.10123 -0.492088 0.799681 0.430252
69.6439 1.08382 -0.49493 0.796608 0.465535
69.679 1.0664 -0.497162 0.792515 0.501266
69.714 1.04899 -0.498788 0.787369 0.537425
69.7488 1.03162 -0.499814 0.781139 0.573994
69.7834 1.0143 -0.500247 0.77379 0.610947
69.8178 0.997057 -0.500094 0.765291 0.648261
69.8521 0.979917 -0.499364 0.755606 0.685907
69.8862 0.962897 -0.498066 0.744704 0.723855
69.9202 0.946018 -0.496211 0.732552 0.762069
69.954 0.929298 -0.493808 0.719115 0.800515
69.9875 0.912756 -0.49087 0.704364 0.83915
70.0209 0.89641 -0.487407 0.688267 0.877933
70.0542 0.880275 -0.483434 0.670793 0.916816
70.0872 0.864369 -0.478962 0.651915 0.955749
70.1201 0.848706 -0.474005 0.631604 0.994677
70.1528 0.833301 -0.468577 0.609838 1.03354
70.1853 0.818167 -0.462691 0.586592 1.07228
70.2176 0.803317 -0.456363 0.561846 1.11083
70.2497 0.788762 -0.449606 0.535583 1.14913
70.2816 0.774514 -0.442435 0.507789 1.18709
70.3134 0.760583 -0.434866 0.478454 1.22464
70.3449 0.746978 -0.426912 0.447571 1.26169
70.3763 0.733708 -0.41859 0.415139 1.29818
70.4075 0.720782 -0.409914 0.38116 1.334
70.4385 0.708205 -0.400899 0.345641 1.36906
70.4694 0.695986 -0.39156 0.308598 1.40328
70.5 0.68413 -0.381912 0.270049 1.43655
70.5305 0.672641 -0.371969 0.23002 1.46877
70.5608 0.661525 -0.361747 0.188542 1.49985
70.5909 0.650786 -0.351259 0.145656 1.52969
70.6208 0.640426 -0.34052 0.101407 1.55816
70.6506 0.630449 -0.329543 0.0558481 1.58519
70.6802 0.620857 -0.318343 0.00904062 1.61065
70.7097 0.611652 -0.306932 -0.0389474 1.63445
70.7389 0.602835 -0.295324 -0.0880404 1.65649
70.768 0.594406 -0.283532 -0.138155 1.67667
70.797 0.586367 -0.271567 -0.189202 1.69489
70.8258 0.578718 -0.259442 -0.241082 1.71106
70.8545 0.571458 -0.247169 -0.293691 1.72509
70.883 0.564587 -0.234758 -0.34692 1.7369
70.9113 0.558103 -0.222222 -0.400651 1.74642
70.9396 0.552006 -0.20957 -0.454761 1.75357
70.9677 0.546295 -0.196812 -0.509123 1.75829
70.9957 0.540967 -0.183959 -0.563606 1.76053
71.0235 0.536022 -0.17102 -0.618075 1.76024
71.0513 0.531457 -0.158003 -0.67239 1.75738
71.0789 0.527271 -0.144917 -0.726413 1.75193
71.1064 0.523461 -0.131771 -0.780002 1.74387
71.1339 0.520026 -0.118572 -0.833015 1.73319
71.1612 0.516964 -0.105328 -0.88531 1.71989
71.1885 0.514272 -0.0920459 -0.936747 1.70399
71.2157 0.51195 -0.0787323 -0.987188 1.6855
71.2428 0.509995 -0.0653939 -1.0365 1.66446
71.2699 0.508405 -0.052037 -1.08454 1.64091
71.2969 0.50718 -0.0386675 -1.1312 1.61491
71.3239 0.506317 -0.0252913 -1.17634 1.58651
71.3508 0.505816 -0.011914 -1.21986 1.55579
71.3777 0.505675 0.00145887 -1.26163 1.52283
71.4046 0.505894 0.014822 -1.30156 1.48771
71.4315 0.506472 0.02817 -1.33956 1.45052
71.4584 0.507409 0.0414976 -1.37552 1.41138
71.4853 0.508704 0.0547994 -1.40938 1.37038
71.5122 0.510357 0.0680701 -1.44106 1.32765
71.5391 0.512369 0.0813042 -1.47049 1.2833
71.5661 0.51474 0.094496 -1.49763 1.23745
71.5931 0.51747 0.10764 -1.52243 1.19024
71.6201 0.52056 0.12073 -1.54485 1.1418
71.6473 0.524011 0.133759 -1.56486 1.09226
71.6744 0.527824 0.146722 -1.58246 1.04175
71.7017 0.531998 0.159612 -1.59762 0.990408
71.729 0.536537 0.172421 -1.61035 0.938375
71.7564 0.541439 0.185142 -1.62066 0.885784
71.7839 0.546707 0.197768 -1.62857 0.83277
71.8116 0.55234 0.210291 -1.63409 0.779465
71.8393 0.558341 0.222701 -1.63728 0.725999
71.8671 0.56471 0.234991 -1.63816 0.6725
71.895 0.571446 0.247151 -1.63678 0.619089
71.9231 0.578551 0.259172 -1.6332 0.565886
71.9513 0.586025 0.271044 -1.62747 0.513006
71.9796 0.593868 0.282757 -1.61967 0.460556
72.008 0.602079 0.2943 -1.60986 0.40864
72.0366 0.610659 0.305662 -1.59811 0.357356
72.0654 0.619605 0.316833 -1.5845 0.306795
72.0943 0.628917 0.327801 -1.56912 0.257043
72.1233 0.638593 0.338554 -1.55204 0.208178
72.1525 0.648631 0.34908 -1.53336 0.160272
72.1818 0.659028 0.359367 -1.51314 0.113392
72.2113 0.669783 0.369402 -1.49149 0.0675969
72.241 0.68089 0.379173 -1.46849 0.0229401
72.2708 0.692347 0.388665 -1.44422 -0.0205316
72.3008 0.704149 0.397867 -1.41877 -0.0627771
72.331 0.716291 0.406765 -1.39222 -0.103761
72.3614 0.728767 0.415345 -1.36466 -0.143455
72.3919 0.741572 0.423594 -1.33617 -0.181834
72.4226 0.754697 0.431499 -1.30683 -0.218879
72.4534 0.768137 0.439044 -1.27672 -0.254576
72.4845 0.781883 0.446218 -1.2459 -0.288914
72.5157 0.795925 0.453005 -1.21447 -0.32189
72.5471 0.810255 0.459393 -1.18247 -0.3535
72.5787 0.824863 0.465368 -1.14998 -0.383747
72.6105 0.839737 0.470917 -1.11707 -0.412636
72.6424 0.854866 0.476025 -1.0838 -0.440174
72.6745 0.870238 0.480681 -1.05021 -0.466374
72.7069 0.88584 0.484872 -1.01638 -0.491248
72.7393 0.901657 0.488584 -0.982346 -0.514812
72.772 0.917675 0.491807 -0.948162 -0.537082
72.8049 0.93388 0.494527 -0.913873 -0.558078
72.8379 0.950254 0.496735 -0.879524 -0.577821
72.8711 0.966782 0.498418 -0.845156 -0.596332
72.9045 0.983445 0.499566 -0.810806 -0.613633
72.938 1.00023 0.500171 -0.77651 -0.629748
72.9718 1.0171 0.500222 -0.742301 -0.644701
73.0057 1.03406 0.499711 -0.708211 -0.658516
73.0398 1.05108 0.49863 -0.674266 -0.671219
73.074 1.06813 0.496973 -0.640495 -0.682835
73.1084 1.0852 0.494733 -0.60692 -0.693388
73.143 1.10227 0.491904 -0.573565 -0.702904
73.1778 1.1193 0.488483 -0.54045 -0.711408
73.2127 1.13629 0.484466 -0.507594 -0.718925
73.2477 1.1532 0.479849 -0.475013 -0.72548
73.2829 1.17001 0.474632 -0.442724 -0.731096
73.3183 1.18669 0.468815 -0.41074 -0.735798
73.3538 1.20323 0.462397 -0.379075 -0.739609
73.3895 1.2196 0.45538 -0.347739 -0.742551
73.4253 1.23577 0.447767 -0.316743 -0.744648
73.4612 1.25171 0.439563 -0.286097 -0.74592
73.4972 1.26741 0.430771 -0.255809 -0.74639
73.5334 1.28284 0.4214 -0.225885 -0.746076
73.5698 1.29797 0.411455 -0.196333 -0.745
73.6062 1.31277 0.400947 -0.167157 -0.743181
73.6427 1.32723 0.389884 -0.138364 -0.740636
73.6794 1.34131 0.378278 -0.109957 -0.737384
73.7162 1.355 0.366141 -0.0819395 -0.733442
73.753 1.36828 0.353486 -0.0543152 -0.728826
73.79 1.3811 0.340329 -0.0270865 -0.723551
73.8271 1.39347 0.326684 -0.000255631 -0.717633
73.8642 1.40535 0.312569 0.0261756 -0.711086
73.9015 1.41672 0.298001 0.0522056 -0.703923
73.9388 1.42756 0.282999 0.0778333 -0.696158
73.9762 1.43786 0.267583 0.103058 -0.687801
74.0136 1.44759 0.251773 0.127878 -0.678865
74.0511 1.45674 0.235592 0.152294 -0.66936
74.0887 1.46528 0.219062 0.176304 -0.659296
74.1264 1.47321 0.202205 0.199908 -0.648683
74.1641 1.48052 0.185046 0.223107 -0.637529
74.2018 1.48717 0.16761 0.245898 -0.625842
74.2396 1.49317 0.149921 0.268283 -0.61363
74.2774 1.49851 0.132005 0.29026 -0.600898
74.3153 1.50317 0.113889 0.311828 -0.587655
74.3532 1.50714 0.0955998 0.332987 -0.573904
74.3911 1.51041 0.0771638 0.353736 -0.55965
74.429 1.51299 0.0586088 0.374073 -0.544899
74.467 1.51486 0.0399624 0.393997 -0.529654
74.505 1.51602 0.0212525 0.413506 -0.513918
74.543 1.51648 0.00250722 0.432597 -0.497694
74.581 1.51621 -0.0162454 0.451269 -0.480984
74.619 1.51524 -0.0349773 0.469519 -0.463789
74.657 1.51356 -0.0536602 0.487342 -0.446112
74.695 1.51116 -0.0722661 0.504735 -0.427954
74.733 1.50807 -0.0907672 0.521695 -0.409314
74.7709 1.50427 -0.109136 0.538215 -0.390192
74.8089 1.49978 -0.127344 0.554292 -0.37059
74.8468 1.4946 -0.145366 0.569918 -0.350505
74.8848 1.48875 -0.163174 0.585088 -0.329937
74.9227 1.48223 -0.180742 0.599794 -0.308886
74.9605 1.47506 -0.198044 0.614029 -0.287349
74.9984 1.46724 -0.215055 0.627785 -0.265326
75.0361 1.4588 -0.23175 0.641051 -0.242815
75.0739 1.44974 -0.248106 0.653819 -0.219814
75.1116 1.44008 -0.264099 0.666078 -0.196321
75.1493 1.42984 -0.279706 0.677816 -0.172334
75.1868 1.41903 -0.294905 0.689022 -0.147852
75.2244 1.40768 -0.309677 0.699682 -0.122873
75.2619 1.3958 -0.324 0.709783 -0.0973951
75.2993 1.38342 -0.337856 0.719309 -0.0714173
75.3366 1.37055 -0.351226 0.728247 -0.0449383
75.3738 1.35722 -0.364094 0.736579 -0.0179571
75.411 1.34346 -0.376444 0.744288 0.00952672
75.4481 1.32927 -0.388261 0.751356 0.0375134
75.4851 1.31469 -0.39953 0.757765 0.0660025
75.522 1.29975 -0.41024 0.763493 0.0949932
75.5588 1.28446 -0.420378 0.768521 0.124484
75.5955 1.26885 -0.429936 0.772827 0.154472
75.6321 1.25295 -0.438903 0.776388 0.184956
75.6686 1.23679 -0.447271 0.77918 0.21593
75.7049 1.22038 -0.455035 0.78118 0.24739
75.7412 1.20376 -0.462189 0.782362 0.27933
75.7773 1.18695 -0.468729 0.782699 0.311742
75.8132 1.16997 -0.474651 0.782166 0.34462
75.8491 1.15286 -0.479955 0.780734 0.377952
75.8848 1.13564 -0.484638 0.778375 0.411728
75.9203 1.11833 -0.488703 0.77506 0.445935
75.9557 1.10096 -0.492151 0.77076 0.480559
75.991 1.08355 -0.494984 0.765443 0.515582
76.0261 1.06613 -0.497206 0.75908 0.550987
76.061 1.04872 -0.498823 0.751639 0.586754
76.0958 1.03135 -0.49984 0.743089 0.622859
76.1305 1.01403 -0.500263 0.733398 0.659277
76.1649 0.996791 -0.500102 0.722535 0.695982
76.1992 0.979652 -0.499363 0.710469 0.732943
76.2333 0.962635 -0.498056 0.697168 0.770127
76.2672 0.945758 -0.496192 0.6826 0.807498
76.301 0.92904 -0.493781 0.666738 0.845017
76.3346 0.912501 -0.490835 0.64955 0.882643
76.368 0.896157 -0.487365 0.631009 0.920329
76.4012 0.880026 -0.483383 0.611088 0.958027
76.4343 0.864124 -0.478904 0.589761 0.995686
76.4671 0.848464 -0.47394 0.567006 1.03325
76.4998 0.833063 -0.468504 0.542801 1.07065
76.5323 0.817933 -0.462612 0.517127 1.10784
76.5646 0.803087 -0.456277 0.489968 1.14475
76.5967 0.788537 -0.449513 0.461311 1.18129
76.6287 0.774293 -0.442336 0.431147 1.21741
76.6604 0.760367 -0.434761 0.399471 1.25302
76.692 0.746767 -0.426802 0.366282 1.28804
76.7233 0.733502 -0.418474 0.331582 1.32238
76.7545 0.720581 -0.409792 0.295381 1.35597
76.7855 0.70801 -0.400772 0.257693 1.3887
76.8164 0.695796 -0.391428 0.218536 1.42049
76.847 0.683945 -0.381776 0.177936 1.45124
76.8775 0.672462 -0.371829 0.135927 1.48085
76.9078 0.661351 -0.361602 0.0925448 1.50922
76.9379 0.650617 -0.351111 0.0478366 1.53626
76.9678 0.640263 -0.340368 0.00185477 1.56186
76.9976 0.630292 -0.329388 -0.0453409 1.58592
77.0272 0.620706 -0.318184 -0.0936831 1.60834
77.0566 0.611506 -0.30677 -0.143097 1.62903
77.0859 0.602695 -0.295159 -0.193501 1.64789
77.115 0.594272 -0.283364 -0.244806 1.66483
77.144 0.586239 -0.271396 -0.296914 1.67975
77.1728 0.578595 -0.259269 -0.349724 1.69257
77.2014 0.571341 -0.246994 -0.403124 1.70321
77.2299 0.564475 -0.234581 -0.457 1.7116
77.2583 0.557997 -0.222043 -0.51123 1.71766
77.2865 0.551906 -0.209389 -0.565687 1.72133
77.3146 0.5462 -0.19663 -0.62024 1.72257
77.3426 0.540878 -0.183776 -0.674755 1.72132
77.3705 0.535938 -0.170835 -0.729092 1.71754
77.3982 0.531379 -0.157817 -0.783113 1.71122
77.4258 0.527198 -0.14473 -0.836675 1.70232
77.4534 0.523394 -0.131583 -0.889637 1.69085
77.4808 0.519964 -0.118384 -0.941856 1.67679
77.5081 0.516908 -0.105139 -0.99319 1.66017
77.5354 0.514222 -0.091856 -1.0435 1.64101
77.5626 0.511905 -0.078542 -1.09265 1.61933
77.5897 0.509955 -0.0652032 -1.14051 1.59518
77.6168 0.50837 -0.051846 -1.18695 1.5686
77.6438 0.50715 -0.0384764 -1.23185 1.53966
77.6708 0.506293 -0.0251001 -1.27508 1.50843
77.6977 0.505796 -0.0117228 -1.31653 1.47499
77.7246 0.505661 0.00165005 -1.35611 1.43941
77.7515 0.505885 0.015013 -1.39371 1.40181
77.7784 0.506468 0.0283608 -1.42924 1.36226
77.8053 0.50741 0.0416881 -1.46262 1.32089
77.8322 0.50871 0.0549896 -1.49378 1.27781
77.8591 0.510369 0.0682598 -1.52266 1.23314
77.886 0.512386 0.0814934 -1.5492 1.18699
77.913 0.514762 0.0946846 -1.57334 1.1395
77.94 0.517497 0.107828 -1.59507 1.0908
77.9671 0.520592 0.120917 -1.61434 1.04102
77.9942 0.524048 0.133946 -1.63114 0.990298
78.0214 0.527866 0.146908 -1.64546 0.938765
78.0486 0.532045 0.159796 -1.65731 0.88656
78.0759 0.536589 0.172604 -1.66669 0.833818
78.1034 0.541496 0.185324 -1.67361 0.780675
78.1309 0.546769 0.197949 -1.67811 0.727263
78.1585 0.552408 0.21047 -1.68022 0.673714
78.1862 0.558414 0.222879 -1.67998 0.620154
78.214 0.564787 0.235167 -1.67744 0.566708
78.242 0.571529 0.247325 -1.67265 0.513496
78.27 0.578639 0.259344 -1.66567 0.460632
78.2982 0.586118 0.271214 -1.65658 0.408227
78.3265 0.593966 0.282925 -1.64544 0.356384
78.355 0.602183 0.294466 -1.63234 0.305204
78.3836 0.610767 0.305826 -1.61734 0.254777
78.4123 0.619718 0.316994 -1.60054 0.205191
78.4412 0.629035 0.327959 -1.58201 0.156526
78.4702 0.638716 0.338709 -1.56185 0.108854
78.4994 0.648759 0.349232 -1.54015 0.0622429
78.5288 0.659162 0.359516 -1.51699 0.0167525
78.5583 0.669921 0.369548 -1.49246 -0.0275633
78.588 0.681034 0.379314 -1.46666 -0.0706569
78.6178 0.692496 0.388803 -1.43966 -0.112487
78.6478 0.704302 0.398001 -1.41158 -0.153018
78.678 0.716449 0.406895 -1.38247 -0.192221
78.7083 0.728929 0.415471 -1.35245 -0.230071
78.7388 0.741738 0.423715 -1.32157 -0.266551
78.7695 0.754868 0.431615 -1.28993 -0.301644
78.8004 0.768312 0.439156 -1.25761 -0.335343
78.8315 0.782062 0.446324 -1.22468 -0.367643
78.8627 0.796109 0.453107 -1.19121 -0.398543
78.8941 0.810443 0.459489 -1.15727 -0.428044
78.9257 0.825054 0.465459 -1.12293 -0.456155
78.9574 0.839932 0.471001 -1.08825 -0.482883
78.9894 0.855065 0.476104 -1.05329 -0.508241
79.0215 0.87044 0.480754 -1.01812 -0.532243
79.0538 0.886044 0.484938 -0.982773 -0.554907
79.0863 0.901865 0.488645 -0.947314 -0.57625
79.119 0.917886 0.49186 -0.911788 -0.596294
79.1518 0.934093 0.494574 -0.876239 -0.61506
79.1849 0.950469 0.496775 -0.84071 -0.632571
79.2181 0.966999 0.498451 -0.805239 -0.648852
79.2515 0.983664 0.499592 -0.769864 -0.663927
79.285 1.00045 0.50019 -0.734619 -0.677823
79.3188 1.01733 0.500233 -0.699535 -0.690564
79.3527 1.03428 0.499715 -0.664641 -0.702179
79.3868 1.0513 0.498627 -0.629964 -0.712692
79.421 1.06836 0.496962 -0.595528 -0.722132
79.4554 1.08543 0.494714 -0.561357 -0.730524
79.49 1.10249 0.491878 -0.527471 -0.737896
79.5247 1.11953 0.488449 -0.493888 -0.744273
79.5597 1.13651 0.484424 -0.460626 -0.749682
79.5947 1.15342 0.479799 -0.427701 -0.754148
79.6299 1.17023 0.474575 -0.395126 -0.757697
79.6653 1.18691 0.468749 -0.362914 -0.760352
79.7008 1.20345 0.462323 -0.331077 -0.762139
79.7365 1.21982 0.455299 -0.299623 -0.763081
79.7723 1.23598 0.447678 -0.268563 -0.7632
79.8082 1.25192 0.439466 -0.237903 -0.762519
79.8443 1.26762 0.430667 -0.207651 -0.76106
79.8804 1.28304 0.421288 -0.177814 -0.758843
79.9168 1.29817 0.411336 -0.148395 -0.755889
79.9532 1.31297 0.40082 -0.119399 -0.752217
79.9897 1.32742 0.38975 -0.0908308 -0.747845
80.0264 1.3415 0.378137 -0.0626927 -0.742792
80.0632 1.35519 0.365993 -0.0349874 -0.737076
80.1001 1.36845 0.353332 -0.007717 -0.730712
80.137 1.38128 0.340168 0.0191169 -0.723716
80.1741 1.39363 0.326517 0.045513 -0.716103
80.2112 1.40551 0.312396 0.0714705 -0.707888
80.2485 1.41687 0.297822 0.0969886 -0.699085
80.2858 1.42771 0.282814 0.122067 -0.689705
80.3232 1.438 0.267393 0.146706 -0.679761
80.3606 1.44772 0.251579 0.170904 -0.669264
80.3982 1.45686 0.235393 0.194663 -0.658226
80.4357 1.4654 0.218858 0.217981 -0.646656
80.4734 1.47332 0.201997 0.24086 -0.634563
80.5111 1.48062 0.184834 0.2633 -0.621957
80.5488 1.48727 0.167394 0.2853 -0.608844
80.5866 1.49326 0.149702 0.30686 -0.595233
80.6244 1.49859 0.131783 0.327981 -0.58113
80.6623 1.50323 0.113665 0.348661 -0.566542
80.7002 1.5072 0.095373 0.368901 -0.551473
80.7381 1.51046 0.0769351 0.3887 -0.535929
80.776 1.51303 0.0583786 0.408056 -0.519915
80.814 1.5149 0.039731 0.426969 -0.503433
80.852 1.51605 0.0210202 0.445436 -0.486488
80.89 1.51649 0.00227436 0.463457 -0.469082
80.928 1.51622 -0.0164785 0.481027 -0.451218
80.966 1.51524 -0.0352101 0.498145 -0.432898
81.004 1.51355 -0.0538925 0.514807 -0.414123
81.042 1.51114 -0.0724975 0.53101 -0.394895
81.08 1.50804 -0.0909974 0.546749 -0.375213
81.1179 1.50423 -0.109364 0.56202 -0.355079
81.1559 1.49973 -0.127571 0.576816 -0.334493
81.1938 1.49455 -0.145591 0.591134 -0.313454
81.2318 1.48869 -0.163396 0.604965 -0.291962
81.2697 1.48216 -0.180961 0.618302 -0.270017
81.3075 1.47498 -0.19826 0.631139 -0.247617
81.3454 1.46716 -0.215268 0.643466 -0.224763
81.3831 1.4587 -0.231959 0.655274 -0.201451
81.4209 1.44963 -0.248311 0.666553 -0.177683
81.4586 1.43997 -0.264299 0.677293 -0.153456
81.4962 1.42972 -0.279901 0.687482 -0.128769
81.5338 1.41891 -0.295096 0.697108 -0.103622
81.5714 1.40755 -0.309862 0.706158 -0.078013
81.6089 1.39567 -0.32418 0.714618 -0.0519419
81.6463 1.38328 -0.33803 0.722474 -0.0254081
81.6836 1.37041 -0.351395 0.729709 0.00158862
81.7208 1.35707 -0.364257 0.736308 0.0290481
81.758 1.3433 -0.376601 0.742254 0.0569699
81.7951 1.32911 -0.388411 0.747528 0.0853528
81.8321 1.31452 -0.399674 0.752111 0.114195
81.869 1.29957 -0.410377 0.755984 0.143495
81.9058 1.28428 -0.420509 0.759126 0.17325
81.9425 1.26867 -0.430059 0.761516 0.203456
81.9791 1.25277 -0.439019 0.76313 0.234108
82.0155 1.2366 -0.447381 0.763946 0.265201
82.0519 1.22019 -0.455138 0.763941 0.296729
82.0881 1.20357 -0.462284 0.763088 0.328684
82.1242 1.18675 -0.468817 0.761362 0.361058
82.1602 1.16978 -0.474732 0.758738 0.39384
82.196 1.15266 -0.480028 0.755188 0.427019
82.2317 1.13544 -0.484704 0.750684 0.460582
82.2673 1.11813 -0.488762 0.745199 0.494514
82.3027 1.10076 -0.492202 0.738703 0.528799
82.3379 1.08335 -0.495028 0.731168 0.563419
82.373 1.06593 -0.497243 0.722564 0.598354
82.408 1.04852 -0.498853 0.71286 0.63358
82.4428 1.03114 -0.499863 0.702029 0.669074
82.4774 1.01383 -0.500279 0.690039 0.704809
82.5118 0.996589 -0.500111 0.67686 0.740754
82.5461 0.979452 -0.499365 0.662464 0.776879
82.5802 0.962435 -0.498052 0.646821 0.813147
82.6142 0.94556 -0.496182 0.629902 0.849522
82.6479 0.928844 -0.493765 0.611681 0.885962
82.6815 0.912307 -0.490812 0.592131 0.922423
82.7149 0.895966 -0.487336 0.571226 0.95886
82.7482 0.879837 -0.483349 0.548942 0.99522
82.7812 0.863937 -0.478863 0.525259 1.03145
82.814 0.84828 -0.473894 0.500155 1.06749
82.8467 0.832882 -0.468453 0.473614 1.10329
82.8792 0.817755 -0.462555 0.445621 1.13878
82.9115 0.802912 -0.456215 0.416163 1.17388
82.9436 0.788365 -0.449446 0.385234 1.20853
82.9756 0.774125 -0.442265 0.352828 1.24266
83.0073 0.760202 -0.434685 0.318945 1.27619
83.0389 0.746606 -0.426721 0.283588 1.30903
83.0702 0.733345 -0.418389 0.246768 1.3411
83.1014 0.720427 -0.409704 0.208497 1.37232
83.1324 0.70786 -0.40068 0.168796 1.40259
83.1633 0.69565 -0.391332 0.12769 1.43182
83.1939 0.683803 -0.381676 0.0852101 1.45992
83.2244 0.672324 -0.371726 0.0413953 1.4868
83.2547 0.661218 -0.361496 -0.00370986 1.51236
83.2848 0.650488 -0.351001 -0.0500535 1.53649
83.3147 0.640138 -0.340256 -0.0975766 1.55911
83.3445 0.630171 -0.329273 -0.146213 1.58012
83.3741 0.620589 -0.318067 -0.195889 1.59942
83.4035 0.611394 -0.306651 -0.246524 1.61692
83.4328 0.602587 -0.295037 -0.29803 1.63253
83.4619 0.594168 -0.28324 -0.350312 1.64616
83.4908 0.586139 -0.271271 -0.403268 1.65773
83.5196 0.5785 -0.259142 -0.456789 1.66716
83.5483 0.57125 -0.246865 -0.510761 1.67438
83.5768 0.564389 -0.234451 -0.565063 1.67931
83.6052 0.557915 -0.221911 -0.61957 1.6819
83.6334 0.551828 -0.209256 -0.674151 1.68209
83.6615 0.546126 -0.196496 -0.728672 1.67985
83.6895 0.540808 -0.18364 -0.782995 1.67512
83.7173 0.535873 -0.170698 -0.836981 1.66789
83.745 0.531317 -0.157679 -0.890487 1.65813
83.7727 0.527141 -0.144592 -0.943372 1.64583
83.8002 0.523341 -0.131444 -0.995492 1.631
83.8276 0.519915 -0.118244 -1.04671 1.61364
83.855 0.516862 -0.104999 -1.09687 1.59378
83.8822 0.51418 -0.0917156 -1.14586 1.57144
83.9094 0.511867 -0.0784012 -1.19352 1.54667
83.9366 0.509921 -0.0650622 -1.23974 1.51951
83.9636 0.508341 -0.0517048 -1.28439 1.49002
83.9906 0.507124 -0.038335 -1.32734 1.45827
84.0176 0.506271 -0.0249586 -1.36849 1.42435
84.0445 0.505778 -0.0115813 -1.40772 1.38832
84.0715 0.505647 0.00179153 -1.44495 1.35029
84.0983 0.505875 0.0151544 -1.48007 1.31036
84.1252 0.506461 0.0285021 -1.513 1.26863
84.1521 0.507407 0.0418292 -1.54367 1.22521
84.179 0.508711 0.0551304 -1.57202 1.18023
84.2059 0.510373 0.0684003 -1.59798 1.1338
84.2328 0.512394 0.0816335 -1.62152 1.08605
84.2598 0.514774 0.0948243 -1.64258 1.03712
84.2868 0.517513 0.107967 -1.66115 0.98713
84.3139 0.520612 0.121056 -1.67721 0.93622
84.341 0.524071 0.134084 -1.69074 0.884526
84.3682 0.527893 0.147045 -1.70175 0.832183
84.3954 0.532076 0.159933 -1.71024 0.779327
84.4228 0.536623 0.17274 -1.71623 0.726094
84.4502 0.541535 0.185459 -1.71975 0.672617
84.4777 0.546811 0.198083 -1.72083 0.619027
84.5053 0.552454 0.210603 -1.71952 0.565452
84.533 0.558463 0.223011 -1.71586 0.512017
84.5608 0.564841 0.235298 -1.70992 0.458842
84.5888 0.571586 0.247455 -1.70175 0.406044
84.6168 0.5787 0.259472 -1.69142 0.353732
84.645 0.586183 0.271341 -1.679 0.302014
84.6733 0.594035 0.28305 -1.66459 0.250988
84.7018 0.602255 0.294589 -1.64825 0.200748
84.7304 0.610843 0.305947 -1.63007 0.151382
84.7591 0.619798 0.317114 -1.61014 0.102969
84.788 0.629119 0.328077 -1.58855 0.055585
84.8171 0.638803 0.338825 -1.5654 0.00929663
84.8463 0.64885 0.349346 -1.54077 -0.0358349
84.8756 0.659256 0.359627 -1.51476 -0.0797551
84.9051 0.670019 0.369656 -1.48747 -0.122416
84.9348 0.681135 0.37942 -1.45897 -0.163776
84.9646 0.6926 0.388906 -1.42938 -0.2038
84.9946 0.704411 0.398102 -1.39877 -0.242457
85.0248 0.716561 0.406992 -1.36723 -0.279725
85.0552 0.729045 0.415565 -1.33486 -0.315584
85.0857 0.741857 0.423806 -1.30173 -0.35002
85.1164 0.75499 0.431703 -1.26793 -0.383026
85.1472 0.768437 0.43924 -1.23353 -0.414597
85.1783 0.78219 0.446405 -1.19862 -0.444732
85.2095 0.796239 0.453183 -1.16325 -0.473436
85.2409 0.810576 0.459562 -1.12751 -0.500715
85.2725 0.82519 0.465528 -1.09145 -0.526581
85.3043 0.840071 0.471066 -1.05515 -0.551046
85.3362 0.855206 0.476165 -1.01866 -0.574126
85.3684 0.870584 0.48081 -0.98203 -0.595839
85.4007 0.886191 0.48499 -0.945322 -0.616206
85.4332 0.902013 0.488692 -0.908583 -0.635249
85.4658 0.918036 0.491903 -0.871859 -0.65299
85.4987 0.934245 0.494612 -0.835194 -0.669455
85.5317 0.950623 0.496808 -0.798629 -0.68467
85.5649 0.967155 0.498479 -0.7622 -0.69866
85.5983 0.983821 0.499615 -0.725944 -0.711454
85.6319 1.0006 0.500207 -0.689892 -0.723078
85.6656 1.01749 0.500246 -0.654074 -0.733562
85.6995 1.03444 0.499722 -0.618518 -0.742933
85.7336 1.05146 0.498629 -0.583248 -0.751219
85.7679 1.06852 0.496958 -0.548287 -0.758449
85.8023 1.08559 0.494705 -0.513657 -0.764651
85.8369 1.10265 0.491863 -0.479375 -0.769853
85.8716 1.11969 0.488429 -0.44546 -0.774082
85.9065 1.13667 0.484398 -0.411927 -0.777365
85.9416 1.15358 0.479768 -0.378789 -0.779729
85.9768 1.17039 0.474538 -0.346059 -0.7812
86.0122 1.18707 0.468706 -0.313748 -0.781802
86.0477 1.20361 0.462275 -0.281866 -0.781562
86.0833 1.21997 0.455245 -0.25042 -0.780503
86.1191 1.23614 0.447619 -0.21942 -0.778648
86.1551 1.25208 0.439401 -0.188869 -0.77602
86.1911 1.26777 0.430597 -0.158776 -0.772641
86.2273 1.28319 0.421212 -0.129143 -0.768533
86.2636 1.29831 0.411255 -0.099975 -0.763716
86.3001 1.31311 0.400734 -0.0712751 -0.758209
86.3366 1.32756 0.389658 -0.0430457 -0.752031
86.3733 1.34164 0.37804 -0.0152889 -0.745201
86.4101 1.35532 0.365892 0.011994 -0.737736
86.4469 1.36858 0.353226 0.0388018 -0.729653
86.4839 1.3814 0.340057 0.065134 -0.720967
86.521 1.39375 0.326401 0.0909903 -0.711693
86.5581 1.40562 0.312276 0.116371 -0.701846
86.5953 1.41698 0.297698 0.141275 -0.69144
86.6327 1.42781 0.282686 0.165705 -0.680486
86.67 1.4381 0.267261 0.189659 -0.668998
86.7075 1.44782 0.251443 0.21314 -0.656986
86.745 1.45695 0.235254 0.236147 -0.644461
86.7826 1.46549 0.218715 0.258682 -0.631434
86.8203 1.47341 0.201852 0.280744 -0.617913
86.858 1.48069 0.184686 0.302336 -0.603907
86.8957 1.48734 0.167243 0.323457 -0.589424
86.9335 1.49332 0.149549 0.344108 -0.574471
86.9713 1.49864 0.131628 0.364288 -0.559056
87.0092 1.50329 0.113508 0.383999 -0.543183
87.0471 1.50724 0.0952145 0.40324 -0.52686
87.085 1.5105 0.0767752 0.42201 -0.51009
87.1229 1.51307 0.0582175 0.440309 -0.492879
87.1609 1.51492 0.0395689 0.458136 -0.47523
87.1989 1.51607 0.0208575 0.475488 -0.457146
87.2368 1.51651 0.00211121 0.492366 -0.438631
87.2748 1.51623 -0.0166418 0.508765 -0.419687
87.3128 1.51524 -0.0353734 0.524685 -0.400317
87.3508 1.51354 -0.0540555 0.54012 -0.380521
87.3888 1.51114 -0.07266 0.555068 -0.360302
87.4268 1.50802 -0.0911591 0.569525 -0.339661
87.4648 1.50421 -0.109525 0.583486 -0.318597
87.5028 1.49971 -0.127731 0.596945 -0.297112
87.5407 1.49452 -0.145749 0.609897 -0.275206
87.5786 1.48865 -0.163552 0.622334 -0.252879
87.6165 1.48212 -0.181115 0.634251 -0.23013
87.6544 1.47493 -0.198412 0.645639 -0.20696
87.6922 1.4671 -0.215417 0.656489 -0.183367
87.73 1.45864 -0.232106 0.666793 -0.159352
87.7678 1.44957 -0.248455 0.67654 -0.134915
87.8055 1.4399 -0.26444 0.685719 -0.110053
87.8431 1.42964 -0.28004 0.69432 -0.0847679
87.8807 1.41883 -0.295231 0.702329 -0.0590586
87.9182 1.40746 -0.309994 0.709734 -0.0329253
87.9557 1.39558 -0.324308 0.716522 -0.00636792
87.9931 1.38318 -0.338154 0.722676 0.0206129
88.0304 1.37031 -0.351515 0.728182 0.0480165
88.0677 1.35697 -0.364373 0.733024 0.0758416
88.1049 1.34319 -0.376713 0.737184 0.104087
88.1419 1.329 -0.388518 0.740645 0.132749
88.1789 1.31441 -0.399777 0.743387 0.161827
88.2158 1.29946 -0.410475 0.745391 0.191316
88.2526 1.28416 -0.420602 0.746637 0.221213
88.2893 1.26855 -0.430148 0.747103 0.251512
88.3259 1.25264 -0.439103 0.746767 0.282208
88.3624 1.23647 -0.44746 0.745606 0.313293
88.3987 1.22006 -0.455212 0.743597 0.34476
88.435 1.20343 -0.462354 0.740716 0.376599
88.4711 1.18662 -0.468881 0.736937 0.408801
88.507 1.16964 -0.474791 0.732235 0.441353
88.5429 1.15253 -0.480082 0.726584 0.474243
88.5786 1.1353 -0.484754 0.719957 0.507456
88.6141 1.11799 -0.488807 0.712326 0.540975
88.6495 1.10062 -0.492242 0.703665 0.574782
88.6848 1.08321 -0.495063 0.693945 0.608857
88.7199 1.06579 -0.497273 0.683138 0.643178
88.7548 1.04838 -0.498878 0.671215 0.677721
88.7896 1.03101 -0.499883 0.658149 0.712459
88.8242 1.01369 -0.500295 0.643912 0.747363
88.8587 0.996452 -0.500122 0.628475 0.782403
88.8929 0.979315 -0.499372 0.611811 0.817544
88.9271 0.962299 -0.498054 0.593893 0.852749
88.961 0.945425 -0.496179 0.574696 0.88798
88.9947 0.92871 -0.493758 0.554195 0.923193
89.0283 0.912174 -0.490801 0.532365 0.958343
89.0617 0.895834 -0.487321 0.509185 0.993381
89.095 0.879707 -0.483329 0.484634 1.02826
89.128 0.863809 -0.47884 0.458694 1.06291
89.1608 0.848154 -0.473867 0.431348 1.09729
89.1935 0.832758 -0.468422 0.402583 1.13133
89.226 0.817633 -0.462521 0.372389 1.16497
89.2583 0.802792 -0.456177 0.340758 1.19814
89.2904 0.788247 -0.449405 0.307686 1.23076
89.3223 0.774009 -0.442221 0.273173 1.26276
89.3541 0.760089 -0.434637 0.237225 1.29407
89.3856 0.746495 -0.426671 0.19985 1.3246
89.417 0.733236 -0.418336 0.161062 1.35427
89.4482 0.720321 -0.409648 0.120882 1.383
89.4792 0.707757 -0.400621 0.0793337 1.41069
89.51 0.69555 -0.391271 0.0364493 1.43725
89.5407 0.683705 -0.381613 -0.00773375 1.4626
89.5711 0.672229 -0.37166 -0.0531714 1.48664
89.6014 0.661125 -0.361428 -0.0998127 1.50928
89.6315 0.650398 -0.350932 -0.1476 1.53042
89.6615 0.640051 -0.340184 -0.196467 1.54997
89.6912 0.630087 -0.329199 -0.246343 1.56785
89.7208 0.620508 -0.317992 -0.297149 1.58395
89.7503 0.611315 -0.306574 -0.348796 1.5982
89.7795 0.602511 -0.294959 -0.401193 1.6105
89.8086 0.594095 -0.28316 -0.454237 1.62078
89.8376 0.586069 -0.27119 -0.507823 1.62896
89.8664 0.578433 -0.259059 -0.561837 1.63497
89.895 0.571185 -0.246781 -0.61616 1.63874
89.9235 0.564327 -0.234366 -0.670666 1.6402
89.9519 0.557856 -0.221826 -0.725228 1.63932
89.9801 0.551772 -0.20917 -0.779711 1.63604
90.0082 0.546073 -0.196409 -0.833979 1.63033
90.0362 0.540758 -0.183552 -0.887891 1.62216
90.064 0.535825 -0.17061 -0.941307 1.61151
90.0918 0.531272 -0.157591 -0.994084 1.59836
90.1194 0.527098 -0.144503 -1.04608 1.58272
90.1469 0.523301 -0.131355 -1.09715 1.5646
90.1744 0.519878 -0.118154 -1.14715 1.54402
90.2017 0.516828 -0.104908 -1.19595 1.52101
90.229 0.514148 -0.0916246 -1.24342 1.49559
90.2562 0.511838 -0.07831 -1.28941 1.46784
90.2833 0.509894 -0.0649708 -1.3338 1.43779
90.3104 0.508316 -0.0516132 -1.37648 1.40552
90.3374 0.507102 -0.0382433 -1.41732 1.3711
90.3643 0.506251 -0.0248669 -1.45623 1.33463
90.3913 0.505762 -0.0114895 -1.49309 1.29618
90.4182 0.505632 0.00188332 -1.52781 1.25585
90.4451 0.505863 0.0152462 -1.56032 1.21377
90.472 0.506452 0.0285937 -1.59053 1.17002
90.4988 0.5074 0.0419207 -1.61838 1.12474
90.5257 0.508706 0.0552218 -1.6438 1.07804
90.5526 0.510371 0.0684915 -1.66676 1.03005
90.5796 0.512394 0.0817245 -1.6872 0.980906
90.6065 0.514776 0.0949151 -1.70511 0.930729
90.6335 0.517518 0.108057 -1.72046 0.879659
90.6606 0.520619 0.121146 -1.73324 0.82783
90.6877 0.524081 0.134173 -1.74346 0.775378
90.7149 0.527905 0.147134 -1.75111 0.72244
90.7422 0.532091 0.160022 -1.75622 0.669151
90.7695 0.53664 0.172829 -1.75881 0.615644
90.7969 0.541554 0.185547 -1.75892 0.56205
90.8244 0.546833 0.19817 -1.75659 0.508499
90.852 0.552478 0.210689 -1.75188 0.455116
90.8797 0.55849 0.223097 -1.74483 0.402022
90.9076 0.56487 0.235383 -1.73551 0.349333
90.9355 0.571618 0.247539 -1.724 0.297162
90.9636 0.578734 0.259556 -1.71036 0.245614
90.9917 0.586219 0.271423 -1.69469 0.19479
91.0201 0.594073 0.283131 -1.67706 0.144785
91.0485 0.602296 0.294669 -1.65755 0.0956861
91.0771 0.610886 0.306027 -1.63627 0.047576
91.1059 0.619844 0.317192 -1.61331 0.000529267
91.1347 0.629167 0.328154 -1.58876 -0.0453858
91.1638 0.638854 0.338901 -1.56271 -0.0901075
91.193 0.648903 0.34942 -1.53526 -0.133581
91.2223 0.659311 0.3597 -1.50652 -0.175758
91.2518 0.670076 0.369728 -1.47657 -0.216596
91.2815 0.681195 0.37949 -1.4455 -0.256061
91.3113 0.692662 0.388975 -1.41343 -0.294121
91.3414 0.704474 0.398168 -1.38043 -0.330754
91.3715 0.716627 0.407057 -1.34659 -0.365941
91.4019 0.729113 0.415628 -1.31201 -0.399668
91.4324 0.741927 0.423867 -1.27676 -0.431929
91.4631 0.755062 0.431762 -1.24093 -0.462719
91.494 0.768511 0.439297 -1.2046 -0.492039
91.525 0.782266 0.446459 -1.16784 -0.519894
91.5562 0.796317 0.453236 -1.13073 -0.546292
91.5877 0.810656 0.459612 -1.09333 -0.571244
91.6192 0.825272 0.465575 -1.05571 -0.594766
91.651 0.840154 0.471111 -1.01793 -0.616875
91.683 0.855291 0.476207 -0.980047 -0.637589
91.7151 0.87067 0.48085 -0.942118 -0.656931
91.7474 0.886279 0.485028 -0.904194 -0.674925
91.7799 0.902102 0.488726 -0.866324 -0.691595
91.8126 0.918127 0.491935 -0.828551 -0.706968
91.8454 0.934337 0.494641 -0.790918 -0.72107
91.8785 0.950716 0.496833 -0.753464 -0.733931
91.9117 0.967249 0.498501 -0.716225 -0.74558
91.9451 0.983916 0.499635 -0.679233 -0.756045
91.9786 1.0007 0.500224 -0.642519 -0.765357
92.0124 1.01758 0.500259 -0.606112 -0.773545
92.0463 1.03454 0.499732 -0.570036 -0.780639
92.0803 1.05156 0.498635 -0.534314 -0.786669
92.1146 1.06862 0.496962 -0.498968 -0.791665
92.149 1.08569 0.494705 -0.464018 -0.795656
92.1836 1.10275 0.49186 -0.429479 -0.798672
92.2183 1.11979 0.488422 -0.395367 -0.800739
92.2533 1.13677 0.484388 -0.361696 -0.801887
92.2883 1.15368 0.479755 -0.328478 -0.802143
92.3235 1.17048 0.474521 -0.295724 -0.801533
92.3589 1.18717 0.468686 -0.263443 -0.800084
92.3944 1.2037 0.462251 -0.231643 -0.797821
92.4301 1.22007 0.455218 -0.200331 -0.794769
92.4659 1.23623 0.447588 -0.169513 -0.79095
92.5018 1.25217 0.439367 -0.139194 -0.78639
92.5379 1.26786 0.43056 -0.109378 -0.781108
92.5741 1.28328 0.421172 -0.0800678 -0.775128
92.6104 1.2984 0.411212 -0.0512668 -0.76847
92.6468 1.3132 0.400687 -0.0229765 -0.761154
92.6834 1.32764 0.389609 0.00480169 -0.753198
92.72 1.34172 0.377988 0.032067 -0.744621
92.7568 1.3554 0.365836 0.0588191 -0.735441
92.7937 1.36866 0.353167 0.085058 -0.725673
92.8306 1.38148 0.339996 0.110784 -0.715335
92.8677 1.39383 0.326338 0.135998 -0.70444
92.9048 1.4057 0.312209 0.160701 -0.693003
92.9421 1.41705 0.297629 0.184893 -0.681038
92.9794 1.42788 0.282615 0.208577 -0.668557
93.0168 1.43816 0.267187 0.231753 -0.655573
93.0542 1.44788 0.251367 0.254423 -0.642096
93.0918 1.45701 0.235176 0.276587 -0.628138
93.1294 1.46554 0.218635 0.298249 -0.613708
93.167 1.47346 0.20177 0.319408 -0.598815
93.2047 1.48074 0.184602 0.340066 -0.583468
93.2424 1.48738 0.167158 0.360225 -0.567675
93.2802 1.49337 0.149462 0.379884 -0.551443
93.318 1.49868 0.13154 0.399046 -0.534779
93.3559 1.50332 0.113419 0.417709 -0.517689
93.3938 1.50727 0.0951242 0.435874 -0.500178
93.4317 1.51053 0.076684 0.453542 -0.482252
93.4697 1.51309 0.0581255 0.470712 -0.463915
93.5076 1.51495 0.0394763 0.487382 -0.445171
93.5456 1.51609 0.0207644 0.503553 -0.426023
93.5836 1.51652 0.00201777 0.519221 -0.406475
93.6216 1.51624 -0.0167355 0.534385 -0.38653
93.6596 1.51525 -0.0354671 0.549043 -0.366189
93.6976 1.51355 -0.0541492 0.563192 -0.345454
93.7356 1.51114 -0.0727535 0.576827 -0.324328
93.7736 1.50802 -0.0912522 0.589945 -0.302811
93.8115 1.5042 -0.109618 0.602541 -0.280905
93.8495 1.4997 -0.127823 0.61461 -0.25861
93.8874 1.4945 -0.14584 0.626146 -0.235926
93.9254 1.48863 -0.163643 0.637142 -0.212855
93.9633 1.4821 -0.181205 0.647592 -0.189396
94.0011 1.47491 -0.1985 0.657487 -0.16555
94.0389 1.46707 -0.215504 0.666819 -0.141317
94.0767 1.45861 -0.232192 0.675579 -0.116696
94.1145 1.44954 -0.248539 0.683756 -0.091689
94.1522 1.43986 -0.264523 0.69134 -0.0662951
94.1898 1.42961 -0.280121 0.698319 -0.0405149
94.2274 1.41879 -0.29531 0.704682 -0.0143489
94.265 1.40742 -0.310071 0.710415 0.0122021
94.3024 1.39553 -0.324383 0.715504 0.039137
94.3398 1.38314 -0.338228 0.719935 0.0664545
94.3772 1.37026 -0.351587 0.723692 0.0941528
94.4144 1.35692 -0.364442 0.726759 0.12223
94.4516 1.34314 -0.376779 0.729119 0.150683
94.4887 1.32894 -0.388583 0.730755 0.179508
94.5256 1.31435 -0.399839 0.731647 0.208702
94.5625 1.2994 -0.410535 0.731777 0.23826
94.5993 1.2841 -0.42066 0.731124 0.268177
94.636 1.26848 -0.430203 0.729667 0.298445
94.6726 1.25258 -0.439155 0.727385 0.329059
94.7091 1.23641 -0.44751 0.724255 0.360009
94.7454 1.21999 -0.455259 0.720254 0.391287
94.7817 1.20336 -0.462398 0.715359 0.422881
94.8178 1.18655 -0.468923 0.709545 0.45478
94.8537 1.16957 -0.47483 0.702788 0.48697
94.8896 1.15246 -0.480119 0.695062 0.519437
94.9253 1.13523 -0.484787 0.686341 0.552164
94.9608 1.11792 -0.488837 0.676599 0.585133
94.9962 1.10054 -0.49227 0.665811 0.618324
95.0315 1.08314 -0.495088 0.653948 0.651716
95.0666 1.06571 -0.497296 0.640986 0.685284
95.1015 1.04831 -0.498898 0.626896 0.719003
95.1363 1.03093 -0.499901 0.611652 0.752844
95.1709 1.01362 -0.50031 0.595229 0.786778
95.2054 0.996378 -0.500134 0.577599 0.82077
95.2396 0.979241 -0.499382 0.558739 0.854785
95.2737 0.962226 -0.498062 0.538624 0.888785
95.3077 0.945352 -0.496185 0.51723 0.922729
95.3414 0.928638 -0.493761 0.494536 0.956573
95.375 0.912103 -0.490802 0.470519 0.99027
95.4084 0.895763 -0.487319 0.445162 1.02377
95.4416 0.879637 -0.483326 0.418448 1.05702
95.4747 0.863739 -0.478835 0.39036 1.08996
95.5075 0.848086 -0.473859 0.360887 1.12254
95.5402 0.83269 -0.468413 0.33002 1.15469
95.5727 0.817566 -0.462509 0.297751 1.18635
95.605 0.802726 -0.456164 0.264078 1.21744
95.6371 0.788182 -0.44939 0.229002 1.2479
95.669 0.773946 -0.442204 0.192528 1.27766
95.7008 0.760026 -0.434619 0.154664 1.30662
95.7323 0.746434 -0.426651 0.115426 1.33472
95.7637 0.733176 -0.418315 0.0748332 1.36187
95.7949 0.720263 -0.409625 0.03291 1.38799
95.8259 0.707699 -0.400597 -0.0103125 1.41299
95.8567 0.695493 -0.391246 -0.0547973 1.43678
95.8873 0.68365 -0.381586 -0.100501 1.45928
95.9178 0.672175 -0.371632 -0.147374 1.48039
95.9481 0.661073 -0.361399 -0.195359 1.50002
95.9782 0.650348 -0.350901 -0.244392 1.51809
96.0081 0.640002 -0.340153 -0.294403 1.53451
96.0379 0.630039 -0.329167 -0.345314 1.54918
96.0675 0.620461 -0.317958 -0.39704 1.56203
96.0969 0.61127 -0.30654 -0.449489 1.57298
96.1262 0.602467 -0.294924 -0.502562 1.58193
96.1553 0.594053 -0.283125 -0.556153 1.58883
96.1842 0.586028 -0.271154 -0.610151 1.59359
96.213 0.578393 -0.259023 -0.664438 1.59616
96.2417 0.571147 -0.246744 -0.71889 1.59647
96.2702 0.56429 -0.234328 -0.773381 1.59448
96.2985 0.55782 -0.221787 -0.827777 1.59014
96.3268 0.551737 -0.209131 -0.881943 1.58341
96.3549 0.54604 -0.196369 -0.935739 1.57426
96.3828 0.540726 -0.183513 -0.989024 1.56268
96.4107 0.535794 -0.17057 -1.04166 1.54866
96.4384 0.531243 -0.15755 -1.09349 1.53219
96.4661 0.52707 -0.144462 -1.14439 1.51329
96.4936 0.523274 -0.131314 -1.19421 1.49196
96.521 0.519853 -0.118113 -1.2428 1.46825
96.5483 0.516804 -0.104867 -1.29005 1.44218
96.5756 0.514125 -0.0915831 -1.3358 1.41381
96.6028 0.511816 -0.0782683 -1.37994 1.38319
96.6299 0.509874 -0.064929 -1.42234 1.35039
96.657 0.508297 -0.0515713 -1.46288 1.31547
96.684 0.507084 -0.0382013 -1.50145 1.27853
96.711 0.506234 -0.0248248 -1.53796 1.23966
96.7379 0.505746 -0.0114474 -1.57231 1.19895
96.7648 0.505618 0.00192541 -1.6044 1.1565
96.7917 0.505849 0.0152883 -1.63417 1.11243
96.8186 0.50644 0.0286358 -1.66155 1.06686
96.8455 0.507389 0.0419628 -1.68646 1.0199
96.8724 0.508696 0.0552638 -1.70887 0.971684
96.8993 0.510362 0.0685335 -1.72873 0.922336
96.9262 0.512386 0.0817664 -1.74602 0.871989
96.9532 0.514769 0.0949569 -1.76071 0.820776
96.9802 0.517512 0.108099 -1.77278 0.768834
97.0072 0.520614 0.121187 -1.78225 0.716298
97.0343 0.524078 0.134215 -1.78911 0.663303
97.0615 0.527902 0.147176 -1.79339 0.609986
97.0888 0.532089 0.160063 -1.79511 0.556479
97.1161 0.53664 0.17287 -1.7943 0.502915
97.1435 0.541554 0.185588 -1.79101 0.449422
97.171 0.546834 0.198211 -1.78529 0.396127
97.1986 0.552481 0.21073 -1.77719 0.34315
97.2263 0.558494 0.223137 -1.76679 0.29061
97.2542 0.564874 0.235423 -1.75415 0.238618
97.2821 0.571623 0.247578 -1.73935 0.187282
97.3102 0.578741 0.259595 -1.72247 0.136703
97.3384 0.586227 0.271462 -1.7036 0.0869756
97.3667 0.594082 0.28317 -1.68284 0.0381898
97.3951 0.602306 0.294708 -1.66026 -0.00957265
97.4237 0.610897 0.306064 -1.63597 -0.0562359
97.4525 0.619855 0.317229 -1.61007 -0.101731
97.4814 0.629179 0.328191 -1.58265 -0.145996
97.5104 0.638867 0.338937 -1.55382 -0.188975
97.5396 0.648917 0.349456 -1.52367 -0.23062
97.5689 0.659327 0.359735 -1.49231 -0.270888
97.5984 0.670093 0.369762 -1.45983 -0.309745
97.6281 0.681212 0.379524 -1.42633 -0.347159
97.658 0.692681 0.389008 -1.39191 -0.383108
97.688 0.704494 0.398201 -1.35665 -0.417574
97.7181 0.716647 0.407089 -1.32065 -0.450544
97.7485 0.729134 0.41566 -1.284 -0.482011
97.779 0.741949 0.423898 -1.24678 -0.511971
97.8097 0.755085 0.431792 -1.20907 -0.540427
97.8406 0.768535 0.439326 -1.17096 -0.567384
97.8716 0.78229 0.446488 -1.13251 -0.592851
97.9029 0.796343 0.453264 -1.0938 -0.616842
97.9343 0.810682 0.459639 -1.05489 -0.639373
97.9659 0.825299 0.465601 -1.01586 -0.660462
97.9976 0.840182 0.471137 -0.976751 -0.68013
98.0296 0.855319 0.476232 -0.937634 -0.698401
98.0617 0.870699 0.480874 -0.898557 -0.7153
98.094 0.886308 0.48505 -0.85957 -0.730853
98.1265 0.902132 0.488748 -0.820721 -0.745088
98.1592 0.918158 0.491955 -0.782051 -0.758035
98.192 0.934368 0.49466 -0.743602 -0.769724
98.2251 0.950748 0.496852 -0.705409 -0.780185
98.2583 0.967281 0.498519 -0.667508 -0.789449
98.2917 0.983948 0.499651 -0.629929 -0.797548
98.3252 1.00073 0.500239 -0.5927 -0.804514
98.359 1.01762 0.500273 -0.555848 -0.810378
98.3929 1.03458 0.499745 -0.519396 -0.815171
98.427 1.05159 0.498647 -0.483366 -0.818925
98.4612 1.06865 0.496973 -0.447776 -0.821671
98.4956 1.08572 0.494715 -0.412644 -0.823439
98.5302 1.10279 0.491869 -0.377985 -0.82426
98.565 1.11982 0.48843 -0.343812 -0.824161
98.5999 1.1368 0.484394 -0.310138 -0.823173
98.6349 1.15371 0.47976 -0.276972 -0.821324
98.6701 1.17052 0.474525 -0.244323 -0.81864
98.7055 1.1872 0.468689 -0.2122 -0.815148
98.741 1.20374 0.462253 -0.180609 -0.810875
98.7767 1.2201 0.455218 -0.149555 -0.805844
98.8125 1.23626 0.447588 -0.119042 -0.800081
98.8484 1.2522 0.439366 -0.0890739 -0.793608
98.8845 1.2679 0.430557 -0.0596535 -0.786449
98.9207 1.28331 0.421168 -0.0307827 -0.778624
98.957 1.29843 0.411207 -0.00246256 -0.770155
98.9934 1.31323 0.400681 0.0253062 -0.761061
99.03 1.32768 0.389602 0.0525234 -0.751361
99.0666 1.34175 0.37798 0.0791895 -0.741075
99.1034 1.35543 0.365827 0.105305 -0.730218
99.1403 1.36869 0.353157 0.130871 -0.718808
99.1772 1.38151 0.339985 0.15589 -0.706861
99.2143 1.39386 0.326325 0.180362 -0.694391
99.2514 1.40573 0.312196 0.20429 -0.681412
99.2887 1.41708 0.297615 0.227675 -0.667939
99.326 1.42791 0.2826 0.250519 -0.653983
99.3634 1.43819 0.267172 0.272825 -0.639557
99.4008 1.44791 0.251351 0.294595 -0.624672
99.4384 1.45704 0.235158 0.31583 -0.609338
99.4759 1.46557 0.218618 0.336533 -0.593565
99.5136 1.47348 0.201751 0.356706 -0.577362
99.5513 1.48077 0.184583 0.37635 -0.560737
99.589 1.48741 0.167138 0.395466 -0.543699
99.6268 1.49339 0.149442 0.414057 -0.526255
99.6646 1.4987 0.131519 0.432124 -0.508411
99.7025 1.50334 0.113397 0.449666 -0.490174
99.7404 1.50729 0.0951023 0.466686 -0.471548
99.7783 1.51055 0.0766617 0.483182 -0.452539
99.8162 1.51311 0.0581027 0.499155 -0.433152
99.8542 1.51496 0.0394532 0.514604 -0.41339
99.8922 1.51611 0.020741 0.529529 -0.393257
99.9302 1.51654 0.00199404 0.543927 -0.372756
99.9682 1.51626 -0.0167594 0.557797 -0.351891
100.006 1.51526 -0.0354913 0.571137 -0.330663
100.044 1.51356 -0.0541735 0.583943 -0.309074
100.082 1.51115 -0.072778 0.596212 -0.287127
100.12 1.50803 -0.0912769 0.607941 -0.264823
100.158 1.50421 -0.109642 0.619124 -0.242163
100.196 1.49971 -0.127847 0.629756 -0.219149
100.234 1.49451 -0.145865 0.639832 -0.195781
100.272 1.48864 -0.163667 0.649345 -0.17206
100.31 1.4821 -0.18123 0.658288 -0.147987
100.348 1.47491 -0.198525 0.666652 -0.123562
100.386 1.46708 -0.215529 0.67443 -0.0987867
100.423 1.45862 -0.232217 0.681613 -0.0736614
100.461 1.44954 -0.248564 0.68819 -0.0481869
100.499 1.43986 -0.264547 0.69415 -0.022364
100.536 1.42961 -0.280145 0.699482 0.00380607
100.574 1.41879 -0.295334 0.704175 0.0303221
100.612 1.40742 -0.310095 0.708215 0.0571824
100.649 1.39553 -0.324407 0.711588 0.0843852
100.686 1.38313 -0.338251 0.714279 0.111928
100.724 1.37025 -0.351609 0.716275 0.139808
100.761 1.35691 -0.364465 0.717557 0.168023
100.798 1.34313 -0.376801 0.718111 0.196568
100.835 1.32894 -0.388604 0.717918 0.225439
100.872 1.31435 -0.39986 0.71696 0.25463
100.909 1.29939 -0.410556 0.715217 0.284137
100.946 1.28409 -0.42068 0.712671 0.313952
100.983 1.26848 -0.430223 0.7093 0.344067
101.019 1.25257 -0.439175 0.705084 0.374475
101.056 1.2364 -0.447529 0.7 0.405164
101.092 1.21999 -0.455278 0.694027 0.436125
101.128 1.20336 -0.462417 0.687141 0.467346
101.164 1.18654 -0.468941 0.679319 0.498812
101.2 1.16956 -0.474848 0.670537 0.53051
101.236 1.15245 -0.480136 0.66077 0.562422
101.272 1.13522 -0.484805 0.649995 0.594531
101.307 1.11791 -0.488854 0.638185 0.626817
101.343 1.10054 -0.492287 0.625317 0.659258
101.378 1.08313 -0.495105 0.611364 0.691831
101.413 1.06571 -0.497312 0.596301 0.724511
101.448 1.0483 -0.498914 0.580105 0.75727
101.483 1.03092 -0.499916 0.562749 0.790079
101.517 1.01361 -0.500325 0.54421 0.822904
101.552 0.996368 -0.500149 0.524464 0.855711
101.586 0.979231 -0.499396 0.503488 0.888464
101.62 0.962216 -0.498076 0.48126 0.921122
101.654 0.945341 -0.496198 0.45776 0.953644
101.688 0.928627 -0.493774 0.432968 0.985983
101.722 0.912092 -0.490815 0.406867 1.01809
101.755 0.895753 -0.487332 0.37944 1.04992
101.788 0.879626 -0.483338 0.350674 1.08141
101.821 0.863729 -0.478847 0.320557 1.11251
101.854 0.848075 -0.473871 0.28908 1.14316
101.887 0.832679 -0.468424 0.256239 1.17329
101.919 0.817555 -0.462521 0.222031 1.20284
101.952 0.802715 -0.456175 0.186457 1.23174
101.984 0.788171 -0.449401 0.149523 1.25992
102.016 0.773935 -0.442215 0.111238 1.2873
102.047 0.760015 -0.43463 0.0716169 1.31381
102.079 0.746422 -0.426661 0.0306785 1.33937
102.11 0.733165 -0.418325 -0.0115521 1.3639
102.141 0.720251 -0.409635 -0.0550448 1.38731
102.172 0.707688 -0.400607 -0.0997633 1.40953
102.203 0.695482 -0.391255 -0.145665 1.43045
102.234 0.683639 -0.381595 -0.192701 1.45001
102.264 0.672164 -0.371642 -0.240817 1.46811
102.295 0.661062 -0.361409 -0.289949 1.48467
102.325 0.650336 -0.350911 -0.340028 1.4996
102.355 0.63999 -0.340162 -0.390978 1.51282
102.384 0.630027 -0.329176 -0.442716 1.52424
102.414 0.620449 -0.317967 -0.495152 1.53379
102.443 0.611258 -0.306549 -0.548189 1.54139
102.473 0.602455 -0.294933 -0.601722 1.54697
102.502 0.594041 -0.283133 -0.655642 1.55046
102.531 0.586016 -0.271162 -0.709834 1.55179
102.56 0.578381 -0.259031 -0.764175 1.55092
102.588 0.571135 -0.246752 -0.818539 1.54779
102.617 0.564278 -0.234337 -0.872795 1.54235
102.645 0.557808 -0.221795 -0.926807 1.53457
102.673 0.551725 -0.209139 -0.980439 1.52443
102.701 0.546027 -0.196378 -1.03355 1.5119
102.729 0.540713 -0.183521 -1.086 1.49697
102.757 0.535782 -0.170578 -1.13763 1.47965
102.785 0.53123 -0.157558 -1.18833 1.45993
102.813 0.527057 -0.14447 -1.23792 1.43784
102.84 0.523261 -0.131322 -1.28629 1.41341
102.868 0.519839 -0.118121 -1.33329 1.38667
102.895 0.51679 -0.104875 -1.37879 1.35766
102.922 0.514112 -0.091591 -1.42266 1.32645
102.949 0.511802 -0.0782762 -1.46477 1.2931
102.976 0.50986 -0.0649368 -1.505 1.25768
103.004 0.508283 -0.0515791 -1.54326 1.22027
103.031 0.50707 -0.0382091 -1.57942 1.18096
103.057 0.50622 -0.0248325 -1.61339 1.13985
103.084 0.505731 -0.0114551 -1.64509 1.09705
103.111 0.505603 0.00191782 -1.67444 1.05266
103.138 0.505834 0.0152807 -1.70136 1.00679
103.165 0.506424 0.0286283 -1.72579 0.95958
103.192 0.507373 0.0419553 -1.74769 0.911139
103.219 0.50868 0.0552564 -1.767 0.8616
103.246 0.510346 0.0685262 -1.7837 0.811093
103.273 0.51237 0.0817592 -1.79777 0.759752
103.3 0.514753 0.0949497 -1.80918 0.707713
103.327 0.517495 0.108092 -1.81795 0.65511
103.354 0.520597 0.12118 -1.82407 0.60208
103.381 0.52406 0.134208 -1.82757 0.548757
103.408 0.527885 0.147169 -1.82846 0.495276
103.435 0.532071 0.160056 -1.82679 0.441767
103.463 0.536622 0.172863 -1.82259 0.388361
103.49 0.541536 0.185582 -1.81592 0.335184
103.518 0.546816 0.198205 -1.80684 0.282357
103.545 0.552461 0.210724 -1.79541 0.229998
103.573 0.558474 0.223131 -1.7817 0.178221
103.601 0.564855 0.235417 -1.7658 0.127133
103.629 0.571603 0.247573 -1.74778 0.0768363
103.657 0.57872 0.25959 -1.72773 0.0274262
103.685 0.586206 0.271457 -1.70575 -0.0210074
103.713 0.594061 0.283165 -1.68194 -0.0683816
103.742 0.602284 0.294703 -1.65638 -0.11462
103.77 0.610875 0.30606 -1.62919 -0.159653
103.799 0.619833 0.317226 -1.60046 -0.203418
103.828 0.629157 0.328187 -1.5703 -0.24586
103.857 0.638844 0.338934 -1.5388 -0.286929
103.886 0.648894 0.349453 -1.50608 -0.326583
103.915 0.659303 0.359733 -1.47223 -0.364786
103.945 0.670069 0.36976 -1.43736 -0.401509
103.975 0.681188 0.379523 -1.40156 -0.436729
104.004 0.692656 0.389007 -1.36493 -0.470428
104.034 0.704469 0.398201 -1.32756 -0.502594
104.065 0.716621 0.407089 -1.28954 -0.53322
104.095 0.729108 0.41566 -1.25097 -0.562304
104.126 0.741923 0.423899 -1.21193 -0.589849
104.156 0.755059 0.431793 -1.1725 -0.615862
104.187 0.768508 0.439328 -1.13275 -0.640353
104.218 0.782263 0.446491 -1.09277 -0.663337
104.249 0.796315 0.453267 -1.05262 -0.684831
104.281 0.810654 0.459643 -1.01236 -0.704855
104.312 0.825271 0.465606 -0.97207 -0.723431
104.344 0.840153 0.471142 -0.931799 -0.740586
104.376 0.855291 0.476238 -0.891602 -0.756345
104.408 0.87067 0.480881 -0.851534 -0.770737
104.441 0.886279 0.485058 -0.81164 -0.783792
104.473 0.902103 0.488757 -0.771967 -0.79554
104.506 0.918128 0.491965 -0.732555 -0.806014
104.539 0.934339 0.494671 -0.693442 -0.815247
104.572 0.950719 0.496863 -0.654664 -0.82327
104.605 0.967251 0.498531 -0.616252 -0.830118
104.638 0.983919 0.499664 -0.578235 -0.835823
104.672 1.0007 0.500253 -0.54064 -0.840419
104.705 1.01759 0.500288 -0.50349 -0.843939
104.739 1.03455 0.499761 -0.466807 -0.846416
104.773 1.05156 0.498664 -0.430611 -0.847883
104.808 1.06862 0.496991 -0.394919 -0.848371
104.842 1.08569 0.494734 -0.359745 -0.847913
104.877 1.10276 0.491889 -0.325103 -0.846538
104.911 1.11979 0.488451 -0.291004 -0.844278
104.946 1.13678 0.484416 -0.257459 -0.841161
104.981 1.15368 0.479783 -0.224476 -0.837217
105.017 1.17049 0.474549 -0.192063 -0.832473
105.052 1.18718 0.468714 -0.160225 -0.826955
105.087 1.20371 0.462279 -0.128967 -0.820692
105.123 1.22008 0.455246 -0.098293 -0.813706
105.159 1.23624 0.447616 -0.0682057 -0.806024
105.195 1.25218 0.439395 -0.0387072 -0.797668
105.231 1.26787 0.430588 -0.00979858 -0.788662
105.267 1.28329 0.4212 0.0185195 -0.779026
105.303 1.29841 0.411239 0.0462471 -0.768782
105.34 1.31321 0.400715 0.073385 -0.757949
105.376 1.32766 0.389637 0.0999341 -0.746547
105.413 1.34173 0.378015 0.125896 -0.734594
105.45 1.35541 0.365864 0.151272 -0.722107
105.487 1.36867 0.353195 0.176066 -0.709103
105.524 1.38149 0.340023 0.200278 -0.695596
105.561 1.39385 0.326365 0.223912 -0.681603
105.598 1.40571 0.312236 0.246971 -0.667137
105.635 1.41707 0.297656 0.269456 -0.652211
105.672 1.4279 0.282642 0.291372 -0.636839
105.71 1.43818 0.267214 0.312721 -0.621031
105.747 1.4479 0.251394 0.333505 -0.604798
105.785 1.45703 0.235202 0.353727 -0.588151
105.822 1.46556 0.218662 0.373391 -0.5711
105.86 1.47348 0.201796 0.392498 -0.553654
105.898 1.48076 0.184628 0.411051 -0.535821
105.935 1.48741 0.167184 0.429051 -0.517608
105.973 1.49339 0.149487 0.446501 -0.499023
106.011 1.49871 0.131565 0.463403 -0.480072
106.049 1.50335 0.113443 0.479756 -0.460762
106.087 1.5073 0.0951486 0.495563 -0.441097
106.125 1.51056 0.0767081 0.510824 -0.421084
106.163 1.51312 0.0581491 0.525538 -0.400725
106.201 1.51497 0.0394995 0.539706 -0.380026
106.239 1.51612 0.0207871 0.553327 -0.35899
106.277 1.51655 0.00204002 0.566399 -0.33762
106.315 1.51627 -0.0167137 0.578922 -0.31592
106.353 1.51528 -0.035446 0.590892 -0.293891
106.391 1.51358 -0.0541286 0.602306 -0.271536
106.429 1.51117 -0.0727335 0.613163 -0.248858
106.467 1.50805 -0.0912329 0.623457 -0.225857
106.505 1.50424 -0.109599 0.633184 -0.202536
106.543 1.49973 -0.127805 0.642339 -0.178896
106.58 1.49454 -0.145823 0.650916 -0.154939
106.618 1.48867 -0.163626 0.65891 -0.130664
106.656 1.48214 -0.181189 0.666312 -0.106075
106.694 1.47495 -0.198486 0.673115 -0.081171
106.732 1.46711 -0.215491 0.67931 -0.0559545
106.77 1.45865 -0.232179 0.684889 -0.0304263
106.807 1.44958 -0.248528 0.689841 -0.00458794
106.845 1.4399 -0.264513 0.694156 0.021559
106.883 1.42965 -0.280111 0.697823 0.0480128
106.92 1.41883 -0.295302 0.700829 0.0747712
106.958 1.40746 -0.310064 0.703162 0.101832
106.995 1.39557 -0.324377 0.704808 0.129192
107.033 1.38318 -0.338223 0.705752 0.156849
107.07 1.3703 -0.351583 0.705981 0.184798
107.107 1.35696 -0.36444 0.705477 0.213036
107.145 1.34318 -0.376779 0.704224 0.241557
107.182 1.32899 -0.388583 0.702206 0.270356
107.219 1.3144 -0.399841 0.699404 0.299427
107.256 1.29944 -0.410538 0.695799 0.328763
107.292 1.28415 -0.420664 0.691373 0.358356
107.329 1.26853 -0.430209 0.686105 0.388196
107.366 1.25263 -0.439163 0.679975 0.418274
107.402 1.23645 -0.447519 0.672962 0.448579
107.438 1.22004 -0.455269 0.665043 0.479099
107.475 1.20341 -0.46241 0.656197 0.50982
107.511 1.1866 -0.468936 0.646402 0.540727
107.547 1.16962 -0.474845 0.635634 0.571804
107.583 1.1525 -0.480135 0.62387 0.603033
107.618 1.13528 -0.484806 0.611087 0.634394
107.654 1.11796 -0.488857 0.597261 0.665867
107.689 1.10059 -0.492291 0.582368 0.697428
107.724 1.08318 -0.495111 0.566385 0.729052
107.76 1.06576 -0.497321 0.549287 0.760713
107.795 1.04835 -0.498924 0.531053 0.79238
107.829 1.03098 -0.499928 0.511659 0.824024
107.864 1.01366 -0.500339 0.491084 0.855609
107.898 0.996422 -0.500165 0.469305 0.887101
107.933 0.979285 -0.499414 0.446302 0.91846
107.967 0.962269 -0.498095 0.422056 0.949647
108.001 0.945394 -0.49622 0.396548 0.980615
108.034 0.928679 -0.493797 0.369764 1.01132
108.068 0.912143 -0.490839 0.341686 1.04171
108.101 0.895802 -0.487358 0.312304 1.07174
108.135 0.879675 -0.483366 0.281607 1.10135
108.168 0.863776 -0.478877 0.249586 1.13048
108.201 0.848122 -0.473902 0.216238 1.15908
108.233 0.832725 -0.468457 0.18156 1.18707
108.266 0.8176 -0.462555 0.145554 1.2144
108.298 0.802759 -0.456211 0.108227 1.24099
108.33 0.788214 -0.449438 0.0695876 1.26678
108.362 0.773976 -0.442253 0.0296506 1.29169
108.394 0.760055 -0.434669 -0.011565 1.31564
108.425 0.746461 -0.426702 -0.0540348 1.33856
108.457 0.733203 -0.418367 -0.0977291 1.36037
108.488 0.720287 -0.409678 -0.142613 1.38099
108.519 0.707723 -0.400651 -0.188643 1.40033
108.55 0.695515 -0.3913 -0.235774 1.41832
108.58 0.683671 -0.381642 -0.283951 1.43487
108.611 0.672195 -0.371689 -0.333112 1.44989
108.641 0.661091 -0.361456 -0.38319 1.46331
108.671 0.650364 -0.350959 -0.434112 1.47505
108.701 0.640016 -0.340211 -0.485794 1.48502
108.731 0.630052 -0.329227 -0.53815 1.49315
108.76 0.620473 -0.318018 -0.591083 1.49937
108.79 0.61128 -0.3066 -0.644493 1.50361
108.819 0.602475 -0.294985 -0.698271 1.50579
108.848 0.59406 -0.283186 -0.752304 1.50587
108.877 0.586033 -0.271216 -0.806472 1.50378
108.906 0.578397 -0.259085 -0.860649 1.49948
108.935 0.571149 -0.246807 -0.914707 1.49292
108.963 0.56429 -0.234392 -0.968511 1.48407
108.992 0.557819 -0.221851 -1.02193 1.4729
109.02 0.551734 -0.209195 -1.07481 1.45939
109.048 0.546035 -0.196433 -1.12702 1.44353
109.076 0.54072 -0.183577 -1.17842 1.42532
109.104 0.535787 -0.170634 -1.22887 1.40477
109.131 0.531234 -0.157615 -1.27821 1.3819
109.159 0.527059 -0.144527 -1.32632 1.35672
109.187 0.523261 -0.131379 -1.37305 1.32929
109.214 0.519838 -0.118178 -1.41827 1.29963
109.241 0.516787 -0.104932 -1.46185 1.26781
109.269 0.514108 -0.0916483 -1.50366 1.23389
109.296 0.511797 -0.0783336 -1.54358 1.19795
109.323 0.509853 -0.0649942 -1.5815 1.16006
109.35 0.508274 -0.0516365 -1.61732 1.12031
109.377 0.50706 -0.0382665 -1.65093 1.0788
109.404 0.506208 -0.0248899 -1.68225 1.03563
109.431 0.505718 -0.0115124 -1.71118 0.990914
109.458 0.505588 0.00186053 -1.73767 0.94476
109.485 0.505818 0.0152235 -1.76164 0.897289
109.512 0.506406 0.0285713 -1.78305 0.848627
109.538 0.507354 0.0418984 -1.80184 0.798902
109.565 0.508659 0.0551997 -1.81799 0.748242
109.592 0.510323 0.0684696 -1.83147 0.696782
109.619 0.512346 0.0817028 -1.84227 0.644657
109.646 0.514727 0.0948937 -1.85038 0.592001
109.673 0.517468 0.108036 -1.85581 0.53895
109.7 0.520568 0.121125 -1.85858 0.485639
109.727 0.52403 0.134153 -1.8587 0.432201
109.754 0.527852 0.147114 -1.85622 0.37877
109.782 0.532037 0.160002 -1.85117 0.325474
109.809 0.536586 0.172809 -1.84361 0.272439
109.836 0.541499 0.185528 -1.8336 0.219788
109.864 0.546777 0.198152 -1.8212 0.16764
109.892 0.552421 0.210671 -1.80649 0.116107
109.919 0.558432 0.223079 -1.78954 0.0652979
109.947 0.56481 0.235366 -1.77044 0.0153153
109.975 0.571557 0.247523 -1.74928 -0.0337446
110.003 0.578673 0.25954 -1.72616 -0.0817914
110.031 0.586157 0.271408 -1.70116 -0.128742
110.06 0.59401 0.283117 -1.6744 -0.174519
110.088 0.602231 0.294656 -1.64598 -0.219052
110.117 0.610821 0.306014 -1.616 -0.262279
110.145 0.619777 0.317181 -1.58456 -0.304144
110.174 0.629099 0.328144 -1.55177 -0.344597
110.203 0.638785 0.338891 -1.51775 -0.383597
110.232 0.648833 0.349412 -1.48259 -0.421107
110.262 0.65924 0.359693 -1.44639 -0.457097
110.291 0.670004 0.369722 -1.40926 -0.491546
110.321 0.681121 0.379486 -1.37131 -0.524436
110.351 0.692588 0.388972 -1.33262 -0.555755
110.381 0.704399 0.398166 -1.29329 -0.585498
110.411 0.71655 0.407057 -1.25342 -0.613663
110.441 0.729035 0.415629 -1.21308 -0.640254
110.472 0.741848 0.42387 -1.17238 -0.66528
110.503 0.754983 0.431766 -1.13138 -0.688751
110.533 0.768431 0.439303 -1.09016 -0.710684
110.565 0.782184 0.446468 -1.0488 -0.731097
110.596 0.796235 0.453246 -1.00737 -0.750013
110.627 0.810573 0.459624 -0.965929 -0.767455
110.659 0.825188 0.46559 -0.92454 -0.78345
110.69 0.840069 0.471128 -0.883263 -0.798027
110.722 0.855206 0.476226 -0.842148 -0.811216
110.755 0.870584 0.480872 -0.801248 -0.823048
110.787 0.886192 0.485051 -0.760606 -0.833558
110.819 0.902015 0.488752 -0.720267 -0.842777
110.852 0.918039 0.491963 -0.68027 -0.850741
110.885 0.934249 0.494672 -0.640649 -0.857484
110.918 0.950628 0.496867 -0.601438 -0.863042
110.951 0.96716 0.498538 -0.562667 -0.867449
110.985 0.983827 0.499674 -0.524363 -0.870741
111.018 1.00061 0.500266 -0.48655 -0.872953
111.052 1.01749 0.500304 -0.44925 -0.87412
111.086 1.03445 0.49978 -0.412481 -0.874274
111.12 1.05147 0.498687 -0.376262 -0.873451
111.154 1.06853 0.497016 -0.340608 -0.871684
111.188 1.0856 0.494763 -0.305531 -0.869004
111.223 1.10266 0.491921 -0.271042 -0.865443
111.258 1.1197 0.488486 -0.237153 -0.861033
111.293 1.13669 0.484455 -0.20387 -0.855803
111.328 1.15359 0.479825 -0.1712 -0.849782
111.363 1.1704 0.474594 -0.139149 -0.842999
111.398 1.18709 0.468763 -0.107721 -0.835481
111.434 1.20363 0.462331 -0.0769197 -0.827255
111.469 1.21999 0.455301 -0.0467465 -0.818345
111.505 1.23615 0.447675 -0.017203 -0.808777
111.541 1.2521 0.439457 0.0117102 -0.798574
111.577 1.26779 0.430652 0.0399935 -0.787759
111.613 1.28321 0.421268 0.0676477 -0.776353
111.65 1.29833 0.41131 0.0946741 -0.764377
111.686 1.31313 0.400789 0.121075 -0.751851
111.723 1.32758 0.389714 0.146852 -0.738794
111.759 1.34166 0.378095 0.172007 -0.725224
111.796 1.35535 0.365946 0.196545 -0.711159
111.833 1.36861 0.35328 0.220469 -0.696614
111.87 1.38143 0.340112 0.24378 -0.681604
111.907 1.39379 0.326456 0.266484 -0.666146
111.944 1.40565 0.31233 0.288583 -0.650252
111.981 1.41702 0.297752 0.310082 -0.633935
112.019 1.42785 0.28274 0.330983 -0.617208
112.056 1.43814 0.267315 0.351291 -0.600083
112.094 1.44786 0.251496 0.371009 -0.582569
112.131 1.45699 0.235307 0.39014 -0.564678
112.169 1.46553 0.218768 0.408687 -0.546419
112.206 1.47345 0.201904 0.426654 -0.527801
112.244 1.48074 0.184738 0.444044 -0.508831
112.282 1.48738 0.167294 0.460858 -0.489518
112.32 1.49337 0.149599 0.4771 -0.469867
112.357 1.49869 0.131678 0.49277 -0.449887
112.395 1.50334 0.113557 0.507871 -0.429583
112.433 1.50729 0.0952632 0.522404 -0.408959
112.471 1.51056 0.0768232 0.53637 -0.388022
112.509 1.51312 0.0582647 0.549769 -0.366775
112.547 1.51498 0.0396153 0.562602 -0.345223
112.585 1.51613 0.020903 0.574866 -0.323369
112.623 1.51657 0.0021557 0.586563 -0.301217
112.661 1.51629 -0.0165984 0.597689 -0.278769
112.699 1.51531 -0.0353311 0.608244 -0.256029
112.737 1.51361 -0.0540143 0.618224 -0.232999
112.775 1.5112 -0.0726201 0.627626 -0.209681
112.813 1.50809 -0.0911205 0.636446 -0.186078
112.851 1.50428 -0.109488 0.644681 -0.16219
112.889 1.49978 -0.127695 0.652324 -0.13802
112.927 1.49459 -0.145714 0.659371 -0.11357
112.965 1.48872 -0.16352 0.665815 -0.0888403
113.003 1.48219 -0.181085 0.67165 -0.0638338
113.04 1.47501 -0.198383 0.676866 -0.0385518
113.078 1.46718 -0.21539 0.681456 -0.0129959
113.116 1.45872 -0.232081 0.685412 0.0128319
113.154 1.44965 -0.248432 0.688722 0.0389296
113.191 1.43998 -0.264419 0.691378 0.065295
113.229 1.42973 -0.280021 0.693367 0.0919255
113.267 1.41891 -0.295214 0.694677 0.118818
113.304 1.40755 -0.309979 0.695296 0.14597
113.342 1.39566 -0.324296 0.695211 0.173378
113.379 1.38327 -0.338145 0.694408 0.201036
113.416 1.3704 -0.351508 0.692871 0.228942
113.454 1.35706 -0.364369 0.690586 0.257089
113.491 1.34328 -0.376711 0.687535 0.285471
113.528 1.32909 -0.388519 0.683703 0.314083
113.565 1.3145 -0.39978 0.679071 0.342916
113.602 1.29955 -0.410482 0.673623 0.371963
113.639 1.28426 -0.420612 0.667337 0.401214
113.675 1.26864 -0.43016 0.660197 0.430659
113.712 1.25274 -0.439118 0.652181 0.460287
113.748 1.23657 -0.447478 0.643269 0.490086
113.785 1.22016 -0.455233 0.633441 0.520041
113.821 1.20353 -0.462378 0.622675 0.550139
113.857 1.18671 -0.468908 0.610949 0.580363
113.893 1.16974 -0.474822 0.598242 0.610695
113.929 1.15262 -0.480116 0.584532 0.641115
113.965 1.1354 -0.48479 0.569796 0.671604
114 1.11808 -0.488846 0.554013 0.702137
114.036 1.10071 -0.492285 0.53716 0.732692
114.071 1.0833 -0.495109 0.519214 0.76324
114.106 1.06588 -0.497322 0.500155 0.793755
114.141 1.04847 -0.49893 0.479961 0.824205
114.176 1.0311 -0.499938 0.458611 0.854558
114.21 1.01378 -0.500353 0.436085 0.884778
114.245 0.99654 -0.500183 0.412365 0.914829
114.279 0.979401 -0.499436 0.387432 0.944671
114.313 0.962384 -0.498121 0.361269 0.974261
114.347 0.945508 -0.496249 0.333862 1.00356
114.381 0.928792 -0.49383 0.305196 1.03251
114.414 0.912254 -0.490876 0.27526 1.06106
114.448 0.895913 -0.487399 0.244045 1.08917
114.481 0.879783 -0.48341 0.211544 1.11678
114.514 0.863883 -0.478924 0.177753 1.14384
114.547 0.848226 -0.473953 0.142671 1.17027
114.579 0.832827 -0.468511 0.1063 1.19601
114.612 0.8177 -0.462612 0.068646 1.22101
114.644 0.802857 -0.45627 0.0297193 1.2452
114.676 0.78831 -0.449501 -0.0104659 1.26849
114.708 0.774069 -0.442318 -0.0518907 1.29083
114.74 0.760146 -0.434737 -0.0945312 1.31214
114.772 0.74655 -0.426773 -0.138358 1.33233
114.803 0.733289 -0.41844 -0.183337 1.35134
114.834 0.720371 -0.409754 -0.229428 1.36908
114.865 0.707804 -0.400729 -0.276583 1.38548
114.896 0.695593 -0.391381 -0.324751 1.40046
114.927 0.683746 -0.381724 -0.373872 1.41394
114.957 0.672267 -0.371773 -0.42388 1.42583
114.987 0.66116 -0.361543 -0.474702 1.43607
115.017 0.65043 -0.351048 -0.526259 1.44457
115.047 0.64008 -0.340301 -0.578465 1.45127
115.077 0.630113 -0.329318 -0.631226 1.45608
115.107 0.620531 -0.318111 -0.684445 1.45895
115.136 0.611335 -0.306695 -0.738014 1.45982
115.165 0.602527 -0.295081 -0.791822 1.45861
115.195 0.594109 -0.283283 -0.845751 1.45528
115.224 0.58608 -0.271314 -0.899679 1.44979
115.252 0.57844 -0.259184 -0.953477 1.44208
115.281 0.571189 -0.246907 -1.00701 1.43213
115.309 0.564327 -0.234493 -1.06015 1.41991
115.338 0.557853 -0.221953 -1.11276 1.40539
115.366 0.551766 -0.209297 -1.16469 1.38858
115.394 0.546064 -0.196537 -1.2158 1.36947
115.422 0.540745 -0.183681 -1.26595 1.34806
115.45 0.535809 -0.170739 -1.31501 1.32438
115.478 0.531253 -0.15772 -1.36281 1.29844
115.505 0.527076 -0.144632 -1.40924 1.27029
115.533 0.523275 -0.131485 -1.45416 1.23996
115.56 0.519849 -0.118284 -1.49742 1.20752
115.588 0.516795 -0.105039 -1.53891 1.17302
115.615 0.514113 -0.0917551 -1.57851 1.13654
115.642 0.511799 -0.0784405 -1.61609 1.09816
115.669 0.509852 -0.0651013 -1.65156 1.05796
115.696 0.508271 -0.0517437 -1.6848 1.01603
115.723 0.507053 -0.0383736 -1.71574 0.972491
115.75 0.506199 -0.0249971 -1.74427 0.927438
115.777 0.505706 -0.0116195 -1.77034 0.880987
115.804 0.505573 0.00175356 -1.79387 0.833258
115.831 0.5058 0.0151167 -1.81482 0.784373
115.858 0.506385 0.0284646 -1.83312 0.734461
115.885 0.50733 0.041792 -1.84875 0.683652
115.912 0.508633 0.0550935 -1.86168 0.632077
115.939 0.510294 0.0683638 -1.8719 0.579871
115.965 0.512313 0.0815974 -1.8794 0.52717
115.992 0.514692 0.0947886 -1.88418 0.474108
116.019 0.517429 0.107932 -1.88626 0.420821
116.046 0.520527 0.121021 -1.88566 0.367441
116.074 0.523985 0.134049 -1.88243 0.314103
116.101 0.527805 0.147011 -1.87659 0.260933
116.128 0.531987 0.1599 -1.86819 0.208061
116.155 0.536533 0.172708 -1.85731 0.155607
116.183 0.541442 0.185428 -1.84401 0.10369
116.21 0.546717 0.198052 -1.82835 0.0524255
116.238 0.552358 0.210573 -1.81042 0.00192074
116.266 0.558366 0.222981 -1.7903 -0.0477209
116.293 0.564742 0.235269 -1.76809 -0.0964026
116.321 0.571486 0.247427 -1.74389 -0.144033
116.349 0.578598 0.259446 -1.71778 -0.19053
116.378 0.586079 0.271316 -1.68988 -0.235814
116.406 0.593929 0.283026 -1.66029 -0.279816
116.434 0.602147 0.294567 -1.62911 -0.322472
116.463 0.610733 0.305926 -1.59647 -0.363726
116.492 0.619687 0.317095 -1.56245 -0.403528
116.521 0.629005 0.328059 -1.52718 -0.441837
116.55 0.638688 0.338809 -1.49076 -0.478617
116.579 0.648733 0.349332 -1.4533 -0.513838
116.608 0.659138 0.359615 -1.41491 -0.547479
116.638 0.669899 0.369646 -1.37568 -0.579521
116.667 0.681013 0.379412 -1.33572 -0.609955
116.697 0.692476 0.388901 -1.29513 -0.638776
116.727 0.704285 0.398099 -1.254 -0.665982
116.757 0.716433 0.406992 -1.21243 -0.69158
116.788 0.728915 0.415567 -1.1705 -0.715577
116.818 0.741726 0.423811 -1.12829 -0.737988
116.849 0.754857 0.43171 -1.08589 -0.75883
116.88 0.768303 0.439251 -1.04337 -0.778122
116.911 0.782054 0.446419 -1.0008 -0.795889
116.942 0.796102 0.453201 -0.95825 -0.812156
116.973 0.810437 0.459583 -0.915787 -0.826951
117.005 0.82505 0.465552 -0.873467 -0.840306
117.037 0.83993 0.471094 -0.831347 -0.852252
117.069 0.855064 0.476196 -0.789478 -0.862823
117.101 0.87044 0.480846 -0.747907 -0.872053
117.133 0.886046 0.48503 -0.706679 -0.879979
117.166 0.901868 0.488735 -0.665834 -0.886637
117.198 0.91789 0.491951 -0.625408 -0.892063
117.231 0.934099 0.494664 -0.585436 -0.896294
117.264 0.950476 0.496864 -0.545948 -0.899368
117.297 0.967007 0.49854 -0.506972 -0.901322
117.331 0.983673 0.499681 -0.468531 -0.902191
117.364 1.00046 0.500278 -0.430649 -0.902014
117.398 1.01734 0.500321 -0.393345 -0.900825
117.432 1.0343 0.499802 -0.356636 -0.89866
117.466 1.05132 0.498714 -0.320536 -0.895553
117.5 1.06837 0.497049 -0.28506 -0.89154
117.535 1.08544 0.494801 -0.250217 -0.886652
117.569 1.10251 0.491964 -0.216018 -0.880922
117.604 1.11955 0.488535 -0.18247 -0.874382
117.639 1.13653 0.484509 -0.149579 -0.867063
117.674 1.15344 0.479885 -0.117351 -0.858992
117.709 1.17025 0.47466 -0.0857882 -0.8502
117.745 1.18694 0.468834 -0.0548938 -0.840714
117.78 1.20348 0.462408 -0.0246692 -0.83056
117.816 1.21984 0.455383 0.00488504 -0.819763
117.851 1.23601 0.447762 0.0337691 -0.80835
117.887 1.25196 0.43955 0.0619841 -0.796342
117.923 1.26765 0.430751 0.0895315 -0.783763
117.96 1.28308 0.421372 0.116414 -0.770634
117.996 1.2982 0.411419 0.142633 -0.756976
118.032 1.313 0.400903 0.168193 -0.742809
118.069 1.32746 0.389833 0.193097 -0.728151
118.106 1.34154 0.37822 0.217349 -0.71302
118.142 1.35523 0.366075 0.240953 -0.697434
118.179 1.3685 0.353414 0.263913 -0.681407
118.216 1.38132 0.34025 0.286233 -0.664956
118.253 1.39368 0.326599 0.307918 -0.648096
118.29 1.40555 0.312477 0.328972 -0.630838
118.328 1.41692 0.297903 0.3494 -0.613197
118.365 1.42776 0.282895 0.369206 -0.595184
118.402 1.43805 0.267473 0.388394 -0.576811
118.44 1.44778 0.251658 0.406969 -0.558088
118.477 1.45692 0.235472 0.424934 -0.539026
118.515 1.46546 0.218936 0.442294 -0.519633
118.553 1.47339 0.202075 0.459051 -0.499917
118.59 1.48068 0.184911 0.47521 -0.479888
118.628 1.48733 0.16747 0.490773 -0.459552
118.666 1.49333 0.149778 0.505743 -0.438917
118.704 1.49866 0.131858 0.520123 -0.417988
118.741 1.50331 0.113739 0.533913 -0.396771
118.779 1.50727 0.0954461 0.547117 -0.375272
118.817 1.51054 0.0770072 0.559735 -0.353496
118.855 1.51311 0.0584494 0.571767 -0.331446
118.893 1.51498 0.0398005 0.583214 -0.309128
118.931 1.51614 0.0210884 0.594077 -0.286545
118.969 1.51658 0.0023411 0.604352 -0.2637
119.007 1.51631 -0.0164133 0.614041 -0.240596
119.045 1.51533 -0.0351466 0.62314 -0.217236
119.083 1.51364 -0.0538307 0.631648 -0.193624
119.121 1.51124 -0.0724377 0.63956 -0.16976
119.159 1.50814 -0.0909395 0.646874 -0.145649
119.197 1.50434 -0.109309 0.653586 -0.121291
119.235 1.49984 -0.127518 0.65969 -0.0966883
119.273 1.49466 -0.145539 0.665181 -0.0718438
119.311 1.4888 -0.163347 0.670052 -0.0467592
119.349 1.48228 -0.180915 0.674298 -0.0214365
119.387 1.4751 -0.198216 0.677909 0.00412205
119.424 1.46727 -0.215227 0.680879 0.0299143
119.462 1.45882 -0.231921 0.683198 0.0559378
119.5 1.44976 -0.248276 0.684856 0.0821898
119.538 1.44009 -0.264267 0.685844 0.108668
119.575 1.42985 -0.279873 0.68615 0.135368
119.613 1.41904 -0.295071 0.685762 0.162287
119.65 1.40768 -0.309841 0.684669 0.18942
119.688 1.3958 -0.324162 0.682856 0.216765
119.725 1.38341 -0.338016 0.680311 0.244314
119.763 1.37054 -0.351384 0.677018 0.272064
119.8 1.35721 -0.36425 0.672963 0.300007
119.837 1.34344 -0.376598 0.66813 0.328137
119.874 1.32925 -0.388412 0.662503 0.356447
119.911 1.31467 -0.399679 0.656064 0.384926
119.948 1.29972 -0.410386 0.648796 0.413568
119.985 1.28442 -0.420523 0.64068 0.44236
120.022 1.26881 -0.430077 0.631699 0.471292
120.058 1.25291 -0.439042 0.621833 0.500352
120.095 1.23674 -0.447408 0.611062 0.529525
120.131 1.22033 -0.455169 0.599367 0.558797
120.167 1.20371 -0.46232 0.586728 0.588151
120.203 1.1869 -0.468857 0.573123 0.617571
120.239 1.16992 -0.474777 0.558532 0.647036
120.275 1.15281 -0.480078 0.542934 0.676527
120.311 1.13558 -0.484759 0.526309 0.706021
120.346 1.11827 -0.488821 0.508636 0.735494
120.382 1.1009 -0.492266 0.489894 0.764921
120.417 1.08349 -0.495097 0.470062 0.794273
120.452 1.06607 -0.497317 0.449122 0.823521
120.487 1.04866 -0.498931 0.427053 0.852632
120.522 1.03128 -0.499945 0.403837 0.881574
120.556 1.01396 -0.500366 0.379456 0.91031
120.591 0.996721 -0.500202 0.353894 0.938802
120.625 0.979582 -0.499461 0.327135 0.967008
120.659 0.962563 -0.498153 0.299165 0.994886
120.693 0.945685 -0.496286 0.269971 1.02239
120.727 0.928967 -0.493873 0.239544 1.04947
120.76 0.912427 -0.490925 0.207874 1.07608
120.794 0.896083 -0.487453 0.174956 1.10217
120.827 0.879951 -0.48347 0.140786 1.12767
120.86 0.864048 -0.478989 0.105364 1.15254
120.893 0.848388 -0.474023 0.0686927 1.1767
120.926 0.832987 -0.468586 0.0307782 1.2001
120.958 0.817856 -0.462691 -0.00836922 1.22268
120.99 0.80301 -0.456355 -0.0487354 1.24436
121.023 0.788459 -0.44959 -0.0903017 1.26508
121.055 0.774215 -0.442412 -0.133045 1.28476
121.086 0.760288 -0.434835 -0.176936 1.30333
121.118 0.746688 -0.426874 -0.221941 1.32073
121.149 0.733423 -0.418545 -0.268022 1.33687
121.18 0.720502 -0.409863 -0.315132 1.35167
121.211 0.70793 -0.400841 -0.363221 1.36507
121.242 0.695716 -0.391497 -0.412231 1.37699
121.273 0.683865 -0.381843 -0.462097 1.38734
121.303 0.672381 -0.371895 -0.512749 1.39607
121.334 0.661271 -0.361668 -0.56411 1.40309
121.364 0.650536 -0.351175 -0.616096 1.40833
121.394 0.640182 -0.340432 -0.668616 1.41173
121.423 0.63021 -0.329451 -0.721573 1.41322
121.453 0.620624 -0.318246 -0.774863 1.41273
121.482 0.611424 -0.306832 -0.828378 1.41023
121.512 0.602612 -0.29522 -0.882002 1.40564
121.541 0.594189 -0.283425 -0.935613 1.39893
121.57 0.586155 -0.271457 -0.989087 1.39006
121.599 0.578511 -0.259329 -1.04229 1.37898
121.627 0.571256 -0.247053 -1.0951 1.36569
121.656 0.56439 -0.23464 -1.14737 1.35015
121.684 0.557911 -0.222102 -1.19896 1.33237
121.712 0.551819 -0.209447 -1.24973 1.31233
121.74 0.546113 -0.196688 -1.29954 1.29004
121.768 0.54079 -0.183833 -1.34825 1.26553
121.796 0.535849 -0.170892 -1.39572 1.23881
121.824 0.531289 -0.157874 -1.44181 1.20992
121.852 0.527107 -0.144787 -1.48638 1.17891
121.879 0.523302 -0.131639 -1.5293 1.14583
121.907 0.519872 -0.118439 -1.57045 1.11074
121.934 0.516814 -0.105194 -1.6097 1.0737
121.961 0.514127 -0.0919113 -1.64693 1.03481
121.988 0.511809 -0.078597 -1.68203 0.994143
122.015 0.509858 -0.0652579 -1.71491 0.951796
122.042 0.508272 -0.0519004 -1.74546 0.90787
122.069 0.507051 -0.0385305 -1.7736 0.862473
122.096 0.506192 -0.0251539 -1.79926 0.815718
122.123 0.505694 -0.0117763 -1.82237 0.767724
122.15 0.505557 0.0015969 -1.84286 0.718612
122.177 0.50578 0.0149602 -1.8607 0.668511
122.204 0.506362 0.0283084 -1.87583 0.617549
122.231 0.507302 0.0416361 -1.88825 0.56586
122.258 0.5086 0.054938 -1.89792 0.513576
122.285 0.510257 0.0682088 -1.90484 0.460832
122.312 0.512273 0.0814428 -1.90902 0.407765
122.339 0.514647 0.0946346 -1.91047 0.354508
122.366 0.51738 0.107778 -1.9092 0.301195
122.393 0.520473 0.120868 -1.90526 0.247959
122.42 0.523927 0.133898 -1.89868 0.194929
122.447 0.527743 0.146861 -1.88952 0.142231
122.474 0.531921 0.15975 -1.87782 0.089989
122.502 0.536462 0.172559 -1.86367 0.0383216
122.529 0.541367 0.18528 -1.84713 -0.0126571
122.556 0.546638 0.197906 -1.82829 -0.062838
122.584 0.552274 0.210428 -1.80722 -0.112118
122.612 0.558278 0.222838 -1.78403 -0.160399
122.64 0.564649 0.235127 -1.7588 -0.20759
122.668 0.571388 0.247287 -1.73165 -0.253608
122.696 0.578496 0.259308 -1.70267 -0.298373
122.724 0.585973 0.271179 -1.67198 -0.341816
122.752 0.593818 0.282892 -1.63968 -0.383873
122.781 0.602032 0.294434 -1.60589 -0.424488
122.809 0.610614 0.305797 -1.57071 -0.46361
122.838 0.619562 0.316967 -1.53425 -0.501198
122.867 0.628877 0.327935 -1.49664 -0.537216
122.896 0.638555 0.338687 -1.45798 -0.571636
122.925 0.648596 0.349213 -1.41837 -0.604434
122.954 0.658996 0.359499 -1.37793 -0.635596
122.984 0.669753 0.369534 -1.33677 -0.66511
123.013 0.680862 0.379303 -1.29497 -0.692973
123.043 0.692322 0.388796 -1.25264 -0.719186
123.073 0.704126 0.397997 -1.20988 -0.743754
123.103 0.71627 0.406894 -1.16677 -0.766687
123.134 0.728748 0.415474 -1.1234 -0.788001
123.164 0.741555 0.423722 -1.07986 -0.807714
123.195 0.754682 0.431626 -1.03622 -0.825848
123.226 0.768124 0.439171 -0.992566 -0.842429
123.257 0.781872 0.446344 -0.948957 -0.857483
123.288 0.795916 0.45313 -0.905463 -0.871041
123.32 0.810248 0.459518 -0.862146 -0.883136
123.351 0.824858 0.465492 -0.819062 -0.893802
123.383 0.839734 0.47104 -0.776267 -0.903074
123.415 0.854865 0.476148 -0.733808 -0.910989
123.447 0.870239 0.480804 -0.691731 -0.917585
123.479 0.885842 0.484993 -0.650078 -0.9229
123.512 0.901661 0.488705 -0.608887 -0.926973
123.544 0.917681 0.491927 -0.568193 -0.929844
123.577 0.933887 0.494647 -0.528027 -0.93155
123.61 0.950264 0.496854 -0.488416 -0.932131
123.643 0.966793 0.498536 -0.449387 -0.931626
123.677 0.983457 0.499684 -0.410961 -0.930073
123.71 1.00024 0.500288 -0.373159 -0.927509
123.744 1.01712 0.500339 -0.335997 -0.923973
123.778 1.03408 0.499827 -0.29949 -0.9195
123.812 1.0511 0.498746 -0.263651 -0.914125
123.846 1.06815 0.497089 -0.228492 -0.907884
123.881 1.08522 0.494848 -0.194021 -0.90081
123.915 1.10229 0.492019 -0.160244 -0.892937
123.95 1.11933 0.488598 -0.127169 -0.884296
123.985 1.13631 0.48458 -0.0947993 -0.874917
124.02 1.15323 0.479963 -0.0631377 -0.864832
124.055 1.17004 0.474746 -0.0321863 -0.854067
124.091 1.18673 0.468928 -0.00194587 -0.842652
124.126 1.20327 0.462509 0.0275839 -0.830613
124.162 1.21964 0.455492 0.0564039 -0.817975
124.198 1.23581 0.447879 0.084516 -0.804763
124.233 1.25175 0.439674 0.111923 -0.791
124.27 1.26745 0.430883 0.138627 -0.776709
124.306 1.28288 0.421511 0.164633 -0.761911
124.342 1.29801 0.411566 0.189943 -0.746627
124.378 1.31282 0.401057 0.214564 -0.730876
124.415 1.32728 0.389994 0.238498 -0.714676
124.452 1.34137 0.378388 0.261752 -0.698046
124.488 1.35506 0.366251 0.28433 -0.681002
124.525 1.36833 0.353596 0.306237 -0.66356
124.562 1.38116 0.340438 0.327479 -0.645734
124.599 1.39353 0.326793 0.348061 -0.627539
124.636 1.40541 0.312677 0.367989 -0.608988
124.674 1.41679 0.298109 0.387266 -0.590094
124.711 1.42763 0.283106 0.4059 -0.570868
124.748 1.43793 0.26769 0.423895 -0.551322
124.786 1.44766 0.25188 0.441255 -0.531465
124.823 1.45681 0.235698 0.457985 -0.511308
124.861 1.46536 0.219167 0.47409 -0.490859
124.899 1.4733 0.202309 0.489573 -0.470126
124.936 1.4806 0.185149 0.50444 -0.449118
124.974 1.48726 0.167712 0.518692 -0.427842
125.012 1.49327 0.150022 0.532333 -0.406304
125.05 1.4986 0.132105 0.545367 -0.38451
125.087 1.50326 0.113988 0.557794 -0.362467
125.125 1.50724 0.0956973 0.569618 -0.340179
125.163 1.51052 0.0772598 0.580839 -0.317651
125.201 1.5131 0.0587033 0.591459 -0.294888
125.239 1.51497 0.0400552 0.601479 -0.271893
125.277 1.51614 0.0213435 0.610897 -0.248671
125.315 1.51659 0.0025962 0.619714 -0.225225
125.353 1.51634 -0.0161585 0.627928 -0.201558
125.391 1.51537 -0.0348926 0.635538 -0.177673
125.429 1.51369 -0.0535778 0.642542 -0.153572
125.467 1.5113 -0.0721863 0.648936 -0.129259
125.505 1.5082 -0.09069 0.654717 -0.104736
125.543 1.50441 -0.109061 0.659881 -0.0800057
125.581 1.49992 -0.127273 0.664424 -0.0550698
125.619 1.49475 -0.145298 0.668339 -0.0299309
125.657 1.4889 -0.163109 0.671622 -0.00459155
125.664 1.48777 -0.166296 0.672146 -3.29256e-15
