-5 -4.27551e+13
-4.999 -8.34758
-4.998 -4.18093
-4.997 -2.79207
-4.996 -2.09765
-4.995 -1.68101
-4.994 -1.40326
-4.993 -1.20487
-4.992 -1.05609
-4.991 -0.940372
-4.99 -0.847805
-4.989 -0.772073
-4.988 -0.708967
-4.987 -0.655574
-4.986 -0.609813
-4.985 -0.570156
-4.984 -0.53546
-4.983 -0.504849
-4.982 -0.477642
-4.981 -0.453301
-4.98 -0.431398
-4.979 -0.411583
-4.978 -0.393572
-4.977 -0.377129
-4.976 -0.362059
-4.975 -0.348197
-4.974 -0.335403
-4.973 -0.323559
-4.972 -0.312562
-4.971 -0.302327
-4.97 -0.292775
-4.969 -0.283841
-4.968 -0.275468
-4.967 -0.267603
-4.966 -0.260203
-4.965 -0.253228
-4.964 -0.246641
-4.963 -0.240412
-4.962 -0.234513
-4.961 -0.228917
-4.96 -0.223603
-4.959 -0.218549
-4.958 -0.213738
-4.957 -0.209151
-4.956 -0.204774
-4.955 -0.200594
-4.954 -0.196596
-4.953 -0.192769
-4.952 -0.189104
-4.951 -0.185589
-4.95 -0.182216
-4.949 -0.178976
-4.948 -0.175862
-4.947 -0.172867
-4.946 -0.169983
-4.945 -0.167206
-4.944 -0.164529
-4.943 -0.161947
-4.942 -0.159455
-4.941 -0.157049
-4.94 -0.154724
-4.939 -0.152476
-4.938 -0.150302
-4.937 -0.148197
-4.936 -0.14616
-4.935 -0.144186
-4.934 -0.142273
-4.933 -0.140418
-4.932 -0.138618
-4.931 -0.136872
-4.93 -0.135176
-4.929 -0.133529
-4.928 -0.131929
-4.927 -0.130373
-4.926 -0.128861
-4.925 -0.127389
-4.924 -0.125957
-4.923 -0.124564
-4.922 -0.123206
-4.921 -0.121884
-4.92 -0.120596
-4.919 -0.119341
-4.918 -0.118117
-4.917 -0.116923
-4.916 -0.115759
-4.915 -0.114622
-4.914 -0.113513
-4.913 -0.11243
-4.912 -0.111373
-4.911 -0.11034
-4.91 -0.109331
-4.909 -0.108345
-4.908 -0.107381
-4.907 -0.106439
-4.906 -0.105517
-4.905 -0.104615
-4.904 -0.103733
-4.903 -0.10287
-4.902 -0.102026
-4.901 -0.101199
-4.9 -0.100389
-4.899 -0.099596
-4.898 -0.0988194
-4.897 -0.0980585
-4.896 -0.097313
-4.895 -0.0965824
-4.894 -0.0958663
-4.893 -0.0951642
-4.892 -0.0944759
-4.891 -0.0938008
-4.89 -0.0931388
-4.889 -0.0924893
-4.888 -0.0918521
-4.887 -0.0912269
-4.886 -0.0906133
-4.885 -0.0900111
-4.884 -0.0894199
-4.883 -0.0888394
-4.882 -0.0882695
-4.881 -0.0877098
-4.88 -0.0871601
-4.879 -0.0866201
-4.878 -0.0860896
-4.877 -0.0855684
-4.876 -0.0850563
-4.875 -0.0845529
-4.874 -0.0840583
-4.873 -0.083572
-4.872 -0.083094
-4.871 -0.082624
-4.87 -0.0821618
-4.869 -0.0817074
-4.868 -0.0812605
-4.867 -0.0808209
-4.866 -0.0803884
-4.865 -0.0799631
-4.864 -0.0795445
-4.863 -0.0791328
-4.862 -0.0787275
-4.861 -0.0783288
-4.86 -0.0779363
-4.859 -0.07755
-4.858 -0.0771698
-4.857 -0.0767954
-4.856 -0.0764269
-4.855 -0.0760641
-4.854 -0.0757068
-4.853 -0.075355
-4.852 -0.0750085
-4.851 -0.0746673
-4.85 -0.0743313
-4.849 -0.0740002
-4.848 -0.0736741
-4.847 -0.0733529
-4.846 -0.0730364
-4.845 -0.0727246
-4.844 -0.0724174
-4.843 -0.0721147
-4.842 -0.0718163
-4.841 -0.0715224
-4.84 -0.0712326
-4.839 -0.0709471
-4.838 -0.0706656
-4.837 -0.0703882
-4.836 -0.0701147
-4.835 -0.0698452
-4.834 -0.0695794
-4.833 -0.0693174
-4.832 -0.0690591
-4.831 -0.0688044
-4.83 -0.0685533
-4.829 -0.0683057
-4.828 -0.0680616
-4.827 -0.0678208
-4.826 -0.0675833
-4.825 -0.0673492
-4.824 -0.0671182
-4.823 -0.0668905
-4.822 -0.0666658
-4.821 -0.0664443
-4.82 -0.0662257
-4.819 -0.0660102
-4.818 -0.0657975
-4.817 -0.0655878
-4.816 -0.0653808
-4.815 -0.0651767
-4.814 -0.0649754
-4.813 -0.0647767
-4.812 -0.0645807
-4.811 -0.0643873
-4.81 -0.0641966
-4.809 -0.0640084
-4.808 -0.0638227
-4.807 -0.0636394
-4.806 -0.0634587
-4.805 -0.0632803
-4.804 -0.0631043
-4.803 -0.0629306
-4.802 -0.0627593
-4.801 -0.0625902
-4.8 -0.0624234
-4.799 -0.0622587
-4.798 -0.0620963
-4.797 -0.061936
-4.796 -0.0617778
-4.795 -0.0616218
-4.794 -0.0614677
-4.793 -0.0613158
-4.792 -0.0611658
-4.791 -0.0610178
-4.79 -0.0608718
-4.789 -0.0607277
-4.788 -0.0605856
-4.787 -0.0604453
-4.786 -0.0603068
-4.785 -0.0601702
-4.784 -0.0600355
-4.783 -0.0599025
-4.782 -0.0597713
-4.781 -0.0596418
-4.78 -0.059514
-4.779 -0.059388
-4.778 -0.0592636
-4.777 -0.0591409
-4.776 -0.0590199
-4.775 -0.0589005
-4.774 -0.0587827
-4.773 -0.0586664
-4.772 -0.0585518
-4.771 -0.0584386
-4.77 -0.0583271
-4.769 -0.058217
-4.768 -0.0581084
-4.767 -0.0580014
-4.766 -0.0578958
-4.765 -0.0577916
-4.764 -0.0576889
-4.763 -0.0575875
-4.762 -0.0574876
-4.761 -0.0573891
-4.76 -0.057292
-4.759 -0.0571962
-4.758 -0.0571017
-4.757 -0.0570086
-4.756 -0.0569168
-4.755 -0.0568263
-4.754 -0.0567371
-4.753 -0.0566491
-4.752 -0.0565625
-4.751 -0.0564771
-4.75 -0.0563929
-4.749 -0.0563099
-4.748 -0.0562282
-4.747 -0.0561476
-4.746 -0.0560683
-4.745 -0.0559901
-4.744 -0.0559131
-4.743 -0.0558373
-4.742 -0.0557626
-4.741 -0.055689
-4.74 -0.0556166
-4.739 -0.0555453
-4.738 -0.0554751
-4.737 -0.0554059
-4.736 -0.0553379
-4.735 -0.0552709
-4.734 -0.0552051
-4.733 -0.0551402
-4.732 -0.0550764
-4.731 -0.0550137
-4.73 -0.054952
-4.729 -0.0548913
-4.728 -0.0548316
-4.727 -0.0547729
-4.726 -0.0547152
-4.725 -0.0546586
-4.724 -0.0546028
-4.723 -0.0545481
-4.722 -0.0544943
-4.721 -0.0544415
-4.72 -0.0543896
-4.719 -0.0543387
-4.718 -0.0542887
-4.717 -0.0542397
-4.716 -0.0541915
-4.715 -0.0541443
-4.714 -0.054098
-4.713 -0.0540526
-4.712 -0.054008
-4.711 -0.0539644
-4.71 -0.0539217
-4.709 -0.0538798
-4.708 -0.0538388
-4.707 -0.0537986
-4.706 -0.0537593
-4.705 -0.0537209
-4.704 -0.0536833
-4.703 -0.0536465
-4.702 -0.0536106
-4.701 -0.0535755
-4.7 -0.0535413
-4.699 -0.0535078
-4.698 -0.0534752
-4.697 -0.0534434
-4.696 -0.0534124
-4.695 -0.0533821
-4.694 -0.0533527
-4.693 -0.0533241
-4.692 -0.0532962
-4.691 -0.0532691
-4.69 -0.0532428
-4.689 -0.0532173
-4.688 -0.0531925
-4.687 -0.0531685
-4.686 -0.0531453
-4.685 -0.0531228
-4.684 -0.053101
-4.683 -0.05308
-4.682 -0.0530598
-4.681 -0.0530403
-4.68 -0.0530215
-4.679 -0.0530034
-4.678 -0.0529861
-4.677 -0.0529695
-4.676 -0.0529536
-4.675 -0.0529384
-4.674 -0.052924
-4.673 -0.0529102
-4.672 -0.0528972
-4.671 -0.0528849
-4.67 -0.0528732
-4.669 -0.0528623
-4.668 -0.052852
-4.667 -0.0528425
-4.666 -0.0528336
-4.665 -0.0528254
-4.664 -0.0528179
-4.663 -0.0528111
-4.662 -0.052805
-4.661 -0.0527995
-4.66 -0.0527947
-4.659 -0.0527905
-4.658 -0.0527871
-4.657 -0.0527843
-4.656 -0.0527821
-4.655 -0.0527807
-4.654 -0.0527798
-4.653 -0.0527797
-4.652 -0.0527801
-4.651 -0.0527813
-4.65 -0.052783
-4.649 -0.0527855
-4.648 -0.0527885
-4.647 -0.0527923
-4.646 -0.0527966
-4.645 -0.0528016
-4.644 -0.0528072
-4.643 -0.0528135
-4.642 -0.0528204
-4.641 -0.0528279
-4.64 -0.0528361
-4.639 -0.0528448
-4.638 -0.0528543
-4.637 -0.0528643
-4.636 -0.0528749
-4.635 -0.0528862
-4.634 -0.0528981
-4.633 -0.0529106
-4.632 -0.0529238
-4.631 -0.0529375
-4.63 -0.0529519
-4.629 -0.0529669
-4.628 -0.0529825
-4.627 -0.0529987
-4.626 -0.0530155
-4.625 -0.053033
-4.624 -0.053051
-4.623 -0.0530696
-4.622 -0.0530889
-4.621 -0.0531088
-4.62 -0.0531292
-4.619 -0.0531503
-4.618 -0.053172
-4.617 -0.0531942
-4.616 -0.0532171
-4.615 -0.0532406
-4.614 -0.0532647
-4.613 -0.0532894
-4.612 -0.0533146
-4.611 -0.0533405
-4.61 -0.053367
-4.609 -0.0533941
-4.608 -0.0534217
-4.607 -0.05345
-4.606 -0.0534789
-4.605 -0.0535083
-4.604 -0.0535384
-4.603 -0.0535691
-4.602 -0.0536003
-4.601 -0.0536322
-4.6 -0.0536646
-4.599 -0.0536976
-4.598 -0.0537313
-4.597 -0.0537655
-4.596 -0.0538003
-4.595 -0.0538357
-4.594 -0.0538717
-4.593 -0.0539083
-4.592 -0.0539455
-4.591 -0.0539833
-4.59 -0.0540217
-4.589 -0.0540607
-4.588 -0.0541003
-4.587 -0.0541405
-4.586 -0.0541812
-4.585 -0.0542226
-4.584 -0.0542646
-4.583 -0.0543071
-4.582 -0.0543503
-4.581 -0.0543941
-4.58 -0.0544384
-4.579 -0.0544834
-4.578 -0.0545289
-4.577 -0.0545751
-4.576 -0.0546218
-4.575 -0.0546692
-4.574 -0.0547171
-4.573 -0.0547657
-4.572 -0.0548149
-4.571 -0.0548646
-4.57 -0.054915
-4.569 -0.054966
-4.568 -0.0550176
-4.567 -0.0550697
-4.566 -0.0551225
-4.565 -0.0551759
-4.564 -0.0552299
-4.563 -0.0552846
-4.562 -0.0553398
-4.561 -0.0553956
-4.56 -0.0554521
-4.559 -0.0555092
-4.558 -0.0555669
-4.557 -0.0556252
-4.556 -0.0556841
-4.555 -0.0557436
-4.554 -0.0558038
-4.553 -0.0558646
-4.552 -0.055926
-4.551 -0.055988
-4.55 -0.0560507
-4.549 -0.056114
-4.548 -0.0561779
-4.547 -0.0562424
-4.546 -0.0563076
-4.545 -0.0563734
-4.544 -0.0564398
-4.543 -0.0565069
-4.542 -0.0565746
-4.541 -0.056643
-4.54 -0.056712
-4.539 -0.0567816
-4.538 -0.0568519
-4.537 -0.0569228
-4.536 -0.0569944
-4.535 -0.0570666
-4.534 -0.0571394
-4.533 -0.057213
-4.532 -0.0572871
-4.531 -0.057362
-4.53 -0.0574375
-4.529 -0.0575136
-4.528 -0.0575904
-4.527 -0.0576679
-4.526 -0.0577461
-4.525 -0.0578249
-4.524 -0.0579044
-4.523 -0.0579845
-4.522 -0.0580654
-4.521 -0.0581469
-4.52 -0.0582291
-4.519 -0.0583119
-4.518 -0.0583955
-4.517 -0.0584798
-4.516 -0.0585647
-4.515 -0.0586503
-4.514 -0.0587367
-4.513 -0.0588237
-4.512 -0.0589114
-4.511 -0.0589998
-4.51 -0.0590889
-4.509 -0.0591788
-4.508 -0.0592693
-4.507 -0.0593606
-4.506 -0.0594526
-4.505 -0.0595453
-4.504 -0.0596387
-4.503 -0.0597328
-4.502 -0.0598277
-4.501 -0.0599233
-4.5 -0.0600196
-4.499 -0.0601167
-4.498 -0.0602145
-4.497 -0.060313
-4.496 -0.0604123
-4.495 -0.0605124
-4.494 -0.0606131
-4.493 -0.0607147
-4.492 -0.060817
-4.491 -0.0609201
-4.49 -0.0610239
-4.489 -0.0611285
-4.488 -0.0612339
-4.487 -0.06134
-4.486 -0.061447
-4.485 -0.0615547
-4.484 -0.0616632
-4.483 -0.0617725
-4.482 -0.0618826
-4.481 -0.0619934
-4.48 -0.0621051
-4.479 -0.0622176
-4.478 -0.0623309
-4.477 -0.062445
-4.476 -0.0625599
-4.475 -0.0626757
-4.474 -0.0627923
-4.473 -0.0629097
-4.472 -0.0630279
-4.471 -0.063147
-4.47 -0.0632669
-4.469 -0.0633876
-4.468 -0.0635093
-4.467 -0.0636317
-4.466 -0.063755
-4.465 -0.0638792
-4.464 -0.0640043
-4.463 -0.0641302
-4.462 -0.064257
-4.461 -0.0643847
-4.46 -0.0645133
-4.459 -0.0646428
-4.458 -0.0647732
-4.457 -0.0649044
-4.456 -0.0650366
-4.455 -0.0651697
-4.454 -0.0653037
-4.453 -0.0654386
-4.452 -0.0655745
-4.451 -0.0657113
-4.45 -0.065849
-4.449 -0.0659876
-4.448 -0.0661273
-4.447 -0.0662678
-4.446 -0.0664094
-4.445 -0.0665519
-4.444 -0.0666953
-4.443 -0.0668398
-4.442 -0.0669852
-4.441 -0.0671316
-4.44 -0.067279
-4.439 -0.0674274
-4.438 -0.0675768
-4.437 -0.0677272
-4.436 -0.0678787
-4.435 -0.0680311
-4.434 -0.0681846
-4.433 -0.0683392
-4.432 -0.0684947
-4.431 -0.0686514
-4.43 -0.068809
-4.429 -0.0689678
-4.428 -0.0691276
-4.427 -0.0692885
-4.426 -0.0694505
-4.425 -0.0696135
-4.424 -0.0697777
-4.423 -0.0699429
-4.422 -0.0701093
-4.421 -0.0702768
-4.42 -0.0704454
-4.419 -0.0706152
-4.418 -0.0707861
-4.417 -0.0709581
-4.416 -0.0711313
-4.415 -0.0713057
-4.414 -0.0714812
-4.413 -0.0716579
-4.412 -0.0718358
-4.411 -0.0720149
-4.41 -0.0721952
-4.409 -0.0723767
-4.408 -0.0725594
-4.407 -0.0727434
-4.406 -0.0729286
-4.405 -0.073115
-4.404 -0.0733027
-4.403 -0.0734917
-4.402 -0.0736819
-4.401 -0.0738734
-4.4 -0.0740662
-4.399 -0.0742603
-4.398 -0.0744557
-4.397 -0.0746524
-4.396 -0.0748504
-4.395 -0.0750498
-4.394 -0.0752505
-4.393 -0.0754526
-4.392 -0.075656
-4.391 -0.0758609
-4.39 -0.0760671
-4.389 -0.0762747
-4.388 -0.0764837
-4.387 -0.0766941
-4.386 -0.0769059
-4.385 -0.0771192
-4.384 -0.077334
-4.383 -0.0775501
-4.382 -0.0777678
-4.381 -0.0779869
-4.38 -0.0782076
-4.379 -0.0784297
-4.378 -0.0786534
-4.377 -0.0788786
-4.376 -0.0791053
-4.375 -0.0793335
-4.374 -0.0795634
-4.373 -0.0797948
-4.372 -0.0800278
-4.371 -0.0802624
-4.37 -0.0804986
-4.369 -0.0807364
-4.368 -0.0809759
-4.367 -0.081217
-4.366 -0.0814598
-4.365 -0.0817042
-4.364 -0.0819504
-4.363 -0.0821982
-4.362 -0.0824478
-4.361 -0.0826991
-4.36 -0.0829521
-4.359 -0.0832069
-4.358 -0.0834635
-4.357 -0.0837219
-4.356 -0.0839821
-4.355 -0.0842441
-4.354 -0.0845079
-4.353 -0.0847736
-4.352 -0.0850411
-4.351 -0.0853105
-4.35 -0.0855819
-4.349 -0.0858551
-4.348 -0.0861303
-4.347 -0.0864074
-4.346 -0.0866864
-4.345 -0.0869675
-4.344 -0.0872505
-4.343 -0.0875356
-4.342 -0.0878227
-4.341 -0.0881118
-4.34 -0.088403
-4.339 -0.0886963
-4.338 -0.0889917
-4.337 -0.0892892
-4.336 -0.0895889
-4.335 -0.0898907
-4.334 -0.0901947
-4.333 -0.0905008
-4.332 -0.0908092
-4.331 -0.0911199
-4.33 -0.0914328
-4.329 -0.0917479
-4.328 -0.0920654
-4.327 -0.0923852
-4.326 -0.0927073
-4.325 -0.0930318
-4.324 -0.0933587
-4.323 -0.093688
-4.322 -0.0940197
-4.321 -0.0943539
-4.32 -0.0946905
-4.319 -0.0950296
-4.318 -0.0953713
-4.317 -0.0957155
-4.316 -0.0960623
-4.315 -0.0964116
-4.314 -0.0967636
-4.313 -0.0971182
-4.312 -0.0974755
-4.311 -0.0978355
-4.31 -0.0981982
-4.309 -0.0985636
-4.308 -0.0989319
-4.307 -0.0993029
-4.306 -0.0996767
-4.305 -0.100053
-4.304 -0.100433
-4.303 -0.100816
-4.302 -0.101201
-4.301 -0.101589
-4.3 -0.101981
-4.299 -0.102375
-4.298 -0.102773
-4.297 -0.103173
-4.296 -0.103577
-4.295 -0.103984
-4.294 -0.104394
-4.293 -0.104807
-4.292 -0.105224
-4.291 -0.105644
-4.29 -0.106067
-4.289 -0.106493
-4.288 -0.106923
-4.287 -0.107357
-4.286 -0.107793
-4.285 -0.108234
-4.284 -0.108677
-4.283 -0.109125
-4.282 -0.109576
-4.281 -0.11003
-4.28 -0.110489
-4.279 -0.110951
-4.278 -0.111417
-4.277 -0.111886
-4.276 -0.11236
-4.275 -0.112837
-4.274 -0.113319
-4.273 -0.113804
-4.272 -0.114293
-4.271 -0.114787
-4.27 -0.115284
-4.269 -0.115786
-4.268 -0.116292
-4.267 -0.116802
-4.266 -0.117317
-4.265 -0.117836
-4.264 -0.118359
-4.263 -0.118886
-4.262 -0.119419
-4.261 -0.119955
-4.26 -0.120497
-4.259 -0.121043
-4.258 -0.121594
-4.257 -0.122149
-4.256 -0.12271
-4.255 -0.123275
-4.254 -0.123845
-4.253 -0.12442
-4.252 -0.125001
-4.251 -0.125586
-4.25 -0.126177
-4.249 -0.126773
-4.248 -0.127374
-4.247 -0.12798
-4.246 -0.128592
-4.245 -0.12921
-4.244 -0.129833
-4.243 -0.130462
-4.242 -0.131096
-4.241 -0.131736
-4.24 -0.132383
-4.239 -0.133035
-4.238 -0.133693
-4.237 -0.134357
-4.236 -0.135027
-4.235 -0.135704
-4.234 -0.136387
-4.233 -0.137076
-4.232 -0.137772
-4.231 -0.138475
-4.23 -0.139184
-4.229 -0.1399
-4.228 -0.140623
-4.227 -0.141352
-4.226 -0.142089
-4.225 -0.142833
-4.224 -0.143584
-4.223 -0.144342
-4.222 -0.145108
-4.221 -0.145882
-4.22 -0.146663
-4.219 -0.147451
-4.218 -0.148248
-4.217 -0.149052
-4.216 -0.149865
-4.215 -0.150686
-4.214 -0.151515
-4.213 -0.152352
-4.212 -0.153198
-4.211 -0.154052
-4.21 -0.154916
-4.209 -0.155788
-4.208 -0.156669
-4.207 -0.15756
-4.206 -0.15846
-4.205 -0.159369
-4.204 -0.160287
-4.203 -0.161216
-4.202 -0.162154
-4.201 -0.163103
-4.2 -0.164061
-4.199 -0.16503
-4.198 -0.166009
-4.197 -0.166999
-4.196 -0.168
-4.195 -0.169011
-4.194 -0.170034
-4.193 -0.171068
-4.192 -0.172114
-4.191 -0.173171
-4.19 -0.17424
-4.189 -0.175321
-4.188 -0.176414
-4.187 -0.17752
-4.186 -0.178639
-4.185 -0.17977
-4.184 -0.180914
-4.183 -0.182072
-4.182 -0.183243
-4.181 -0.184428
-4.18 -0.185626
-4.179 -0.186839
-4.178 -0.188066
-4.177 -0.189308
-4.176 -0.190565
-4.175 -0.191837
-4.174 -0.193125
-4.173 -0.194428
-4.172 -0.195747
-4.171 -0.197082
-4.17 -0.198434
-4.169 -0.199803
-4.168 -0.201189
-4.167 -0.202592
-4.166 -0.204014
-4.165 -0.205453
-4.164 -0.20691
-4.163 -0.208387
-4.162 -0.209882
-4.161 -0.211398
-4.16 -0.212932
-4.159 -0.214487
-4.158 -0.216063
-4.157 -0.21766
-4.156 -0.219278
-4.155 -0.220918
-4.154 -0.22258
-4.153 -0.224265
-4.152 -0.225973
-4.151 -0.227705
-4.15 -0.22946
-4.149 -0.23124
-4.148 -0.233046
-4.147 -0.234877
-4.146 -0.236734
-4.145 -0.238617
-4.144 -0.240528
-4.143 -0.242467
-4.142 -0.244434
-4.141 -0.24643
-4.14 -0.248455
-4.139 -0.250511
-4.138 -0.252597
-4.137 -0.254716
-4.136 -0.256866
-4.135 -0.25905
-4.134 -0.261267
-4.133 -0.263519
-4.132 -0.265806
-4.131 -0.268129
-4.13 -0.270489
-4.129 -0.272886
-4.128 -0.275323
-4.127 -0.277799
-4.126 -0.280316
-4.125 -0.282874
-4.124 -0.285474
-4.123 -0.288119
-4.122 -0.290807
-4.121 -0.293542
-4.12 -0.296323
-4.119 -0.299153
-4.118 -0.302032
-4.117 -0.304961
-4.116 -0.307943
-4.115 -0.310977
-4.114 -0.314066
-4.113 -0.317212
-4.112 -0.320415
-4.111 -0.323677
-4.11 -0.327
-4.109 -0.330385
-4.108 -0.333834
-4.107 -0.33735
-4.106 -0.340933
-4.105 -0.344586
-4.104 -0.348311
-4.103 -0.35211
-4.102 -0.355985
-4.101 -0.359939
-4.1 -0.363973
-4.099 -0.36809
-4.098 -0.372294
-4.097 -0.376585
-4.096 -0.380968
-4.095 -0.385444
-4.094 -0.390018
-4.093 -0.394692
-4.092 -0.399469
-4.091 -0.404353
-4.09 -0.409348
-4.089 -0.414457
-4.088 -0.419684
-4.087 -0.425033
-4.086 -0.430508
-4.085 -0.436114
-4.084 -0.441856
-4.083 -0.447738
-4.082 -0.453766
-4.081 -0.459945
-4.08 -0.46628
-4.079 -0.472778
-4.078 -0.479445
-4.077 -0.486287
-4.076 -0.493312
-4.075 -0.500527
-4.074 -0.507938
-4.073 -0.515556
-4.072 -0.523387
-4.071 -0.531442
-4.07 -0.539729
-4.069 -0.548259
-4.068 -0.557043
-4.067 -0.566091
-4.066 -0.575417
-4.065 -0.585032
-4.064 -0.59495
-4.063 -0.605187
-4.062 -0.615756
-4.061 -0.626675
-4.06 -0.637961
-4.059 -0.649633
-4.058 -0.66171
-4.057 -0.674215
-4.056 -0.687169
-4.055 -0.700598
-4.054 -0.714528
-4.053 -0.728987
-4.052 -0.744006
-4.051 -0.759617
-4.05 -0.775857
-4.049 -0.792763
-4.048 -0.810378
-4.047 -0.828746
-4.046 -0.847918
-4.045 -0.867945
-4.044 -0.888888
-4.043 -0.910809
-4.042 -0.933778
-4.041 -0.957873
-4.04 -0.983177
-4.039 -1.00978
-4.038 -1.0378
-4.037 -1.06733
-4.036 -1.09851
-4.035 -1.13147
-4.034 -1.16638
-4.033 -1.20342
-4.032 -1.24277
-4.031 -1.28467
-4.03 -1.32937
-4.029 -1.37715
-4.028 -1.42836
-4.027 -1.48337
-4.026 -1.54262
-4.025 -1.60662
-4.024 -1.67596
-4.023 -1.75134
-4.022 -1.83357
-4.021 -1.92366
-4.02 -2.02276
-4.019 -2.1323
-4.018 -2.25402
-4.017 -2.39008
-4.016 -2.54316
-4.015 -2.71666
-4.014 -2.91497
-4.013 -3.1438
-4.012 -3.41078
-4.011 -3.72633
-4.01 -4.10501
-4.009 -4.56787
-4.008 -5.14646
-4.007 -5.8904
-4.006 -6.88235
-4.005 -8.27113
-4.004 -10.3544
-4.003 -13.8265
-4.002 -20.7708
-4.001 -41.604
-4 1.2484e+11
-3.999 41.7295
-3.998 20.8963
-3.997 13.952
-3.996 10.4799
-3.995 8.39665
-3.994 7.00787
-3.993 6.01592
-3.992 5.27199
-3.991 4.6934
-3.99 4.23055
-3.989 3.85187
-3.988 3.53633
-3.987 3.26935
-3.986 3.04053
-3.985 2.84223
-3.984 2.66873
-3.983 2.51566
-3.982 2.37961
-3.981 2.25789
-3.98 2.14836
-3.979 2.04927
-3.978 1.9592
-3.977 1.87697
-3.976 1.80161
-3.975 1.73228
-3.974 1.66829
-3.973 1.60906
-3.972 1.55406
-3.971 1.50287
-3.97 1.45509
-3.969 1.41041
-3.968 1.36852
-3.967 1.32919
-3.966 1.29217
-3.965 1.25728
-3.964 1.22433
-3.963 1.19317
-3.962 1.16365
-3.961 1.13566
-3.96 1.10907
-3.959 1.08379
-3.958 1.05971
-3.957 1.03676
-3.956 1.01486
-3.955 0.993941
-3.954 0.973935
-3.953 0.954786
-3.952 0.936441
-3.951 0.918849
-3.95 0.901967
-3.949 0.885751
-3.948 0.870165
-3.947 0.855171
-3.946 0.840738
-3.945 0.826835
-3.944 0.813433
-3.943 0.800505
-3.942 0.788029
-3.941 0.775979
-3.94 0.764336
-3.939 0.753079
-3.938 0.74219
-3.937 0.731651
-3.936 0.721445
-3.935 0.711558
-3.934 0.701974
-3.933 0.692681
-3.932 0.683665
-3.931 0.674915
-3.93 0.666419
-3.929 0.658165
-3.928 0.650146
-3.927 0.642349
-3.926 0.634768
-3.925 0.627392
-3.924 0.620214
-3.923 0.613227
-3.922 0.606422
-3.921 0.599793
-3.92 0.593334
-3.919 0.587037
-3.918 0.580898
-3.917 0.574911
-3.916 0.569069
-3.915 0.563368
-3.914 0.557804
-3.913 0.552371
-3.912 0.547064
-3.911 0.541881
-3.91 0.536816
-3.909 0.531865
-3.908 0.527026
-3.907 0.522294
-3.906 0.517666
-3.905 0.513138
-3.904 0.508708
-3.903 0.504373
-3.902 0.500129
-3.901 0.495974
-3.9 0.491906
-3.899 0.487921
-3.898 0.484017
-3.897 0.480193
-3.896 0.476445
-3.895 0.472771
-3.894 0.46917
-3.893 0.465639
-3.892 0.462176
-3.891 0.45878
-3.89 0.455449
-3.889 0.45218
-3.888 0.448973
-3.887 0.445826
-3.886 0.442737
-3.885 0.439704
-3.884 0.436727
-3.883 0.433803
-3.882 0.430932
-3.881 0.428112
-3.88 0.425341
-3.879 0.422619
-3.878 0.419945
-3.877 0.417317
-3.876 0.414734
-3.875 0.412196
-3.874 0.4097
-3.873 0.407246
-3.872 0.404834
-3.871 0.402461
-3.87 0.400128
-3.869 0.397833
-3.868 0.395576
-3.867 0.393355
-3.866 0.39117
-3.865 0.38902
-3.864 0.386905
-3.863 0.384823
-3.862 0.382773
-3.861 0.380756
-3.86 0.37877
-3.859 0.376816
-3.858 0.374891
-3.857 0.372995
-3.856 0.371129
-3.855 0.369291
-3.854 0.367481
-3.853 0.365698
-3.852 0.363941
-3.851 0.362211
-3.85 0.360507
-3.849 0.358827
-3.848 0.357172
-3.847 0.355541
-3.846 0.353934
-3.845 0.352351
-3.844 0.35079
-3.843 0.349251
-3.842 0.347735
-3.841 0.34624
-3.84 0.344766
-3.839 0.343313
-3.838 0.34188
-3.837 0.340468
-3.836 0.339075
-3.835 0.337701
-3.834 0.336347
-3.833 0.335011
-3.832 0.333694
-3.831 0.332394
-3.83 0.331113
-3.829 0.329848
-3.828 0.328601
-3.827 0.327371
-3.826 0.326157
-3.825 0.32496
-3.824 0.323778
-3.823 0.322613
-3.822 0.321463
-3.821 0.320328
-3.82 0.319208
-3.819 0.318103
-3.818 0.317012
-3.817 0.315936
-3.816 0.314874
-3.815 0.313826
-3.814 0.312791
-3.813 0.31177
-3.812 0.310762
-3.811 0.309768
-3.81 0.308786
-3.809 0.307816
-3.808 0.306859
-3.807 0.305915
-3.806 0.304982
-3.805 0.304062
-3.804 0.303153
-3.803 0.302256
-3.802 0.30137
-3.801 0.300496
-3.8 0.299632
-3.799 0.29878
-3.798 0.297938
-3.797 0.297107
-3.796 0.296286
-3.795 0.295476
-3.794 0.294676
-3.793 0.293887
-3.792 0.293107
-3.791 0.292336
-3.79 0.291576
-3.789 0.290825
-3.788 0.290084
-3.787 0.289352
-3.786 0.288629
-3.785 0.287915
-3.784 0.28721
-3.783 0.286514
-3.782 0.285826
-3.781 0.285147
-3.78 0.284477
-3.779 0.283815
-3.778 0.283162
-3.777 0.282516
-3.776 0.281879
-3.775 0.28125
-3.774 0.280628
-3.773 0.280015
-3.772 0.279409
-3.771 0.278811
-3.77 0.27822
-3.769 0.277637
-3.768 0.277061
-3.767 0.276493
-3.766 0.275931
-3.765 0.275377
-3.764 0.27483
-3.763 0.274289
-3.762 0.273756
-3.761 0.27323
-3.76 0.27271
-3.759 0.272197
-3.758 0.27169
-3.757 0.27119
-3.756 0.270696
-3.755 0.270209
-3.754 0.269728
-3.753 0.269253
-3.752 0.268785
-3.751 0.268322
-3.75 0.267866
-3.749 0.267416
-3.748 0.266971
-3.747 0.266533
-3.746 0.2661
-3.745 0.265673
-3.744 0.265252
-3.743 0.264836
-3.742 0.264426
-3.741 0.264022
-3.74 0.263623
-3.739 0.263229
-3.738 0.262841
-3.737 0.262458
-3.736 0.26208
-3.735 0.261708
-3.734 0.261341
-3.733 0.260979
-3.732 0.260622
-3.731 0.26027
-3.73 0.259923
-3.729 0.259581
-3.728 0.259244
-3.727 0.258912
-3.726 0.258584
-3.725 0.258262
-3.724 0.257944
-3.723 0.257631
-3.722 0.257322
-3.721 0.257018
-3.72 0.256719
-3.719 0.256424
-3.718 0.256134
-3.717 0.255849
-3.716 0.255567
-3.715 0.25529
-3.714 0.255018
-3.713 0.25475
-3.712 0.254486
-3.711 0.254226
-3.71 0.253971
-3.709 0.25372
-3.708 0.253473
-3.707 0.25323
-3.706 0.252991
-3.705 0.252757
-3.704 0.252526
-3.703 0.2523
-3.702 0.252077
-3.701 0.251859
-3.7 0.251644
-3.699 0.251433
-3.698 0.251226
-3.697 0.251024
-3.696 0.250824
-3.695 0.250629
-3.694 0.250438
-3.693 0.25025
-3.692 0.250066
-3.691 0.249885
-3.69 0.249709
-3.689 0.249536
-3.688 0.249367
-3.687 0.249201
-3.686 0.249039
-3.685 0.24888
-3.684 0.248725
-3.683 0.248574
-3.682 0.248426
-3.681 0.248282
-3.68 0.248141
-3.679 0.248003
-3.678 0.247869
-3.677 0.247738
-3.676 0.247611
-3.675 0.247487
-3.674 0.247367
-3.673 0.24725
-3.672 0.247136
-3.671 0.247025
-3.67 0.246918
-3.669 0.246814
-3.668 0.246713
-3.667 0.246616
-3.666 0.246522
-3.665 0.246431
-3.664 0.246343
-3.663 0.246258
-3.662 0.246177
-3.661 0.246098
-3.66 0.246023
-3.659 0.245951
-3.658 0.245882
-3.657 0.245816
-3.656 0.245754
-3.655 0.245694
-3.654 0.245637
-3.653 0.245584
-3.652 0.245533
-3.651 0.245486
-3.65 0.245441
-3.649 0.2454
-3.648 0.245361
-3.647 0.245326
-3.646 0.245293
-3.645 0.245263
-3.644 0.245237
-3.643 0.245213
-3.642 0.245192
-3.641 0.245174
-3.64 0.245159
-3.639 0.245147
-3.638 0.245138
-3.637 0.245132
-3.636 0.245128
-3.635 0.245128
-3.634 0.24513
-3.633 0.245135
-3.632 0.245143
-3.631 0.245154
-3.63 0.245167
-3.629 0.245184
-3.628 0.245203
-3.627 0.245225
-3.626 0.24525
-3.625 0.245277
-3.624 0.245308
-3.623 0.245341
-3.622 0.245377
-3.621 0.245416
-3.62 0.245457
-3.619 0.245501
-3.618 0.245548
-3.617 0.245598
-3.616 0.24565
-3.615 0.245705
-3.614 0.245763
-3.613 0.245824
-3.612 0.245887
-3.611 0.245953
-3.61 0.246022
-3.609 0.246093
-3.608 0.246167
-3.607 0.246244
-3.606 0.246324
-3.605 0.246406
-3.604 0.246491
-3.603 0.246578
-3.602 0.246669
-3.601 0.246762
-3.6 0.246857
-3.599 0.246955
-3.598 0.247056
-3.597 0.24716
-3.596 0.247266
-3.595 0.247375
-3.594 0.247487
-3.593 0.247601
-3.592 0.247718
-3.591 0.247838
-3.59 0.24796
-3.589 0.248085
-3.588 0.248212
-3.587 0.248342
-3.586 0.248475
-3.585 0.248611
-3.584 0.248749
-3.583 0.24889
-3.582 0.249033
-3.581 0.249179
-3.58 0.249328
-3.579 0.249479
-3.578 0.249633
-3.577 0.24979
-3.576 0.24995
-3.575 0.250112
-3.574 0.250276
-3.573 0.250444
-3.572 0.250614
-3.571 0.250786
-3.57 0.250962
-3.569 0.25114
-3.568 0.25132
-3.567 0.251503
-3.566 0.251689
-3.565 0.251878
-3.564 0.252069
-3.563 0.252263
-3.562 0.25246
-3.561 0.25266
-3.56 0.252862
-3.559 0.253066
-3.558 0.253274
-3.557 0.253484
-3.556 0.253697
-3.555 0.253912
-3.554 0.254131
-3.553 0.254351
-3.552 0.254575
-3.551 0.254801
-3.55 0.255031
-3.549 0.255262
-3.548 0.255497
-3.547 0.255734
-3.546 0.255974
-3.545 0.256217
-3.544 0.256463
-3.543 0.256711
-3.542 0.256962
-3.541 0.257216
-3.54 0.257472
-3.539 0.257732
-3.538 0.257994
-3.537 0.258259
-3.536 0.258526
-3.535 0.258797
-3.534 0.25907
-3.533 0.259346
-3.532 0.259625
-3.531 0.259907
-3.53 0.260192
-3.529 0.260479
-3.528 0.260769
-3.527 0.261063
-3.526 0.261359
-3.525 0.261658
-3.524 0.261959
-3.523 0.262264
-3.522 0.262572
-3.521 0.262882
-3.52 0.263195
-3.519 0.263512
-3.518 0.263831
-3.517 0.264153
-3.516 0.264478
-3.515 0.264806
-3.514 0.265137
-3.513 0.265471
-3.512 0.265808
-3.511 0.266148
-3.51 0.266491
-3.509 0.266837
-3.508 0.267186
-3.507 0.267538
-3.506 0.267893
-3.505 0.268251
-3.504 0.268613
-3.503 0.268977
-3.502 0.269344
-3.501 0.269715
-3.5 0.270088
-3.499 0.270465
-3.498 0.270845
-3.497 0.271228
-3.496 0.271614
-3.495 0.272003
-3.494 0.272395
-3.493 0.272791
-3.492 0.27319
-3.491 0.273592
-3.49 0.273997
-3.489 0.274406
-3.488 0.274818
-3.487 0.275233
-3.486 0.275651
-3.485 0.276073
-3.484 0.276498
-3.483 0.276926
-3.482 0.277358
-3.481 0.277793
-3.48 0.278231
-3.479 0.278673
-3.478 0.279118
-3.477 0.279566
-3.476 0.280018
-3.475 0.280474
-3.474 0.280933
-3.473 0.281395
-3.472 0.281861
-3.471 0.28233
-3.47 0.282803
-3.469 0.283279
-3.468 0.283759
-3.467 0.284243
-3.466 0.28473
-3.465 0.285221
-3.464 0.285715
-3.463 0.286213
-3.462 0.286715
-3.461 0.28722
-3.46 0.287729
-3.459 0.288242
-3.458 0.288759
-3.457 0.289279
-3.456 0.289803
-3.455 0.290331
-3.454 0.290863
-3.453 0.291398
-3.452 0.291938
-3.451 0.292481
-3.45 0.293028
-3.449 0.293579
-3.448 0.294134
-3.447 0.294693
-3.446 0.295256
-3.445 0.295823
-3.444 0.296394
-3.443 0.296969
-3.442 0.297548
-3.441 0.298131
-3.44 0.298719
-3.439 0.29931
-3.438 0.299906
-3.437 0.300506
-3.436 0.30111
-3.435 0.301718
-3.434 0.302331
-3.433 0.302947
-3.432 0.303569
-3.431 0.304194
-3.43 0.304824
-3.429 0.305458
-3.428 0.306097
-3.427 0.30674
-3.426 0.307388
-3.425 0.30804
-3.424 0.308696
-3.423 0.309358
-3.422 0.310023
-3.421 0.310694
-3.42 0.311369
-3.419 0.312048
-3.418 0.312733
-3.417 0.313422
-3.416 0.314116
-3.415 0.314815
-3.414 0.315518
-3.413 0.316226
-3.412 0.31694
-3.411 0.317658
-3.41 0.318381
-3.409 0.319109
-3.408 0.319842
-3.407 0.32058
-3.406 0.321323
-3.405 0.322072
-3.404 0.322825
-3.403 0.323584
-3.402 0.324348
-3.401 0.325117
-3.4 0.325891
-3.399 0.326671
-3.398 0.327456
-3.397 0.328247
-3.396 0.329042
-3.395 0.329844
-3.394 0.330651
-3.393 0.331463
-3.392 0.332281
-3.391 0.333105
-3.39 0.333934
-3.389 0.33477
-3.388 0.33561
-3.387 0.336457
-3.386 0.337309
-3.385 0.338168
-3.384 0.339032
-3.383 0.339902
-3.382 0.340779
-3.381 0.341661
-3.38 0.342549
-3.379 0.343444
-3.378 0.344344
-3.377 0.345251
-3.376 0.346165
-3.375 0.347084
-3.374 0.34801
-3.373 0.348943
-3.372 0.349881
-3.371 0.350827
-3.37 0.351779
-3.369 0.352737
-3.368 0.353703
-3.367 0.354675
-3.366 0.355653
-3.365 0.356639
-3.364 0.357631
-3.363 0.358631
-3.362 0.359637
-3.361 0.360651
-3.36 0.361671
-3.359 0.362699
-3.358 0.363734
-3.357 0.364776
-3.356 0.365826
-3.355 0.366883
-3.354 0.367947
-3.353 0.369019
-3.352 0.370099
-3.351 0.371186
-3.35 0.372281
-3.349 0.373384
-3.348 0.374494
-3.347 0.375613
-3.346 0.376739
-3.345 0.377874
-3.344 0.379016
-3.343 0.380167
-3.342 0.381326
-3.341 0.382493
-3.34 0.383669
-3.339 0.384853
-3.338 0.386046
-3.337 0.387247
-3.336 0.388457
-3.335 0.389676
-3.334 0.390904
-3.333 0.39214
-3.332 0.393386
-3.331 0.39464
-3.33 0.395904
-3.329 0.397177
-3.328 0.398459
-3.327 0.399751
-3.326 0.401052
-3.325 0.402363
-3.324 0.403683
-3.323 0.405013
-3.322 0.406353
-3.321 0.407703
-3.32 0.409063
-3.319 0.410433
-3.318 0.411813
-3.317 0.413204
-3.316 0.414605
-3.315 0.416016
-3.314 0.417438
-3.313 0.418871
-3.312 0.420314
-3.311 0.421769
-3.31 0.423234
-3.309 0.424711
-3.308 0.426198
-3.307 0.427698
-3.306 0.429208
-3.305 0.43073
-3.304 0.432264
-3.303 0.433809
-3.302 0.435367
-3.301 0.436936
-3.3 0.438517
-3.299 0.440111
-3.298 0.441717
-3.297 0.443336
-3.296 0.444967
-3.295 0.446611
-3.294 0.448268
-3.293 0.449938
-3.292 0.451621
-3.291 0.453317
-3.29 0.455027
-3.289 0.45675
-3.288 0.458487
-3.287 0.460237
-3.286 0.462002
-3.285 0.463781
-3.284 0.465574
-3.283 0.467381
-3.282 0.469204
-3.281 0.47104
-3.28 0.472892
-3.279 0.474759
-3.278 0.476641
-3.277 0.478538
-3.276 0.480451
-3.275 0.48238
-3.274 0.484324
-3.273 0.486285
-3.272 0.488261
-3.271 0.490254
-3.27 0.492264
-3.269 0.494291
-3.268 0.496334
-3.267 0.498395
-3.266 0.500473
-3.265 0.502568
-3.264 0.504682
-3.263 0.506813
-3.262 0.508962
-3.261 0.51113
-3.26 0.513317
-3.259 0.515522
-3.258 0.517746
-3.257 0.519989
-3.256 0.522252
-3.255 0.524535
-3.254 0.526837
-3.253 0.52916
-3.252 0.531503
-3.251 0.533866
-3.25 0.536251
-3.249 0.538656
-3.248 0.541083
-3.247 0.543532
-3.246 0.546003
-3.245 0.548496
-3.244 0.551011
-3.243 0.553549
-3.242 0.55611
-3.241 0.558694
-3.24 0.561302
-3.239 0.563934
-3.238 0.56659
-3.237 0.569271
-3.236 0.571976
-3.235 0.574707
-3.234 0.577463
-3.233 0.580245
-3.232 0.583053
-3.231 0.585887
-3.23 0.588748
-3.229 0.591637
-3.228 0.594552
-3.227 0.597496
-3.226 0.600468
-3.225 0.603469
-3.224 0.606499
-3.223 0.609558
-3.222 0.612647
-3.221 0.615766
-3.22 0.618916
-3.219 0.622097
-3.218 0.625309
-3.217 0.628553
-3.216 0.63183
-3.215 0.63514
-3.214 0.638482
-3.213 0.641859
-3.212 0.64527
-3.211 0.648715
-3.21 0.652196
-3.209 0.655712
-3.208 0.659265
-3.207 0.662854
-3.206 0.666481
-3.205 0.670146
-3.204 0.673849
-3.203 0.677591
-3.202 0.681372
-3.201 0.685194
-3.2 0.689056
-3.199 0.69296
-3.198 0.696906
-3.197 0.700895
-3.196 0.704927
-3.195 0.709002
-3.194 0.713123
-3.193 0.717289
-3.192 0.721501
-3.191 0.725759
-3.19 0.730066
-3.189 0.73442
-3.188 0.738824
-3.187 0.743277
-3.186 0.747782
-3.185 0.752337
-3.184 0.756945
-3.183 0.761606
-3.182 0.766322
-3.181 0.771092
-3.18 0.775918
-3.179 0.780801
-3.178 0.785742
-3.177 0.790741
-3.176 0.795801
-3.175 0.800921
-3.174 0.806103
-3.173 0.811348
-3.172 0.816657
-3.171 0.822031
-3.17 0.827471
-3.169 0.832979
-3.168 0.838556
-3.167 0.844203
-3.166 0.849921
-3.165 0.855711
-3.164 0.861575
-3.163 0.867515
-3.162 0.873531
-3.161 0.879625
-3.16 0.885799
-3.159 0.892053
-3.158 0.898391
-3.157 0.904812
-3.156 0.911319
-3.155 0.917914
-3.154 0.924598
-3.153 0.931372
-3.152 0.93824
-3.151 0.945202
-3.15 0.95226
-3.149 0.959417
-3.148 0.966674
-3.147 0.974034
-3.146 0.981498
-3.145 0.989069
-3.144 0.996748
-3.143 1.00454
-3.142 1.01244
-3.141 1.02046
-3.14 1.0286
-3.139 1.03686
-3.138 1.04525
-3.137 1.05376
-3.136 1.0624
-3.135 1.07117
-3.134 1.08008
-3.133 1.08912
-3.132 1.09831
-3.131 1.10764
-3.13 1.11712
-3.129 1.12675
-3.128 1.13653
-3.127 1.14648
-3.126 1.15658
-3.125 1.16685
-3.124 1.1773
-3.123 1.18791
-3.122 1.19871
-3.121 1.20969
-3.12 1.22085
-3.119 1.23221
-3.118 1.24377
-3.117 1.25553
-3.116 1.26749
-3.115 1.27967
-3.114 1.29207
-3.113 1.30469
-3.112 1.31754
-3.111 1.33063
-3.11 1.34397
-3.109 1.35755
-3.108 1.37139
-3.107 1.3855
-3.106 1.39987
-3.105 1.41453
-3.104 1.42947
-3.103 1.44471
-3.102 1.46025
-3.101 1.47611
-3.1 1.49229
-3.099 1.5088
-3.098 1.52566
-3.097 1.54287
-3.096 1.56044
-3.095 1.57839
-3.094 1.59673
-3.093 1.61547
-3.092 1.63463
-3.091 1.65421
-3.09 1.67423
-3.089 1.69471
-3.088 1.71567
-3.087 1.73711
-3.086 1.75906
-3.085 1.78153
-3.084 1.80454
-3.083 1.82811
-3.082 1.85227
-3.081 1.87703
-3.08 1.90242
-3.079 1.92846
-3.078 1.95518
-3.077 1.98259
-3.076 2.01074
-3.075 2.03965
-3.074 2.06934
-3.073 2.09986
-3.072 2.13123
-3.071 2.1635
-3.07 2.1967
-3.069 2.23087
-3.068 2.26605
-3.067 2.30229
-3.066 2.33964
-3.065 2.37815
-3.064 2.41788
-3.063 2.45887
-3.062 2.5012
-3.061 2.54493
-3.06 2.59012
-3.059 2.63686
-3.058 2.68522
-3.057 2.73529
-3.056 2.78716
-3.055 2.84093
-3.054 2.8967
-3.053 2.95458
-3.052 3.01471
-3.051 3.07721
-3.05 3.14222
-3.049 3.2099
-3.048 3.28041
-3.047 3.35394
-3.046 3.43068
-3.045 3.51084
-3.044 3.59466
-3.043 3.6824
-3.042 3.77433
-3.041 3.87076
-3.04 3.97204
-3.039 4.07852
-3.038 4.19062
-3.037 4.30881
-3.036 4.43357
-3.035 4.56549
-3.034 4.70519
-3.033 4.85337
-3.032 5.01084
-3.031 5.17849
-3.03 5.35734
-3.029 5.54855
-3.028 5.75345
-3.027 5.97354
-3.026 6.2106
-3.025 6.46664
-3.024 6.74405
-3.023 7.04562
-3.022 7.37464
-3.021 7.73502
-3.02 8.13148
-3.019 8.56971
-3.018 9.05667
-3.017 9.60096
-3.016 10.2133
-3.015 10.9074
-3.014 11.7007
-3.013 12.6161
-3.012 13.6841
-3.011 14.9463
-3.01 16.4611
-3.009 18.3126
-3.008 20.627
-3.007 23.6028
-3.006 27.5707
-3.005 33.1259
-3.004 41.4588
-3.003 55.3473
-3.002 83.1247
-3.001 166.458
-3 -7.45837e+11
-2.999 -166.876
-2.998 -83.5435
-2.997 -55.7661
-2.996 -41.8776
-2.995 -33.5446
-2.994 -27.9894
-2.993 -24.0216
-2.992 -21.0458
-2.991 -18.7313
-2.99 -16.8799
-2.989 -15.3651
-2.988 -14.1029
-2.987 -13.0349
-2.986 -12.1195
-2.985 -11.3263
-2.984 -10.6322
-2.983 -10.0199
-2.982 -9.47561
-2.981 -8.98868
-2.98 -8.55048
-2.979 -8.15405
-2.978 -7.7937
-2.977 -7.46472
-2.976 -7.16318
-2.975 -6.88581
-2.974 -6.6298
-2.973 -6.39278
-2.972 -6.17273
-2.971 -5.96788
-2.97 -5.77671
-2.969 -5.59791
-2.968 -5.4303
-2.967 -5.27288
-2.966 -5.12475
-2.965 -4.9851
-2.964 -4.85323
-2.963 -4.72852
-2.962 -4.61039
-2.961 -4.49834
-2.96 -4.39192
-2.959 -4.29071
-2.958 -4.19434
-2.957 -4.10247
-2.956 -4.01479
-2.955 -3.93104
-2.954 -3.85094
-2.953 -3.77427
-2.952 -3.70081
-2.951 -3.63037
-2.95 -3.56277
-2.949 -3.49783
-2.948 -3.43541
-2.947 -3.37536
-2.946 -3.31755
-2.945 -3.26186
-2.944 -3.20818
-2.943 -3.15639
-2.942 -3.10641
-2.941 -3.05813
-2.94 -3.01148
-2.939 -2.96638
-2.938 -2.92274
-2.937 -2.88051
-2.936 -2.83961
-2.935 -2.79998
-2.934 -2.76157
-2.933 -2.72432
-2.932 -2.68817
-2.931 -2.65309
-2.93 -2.61902
-2.929 -2.58593
-2.928 -2.55377
-2.927 -2.52251
-2.926 -2.4921
-2.925 -2.46251
-2.924 -2.43372
-2.923 -2.40569
-2.922 -2.37839
-2.921 -2.35179
-2.92 -2.32587
-2.919 -2.3006
-2.918 -2.27596
-2.917 -2.25192
-2.916 -2.22847
-2.915 -2.20559
-2.914 -2.18324
-2.913 -2.16143
-2.912 -2.14012
-2.911 -2.1193
-2.91 -2.09895
-2.909 -2.07906
-2.908 -2.05962
-2.907 -2.0406
-2.906 -2.022
-2.905 -2.0038
-2.904 -1.986
-2.903 -1.96857
-2.902 -1.9515
-2.901 -1.9348
-2.9 -1.91843
-2.899 -1.9024
-2.898 -1.8867
-2.897 -1.87131
-2.896 -1.85623
-2.895 -1.84144
-2.894 -1.82695
-2.893 -1.81273
-2.892 -1.79879
-2.891 -1.78511
-2.89 -1.7717
-2.889 -1.75853
-2.888 -1.74561
-2.887 -1.73293
-2.886 -1.72047
-2.885 -1.70825
-2.884 -1.69625
-2.883 -1.68446
-2.882 -1.67288
-2.881 -1.6615
-2.88 -1.65032
-2.879 -1.63934
-2.878 -1.62855
-2.877 -1.61794
-2.876 -1.60751
-2.875 -1.59726
-2.874 -1.58718
-2.873 -1.57726
-2.872 -1.56752
-2.871 -1.55793
-2.87 -1.5485
-2.869 -1.53922
-2.868 -1.53009
-2.867 -1.5211
-2.866 -1.51226
-2.865 -1.50356
-2.864 -1.495
-2.863 -1.48657
-2.862 -1.47827
-2.861 -1.4701
-2.86 -1.46205
-2.859 -1.45413
-2.858 -1.44633
-2.857 -1.43864
-2.856 -1.43107
-2.855 -1.42362
-2.854 -1.41627
-2.853 -1.40903
-2.852 -1.4019
-2.851 -1.39488
-2.85 -1.38795
-2.849 -1.38113
-2.848 -1.3744
-2.847 -1.36777
-2.846 -1.36123
-2.845 -1.35479
-2.844 -1.34844
-2.843 -1.34217
-2.842 -1.336
-2.841 -1.32991
-2.84 -1.3239
-2.839 -1.31798
-2.838 -1.31214
-2.837 -1.30637
-2.836 -1.30069
-2.835 -1.29508
-2.834 -1.28955
-2.833 -1.2841
-2.832 -1.27871
-2.831 -1.2734
-2.83 -1.26816
-2.829 -1.26299
-2.828 -1.25789
-2.827 -1.25285
-2.826 -1.24788
-2.825 -1.24297
-2.824 -1.23813
-2.823 -1.23335
-2.822 -1.22863
-2.821 -1.22397
-2.82 -1.21937
-2.819 -1.21484
-2.818 -1.21035
-2.817 -1.20593
-2.816 -1.20156
-2.815 -1.19725
-2.814 -1.19299
-2.813 -1.18878
-2.812 -1.18463
-2.811 -1.18052
-2.81 -1.17647
-2.809 -1.17247
-2.808 -1.16852
-2.807 -1.16462
-2.806 -1.16076
-2.805 -1.15696
-2.804 -1.15319
-2.803 -1.14948
-2.802 -1.14581
-2.801 -1.14218
-2.8 -1.1386
-2.799 -1.13506
-2.798 -1.13157
-2.797 -1.12812
-2.796 -1.1247
-2.795 -1.12133
-2.794 -1.118
-2.793 -1.11471
-2.792 -1.11146
-2.791 -1.10825
-2.79 -1.10507
-2.789 -1.10194
-2.788 -1.09884
-2.787 -1.09577
-2.786 -1.09275
-2.785 -1.08976
-2.784 -1.0868
-2.783 -1.08388
-2.782 -1.08099
-2.781 -1.07814
-2.78 -1.07532
-2.779 -1.07254
-2.778 -1.06978
-2.777 -1.06706
-2.776 -1.06438
-2.775 -1.06172
-2.774 -1.05909
-2.773 -1.0565
-2.772 -1.05393
-2.771 -1.0514
-2.77 -1.04889
-2.769 -1.04641
-2.768 -1.04397
-2.767 -1.04155
-2.766 -1.03916
-2.765 -1.03679
-2.764 -1.03446
-2.763 -1.03215
-2.762 -1.02987
-2.761 -1.02762
-2.76 -1.02539
-2.759 -1.02319
-2.758 -1.02101
-2.757 -1.01886
-2.756 -1.01674
-2.755 -1.01463
-2.754 -1.01256
-2.753 -1.01051
-2.752 -1.00848
-2.751 -1.00648
-2.75 -1.0045
-2.749 -1.00254
-2.748 -1.00061
-2.747 -0.998698
-2.746 -0.996811
-2.745 -0.994946
-2.744 -0.993103
-2.743 -0.991282
-2.742 -0.989483
-2.741 -0.987705
-2.74 -0.985949
-2.739 -0.984213
-2.738 -0.982499
-2.737 -0.980805
-2.736 -0.979132
-2.735 -0.977479
-2.734 -0.975846
-2.733 -0.974233
-2.732 -0.97264
-2.731 -0.971067
-2.73 -0.969512
-2.729 -0.967977
-2.728 -0.966461
-2.727 -0.964964
-2.726 -0.963485
-2.725 -0.962025
-2.724 -0.960583
-2.723 -0.959159
-2.722 -0.957753
-2.721 -0.956365
-2.72 -0.954995
-2.719 -0.953642
-2.718 -0.952307
-2.717 -0.950989
-2.716 -0.949688
-2.715 -0.948404
-2.714 -0.947137
-2.713 -0.945886
-2.712 -0.944652
-2.711 -0.943434
-2.71 -0.942232
-2.709 -0.941047
-2.708 -0.939878
-2.707 -0.938724
-2.706 -0.937586
-2.705 -0.936464
-2.704 -0.935357
-2.703 -0.934266
-2.702 -0.93319
-2.701 -0.932129
-2.7 -0.931083
-2.699 -0.930052
-2.698 -0.929035
-2.697 -0.928034
-2.696 -0.927047
-2.695 -0.926074
-2.694 -0.925116
-2.693 -0.924173
-2.692 -0.923243
-2.691 -0.922327
-2.69 -0.921426
-2.689 -0.920538
-2.688 -0.919664
-2.687 -0.918804
-2.686 -0.917957
-2.685 -0.917124
-2.684 -0.916304
-2.683 -0.915497
-2.682 -0.914704
-2.681 -0.913924
-2.68 -0.913157
-2.679 -0.912403
-2.678 -0.911662
-2.677 -0.910934
-2.676 -0.910218
-2.675 -0.909516
-2.674 -0.908825
-2.673 -0.908148
-2.672 -0.907482
-2.671 -0.90683
-2.67 -0.906189
-2.669 -0.905561
-2.668 -0.904945
-2.667 -0.90434
-2.666 -0.903748
-2.665 -0.903168
-2.664 -0.9026
-2.663 -0.902044
-2.662 -0.901499
-2.661 -0.900966
-2.66 -0.900445
-2.659 -0.899935
-2.658 -0.899437
-2.657 -0.898951
-2.656 -0.898475
-2.655 -0.898011
-2.654 -0.897559
-2.653 -0.897117
-2.652 -0.896687
-2.651 -0.896268
-2.65 -0.89586
-2.649 -0.895463
-2.648 -0.895077
-2.647 -0.894703
-2.646 -0.894338
-2.645 -0.893985
-2.644 -0.893643
-2.643 -0.893311
-2.642 -0.89299
-2.641 -0.89268
-2.64 -0.89238
-2.639 -0.892091
-2.638 -0.891812
-2.637 -0.891544
-2.636 -0.891286
-2.635 -0.891039
-2.634 -0.890802
-2.633 -0.890576
-2.632 -0.890359
-2.631 -0.890153
-2.63 -0.889957
-2.629 -0.889772
-2.628 -0.889596
-2.627 -0.889431
-2.626 -0.889276
-2.625 -0.889131
-2.624 -0.888995
-2.623 -0.88887
-2.622 -0.888755
-2.621 -0.88865
-2.62 -0.888554
-2.619 -0.888469
-2.618 -0.888393
-2.617 -0.888327
-2.616 -0.888271
-2.615 -0.888225
-2.614 -0.888188
-2.613 -0.888161
-2.612 -0.888144
-2.611 -0.888137
-2.61 -0.888139
-2.609 -0.888151
-2.608 -0.888172
-2.607 -0.888203
-2.606 -0.888243
-2.605 -0.888293
-2.604 -0.888353
-2.603 -0.888422
-2.602 -0.8885
-2.601 -0.888588
-2.6 -0.888686
-2.599 -0.888793
-2.598 -0.888909
-2.597 -0.889034
-2.596 -0.889169
-2.595 -0.889314
-2.594 -0.889467
-2.593 -0.88963
-2.592 -0.889803
-2.591 -0.889984
-2.59 -0.890175
-2.589 -0.890376
-2.588 -0.890585
-2.587 -0.890804
-2.586 -0.891032
-2.585 -0.891269
-2.584 -0.891516
-2.583 -0.891772
-2.582 -0.892037
-2.581 -0.892311
-2.58 -0.892594
-2.579 -0.892887
-2.578 -0.893188
-2.577 -0.893499
-2.576 -0.893819
-2.575 -0.894149
-2.574 -0.894487
-2.573 -0.894835
-2.572 -0.895192
-2.571 -0.895558
-2.57 -0.895933
-2.569 -0.896317
-2.568 -0.89671
-2.567 -0.897113
-2.566 -0.897525
-2.565 -0.897946
-2.564 -0.898376
-2.563 -0.898815
-2.562 -0.899263
-2.561 -0.899721
-2.56 -0.900187
-2.559 -0.900663
-2.558 -0.901148
-2.557 -0.901642
-2.556 -0.902146
-2.555 -0.902658
-2.554 -0.90318
-2.553 -0.903711
-2.552 -0.904251
-2.551 -0.9048
-2.55 -0.905359
-2.549 -0.905926
-2.548 -0.906503
-2.547 -0.907089
-2.546 -0.907685
-2.545 -0.908289
-2.544 -0.908903
-2.543 -0.909527
-2.542 -0.910159
-2.541 -0.910801
-2.54 -0.911452
-2.539 -0.912112
-2.538 -0.912782
-2.537 -0.913461
-2.536 -0.914149
-2.535 -0.914847
-2.534 -0.915554
-2.533 -0.916271
-2.532 -0.916997
-2.531 -0.917732
-2.53 -0.918477
-2.529 -0.919231
-2.528 -0.919995
-2.527 -0.920768
-2.526 -0.921551
-2.525 -0.922343
-2.524 -0.923145
-2.523 -0.923956
-2.522 -0.924777
-2.521 -0.925608
-2.52 -0.926448
-2.519 -0.927298
-2.518 -0.928157
-2.517 -0.929026
-2.516 -0.929905
-2.515 -0.930794
-2.514 -0.931692
-2.513 -0.9326
-2.512 -0.933518
-2.511 -0.934446
-2.51 -0.935384
-2.509 -0.936331
-2.508 -0.937289
-2.507 -0.938256
-2.506 -0.939234
-2.505 -0.940221
-2.504 -0.941218
-2.503 -0.942226
-2.502 -0.943243
-2.501 -0.944271
-2.5 -0.945309
-2.499 -0.946357
-2.498 -0.947415
-2.497 -0.948483
-2.496 -0.949562
-2.495 -0.950651
-2.494 -0.95175
-2.493 -0.952859
-2.492 -0.953979
-2.491 -0.95511
-2.49 -0.956251
-2.489 -0.957402
-2.488 -0.958564
-2.487 -0.959737
-2.486 -0.96092
-2.485 -0.962114
-2.484 -0.963318
-2.483 -0.964533
-2.482 -0.965759
-2.481 -0.966996
-2.48 -0.968244
-2.479 -0.969502
-2.478 -0.970772
-2.477 -0.972052
-2.476 -0.973344
-2.475 -0.974646
-2.474 -0.97596
-2.473 -0.977285
-2.472 -0.978621
-2.471 -0.979968
-2.47 -0.981326
-2.469 -0.982696
-2.468 -0.984077
-2.467 -0.98547
-2.466 -0.986874
-2.465 -0.98829
-2.464 -0.989717
-2.463 -0.991156
-2.462 -0.992607
-2.461 -0.994069
-2.46 -0.995544
-2.459 -0.99703
-2.458 -0.998528
-2.457 -1.00004
-2.456 -1.00156
-2.455 -1.00309
-2.454 -1.00464
-2.453 -1.0062
-2.452 -1.00777
-2.451 -1.00935
-2.45 -1.01095
-2.449 -1.01255
-2.448 -1.01417
-2.447 -1.01581
-2.446 -1.01745
-2.445 -1.01911
-2.444 -1.02078
-2.443 -1.02246
-2.442 -1.02416
-2.441 -1.02587
-2.44 -1.02759
-2.439 -1.02933
-2.438 -1.03108
-2.437 -1.03284
-2.436 -1.03461
-2.435 -1.0364
-2.434 -1.0382
-2.433 -1.04002
-2.432 -1.04185
-2.431 -1.04369
-2.43 -1.04555
-2.429 -1.04742
-2.428 -1.0493
-2.427 -1.0512
-2.426 -1.05311
-2.425 -1.05504
-2.424 -1.05698
-2.423 -1.05893
-2.422 -1.0609
-2.421 -1.06288
-2.42 -1.06488
-2.419 -1.06689
-2.418 -1.06892
-2.417 -1.07096
-2.416 -1.07302
-2.415 -1.07509
-2.414 -1.07718
-2.413 -1.07928
-2.412 -1.0814
-2.411 -1.08353
-2.41 -1.08568
-2.409 -1.08784
-2.408 -1.09002
-2.407 -1.09222
-2.406 -1.09443
-2.405 -1.09665
-2.404 -1.0989
-2.403 -1.10116
-2.402 -1.10343
-2.401 -1.10572
-2.4 -1.10803
-2.399 -1.11035
-2.398 -1.1127
-2.397 -1.11505
-2.396 -1.11743
-2.395 -1.11982
-2.394 -1.12223
-2.393 -1.12465
-2.392 -1.1271
-2.391 -1.12956
-2.39 -1.13204
-2.389 -1.13453
-2.388 -1.13705
-2.387 -1.13958
-2.386 -1.14213
-2.385 -1.1447
-2.384 -1.14728
-2.383 -1.14989
-2.382 -1.15251
-2.381 -1.15516
-2.38 -1.15782
-2.379 -1.1605
-2.378 -1.1632
-2.377 -1.16591
-2.376 -1.16865
-2.375 -1.17141
-2.374 -1.17419
-2.373 -1.17698
-2.372 -1.1798
-2.371 -1.18264
-2.37 -1.18549
-2.369 -1.18837
-2.368 -1.19127
-2.367 -1.19419
-2.366 -1.19713
-2.365 -1.20009
-2.364 -1.20307
-2.363 -1.20608
-2.362 -1.2091
-2.361 -1.21215
-2.36 -1.21522
-2.359 -1.21831
-2.358 -1.22142
-2.357 -1.22455
-2.356 -1.22771
-2.355 -1.23089
-2.354 -1.2341
-2.353 -1.23732
-2.352 -1.24057
-2.351 -1.24384
-2.35 -1.24714
-2.349 -1.25046
-2.348 -1.25381
-2.347 -1.25718
-2.346 -1.26057
-2.345 -1.26399
-2.344 -1.26743
-2.343 -1.2709
-2.342 -1.27439
-2.341 -1.27791
-2.34 -1.28145
-2.339 -1.28503
-2.338 -1.28862
-2.337 -1.29224
-2.336 -1.29589
-2.335 -1.29957
-2.334 -1.30327
-2.333 -1.307
-2.332 -1.31076
-2.331 -1.31455
-2.33 -1.31836
-2.329 -1.3222
-2.328 -1.32607
-2.327 -1.32997
-2.326 -1.3339
-2.325 -1.33786
-2.324 -1.34184
-2.323 -1.34586
-2.322 -1.34991
-2.321 -1.35398
-2.32 -1.35809
-2.319 -1.36223
-2.318 -1.3664
-2.317 -1.3706
-2.316 -1.37483
-2.315 -1.37909
-2.314 -1.38339
-2.313 -1.38772
-2.312 -1.39208
-2.311 -1.39648
-2.31 -1.40091
-2.309 -1.40537
-2.308 -1.40986
-2.307 -1.4144
-2.306 -1.41896
-2.305 -1.42356
-2.304 -1.4282
-2.303 -1.43287
-2.302 -1.43758
-2.301 -1.44233
-2.3 -1.44711
-2.299 -1.45193
-2.298 -1.45678
-2.297 -1.46168
-2.296 -1.46661
-2.295 -1.47158
-2.294 -1.47659
-2.293 -1.48164
-2.292 -1.48674
-2.291 -1.49187
-2.29 -1.49704
-2.289 -1.50225
-2.288 -1.5075
-2.287 -1.5128
-2.286 -1.51814
-2.285 -1.52352
-2.284 -1.52894
-2.283 -1.53441
-2.282 -1.53993
-2.281 -1.54548
-2.28 -1.55109
-2.279 -1.55673
-2.278 -1.56243
-2.277 -1.56817
-2.276 -1.57396
-2.275 -1.57979
-2.274 -1.58568
-2.273 -1.59161
-2.272 -1.59759
-2.271 -1.60362
-2.27 -1.6097
-2.269 -1.61584
-2.268 -1.62202
-2.267 -1.62826
-2.266 -1.63454
-2.265 -1.64089
-2.264 -1.64728
-2.263 -1.65373
-2.262 -1.66024
-2.261 -1.6668
-2.26 -1.67341
-2.259 -1.68009
-2.258 -1.68682
-2.257 -1.6936
-2.256 -1.70045
-2.255 -1.70736
-2.254 -1.71433
-2.253 -1.72136
-2.252 -1.72845
-2.251 -1.7356
-2.25 -1.74281
-2.249 -1.75009
-2.248 -1.75744
-2.247 -1.76485
-2.246 -1.77233
-2.245 -1.77987
-2.244 -1.78748
-2.243 -1.79516
-2.242 -1.80291
-2.241 -1.81073
-2.24 -1.81862
-2.239 -1.82658
-2.238 -1.83462
-2.237 -1.84273
-2.236 -1.85092
-2.235 -1.85918
-2.234 -1.86751
-2.233 -1.87593
-2.232 -1.88443
-2.231 -1.893
-2.23 -1.90166
-2.229 -1.91039
-2.228 -1.91922
-2.227 -1.92812
-2.226 -1.93711
-2.225 -1.94619
-2.224 -1.95535
-2.223 -1.96461
-2.222 -1.97395
-2.221 -1.98338
-2.22 -1.99291
-2.219 -2.00253
-2.218 -2.01224
-2.217 -2.02206
-2.216 -2.03197
-2.215 -2.04197
-2.214 -2.05208
-2.213 -2.06229
-2.212 -2.07261
-2.211 -2.08302
-2.21 -2.09355
-2.209 -2.10418
-2.208 -2.11492
-2.207 -2.12577
-2.206 -2.13674
-2.205 -2.14782
-2.204 -2.15901
-2.203 -2.17032
-2.202 -2.18175
-2.201 -2.19331
-2.2 -2.20498
-2.199 -2.21678
-2.198 -2.22871
-2.197 -2.24076
-2.196 -2.25295
-2.195 -2.26526
-2.194 -2.27771
-2.193 -2.2903
-2.192 -2.30303
-2.191 -2.3159
-2.19 -2.32891
-2.189 -2.34207
-2.188 -2.35537
-2.187 -2.36883
-2.186 -2.38243
-2.185 -2.39619
-2.184 -2.41011
-2.183 -2.42419
-2.182 -2.43844
-2.181 -2.45284
-2.18 -2.46742
-2.179 -2.48217
-2.178 -2.49709
-2.177 -2.51218
-2.176 -2.52746
-2.175 -2.54292
-2.174 -2.55857
-2.173 -2.57441
-2.172 -2.59043
-2.171 -2.60666
-2.17 -2.62308
-2.169 -2.63971
-2.168 -2.65655
-2.167 -2.67359
-2.166 -2.69085
-2.165 -2.70833
-2.164 -2.72602
-2.163 -2.74395
-2.162 -2.7621
-2.161 -2.78049
-2.16 -2.79912
-2.159 -2.818
-2.158 -2.83712
-2.157 -2.85649
-2.156 -2.87612
-2.155 -2.89602
-2.154 -2.91618
-2.153 -2.93662
-2.152 -2.95733
-2.151 -2.97833
-2.15 -2.99962
-2.149 -3.0212
-2.148 -3.04309
-2.147 -3.06528
-2.146 -3.08779
-2.145 -3.11062
-2.144 -3.13378
-2.143 -3.15727
-2.142 -3.1811
-2.141 -3.20528
-2.14 -3.22982
-2.139 -3.25472
-2.138 -3.27999
-2.137 -3.30564
-2.136 -3.33168
-2.135 -3.35812
-2.134 -3.38496
-2.133 -3.41222
-2.132 -3.4399
-2.131 -3.46802
-2.13 -3.49658
-2.129 -3.52559
-2.128 -3.55507
-2.127 -3.58503
-2.126 -3.61548
-2.125 -3.64642
-2.124 -3.67787
-2.123 -3.70985
-2.122 -3.74237
-2.121 -3.77543
-2.12 -3.80906
-2.119 -3.84327
-2.118 -3.87807
-2.117 -3.91347
-2.116 -3.9495
-2.115 -3.98618
-2.114 -4.0235
-2.113 -4.0615
-2.112 -4.1002
-2.111 -4.1396
-2.11 -4.17974
-2.109 -4.22063
-2.108 -4.26228
-2.107 -4.30474
-2.106 -4.348
-2.105 -4.39211
-2.104 -4.43708
-2.103 -4.48293
-2.102 -4.5297
-2.101 -4.57742
-2.1 -4.6261
-2.099 -4.67578
-2.098 -4.72649
-2.097 -4.77826
-2.096 -4.83113
-2.095 -4.88513
-2.094 -4.94029
-2.093 -4.99666
-2.092 -5.05427
-2.091 -5.11316
-2.09 -5.17338
-2.089 -5.23497
-2.088 -5.29798
-2.087 -5.36245
-2.086 -5.42844
-2.085 -5.49601
-2.084 -5.5652
-2.083 -5.63608
-2.082 -5.7087
-2.081 -5.78314
-2.08 -5.85946
-2.079 -5.93773
-2.078 -6.01803
-2.077 -6.10044
-2.076 -6.18504
-2.075 -6.27191
-2.074 -6.36115
-2.073 -6.45287
-2.072 -6.54715
-2.071 -6.64411
-2.07 -6.74386
-2.069 -6.84653
-2.068 -6.95224
-2.067 -7.06113
-2.066 -7.17335
-2.065 -7.28904
-2.064 -7.40838
-2.063 -7.53153
-2.062 -7.65868
-2.061 -7.79002
-2.06 -7.92577
-2.059 -8.06615
-2.058 -8.2114
-2.057 -8.36178
-2.056 -8.51756
-2.055 -8.67903
-2.054 -8.84651
-2.053 -9.02035
-2.052 -9.2009
-2.051 -9.38856
-2.05 -9.58377
-2.049 -9.78698
-2.048 -9.99869
-2.047 -10.2194
-2.046 -10.4498
-2.045 -10.6905
-2.044 -10.9422
-2.043 -11.2055
-2.042 -11.4815
-2.041 -11.771
-2.04 -12.075
-2.039 -12.3946
-2.038 -12.7311
-2.037 -13.0858
-2.036 -13.4603
-2.035 -13.8563
-2.034 -14.2755
-2.033 -14.7203
-2.032 -15.1929
-2.031 -15.696
-2.03 -16.2328
-2.029 -16.8066
-2.028 -17.4214
-2.027 -18.0819
-2.026 -18.7933
-2.025 -19.5616
-2.024 -20.394
-2.023 -21.2989
-2.022 -22.2861
-2.021 -23.3675
-2.02 -24.5571
-2.019 -25.8719
-2.018 -27.333
-2.017 -28.9661
-2.016 -30.8034
-2.015 -32.8858
-2.014 -35.2659
-2.013 -38.0122
-2.012 -41.2164
-2.011 -45.0034
-2.01 -49.5479
-2.009 -55.1025
-2.008 -62.0461
-2.007 -70.9737
-2.006 -82.8775
-2.005 -99.5433
-2.004 -124.542
-2.003 -166.208
-2.002 -249.54
-2.001 -499.54
-2 4.40734e+12
-1.999 500.462
-1.998 250.463
-1.997 167.131
-1.996 125.465
-1.995 100.466
-1.994 83.8004
-1.993 71.8966
-1.992 62.9689
-1.991 56.0254
-1.99 50.4708
-1.989 45.9263
-1.988 42.1394
-1.987 38.9352
-1.986 36.1889
-1.985 33.8089
-1.984 31.7266
-1.983 29.8893
-1.982 28.2563
-1.981 26.7952
-1.98 25.4804
-1.979 24.2909
-1.978 23.2096
-1.977 22.2225
-1.976 21.3176
-1.975 20.4853
-1.974 19.717
-1.973 19.0057
-1.972 18.3453
-1.971 17.7306
-1.97 17.1568
-1.969 16.6202
-1.968 16.1171
-1.967 15.6446
-1.966 15.2
-1.965 14.7808
-1.964 14.385
-1.963 14.0106
-1.962 13.656
-1.961 13.3196
-1.96 13.0001
-1.959 12.6962
-1.958 12.4068
-1.957 12.131
-1.956 11.8677
-1.955 11.6162
-1.954 11.3757
-1.953 11.1454
-1.952 10.9248
-1.951 10.7132
-1.95 10.5102
-1.949 10.3151
-1.948 10.1276
-1.947 9.94719
-1.946 9.77351
-1.945 9.60619
-1.944 9.44488
-1.943 9.28926
-1.942 9.13905
-1.941 8.99397
-1.94 8.85377
-1.939 8.71819
-1.938 8.58702
-1.937 8.46006
-1.936 8.33709
-1.935 8.21794
-1.934 8.10244
-1.933 7.99042
-1.932 7.88172
-1.931 7.77621
-1.93 7.67374
-1.929 7.57419
-1.928 7.47744
-1.927 7.38337
-1.926 7.29188
-1.925 7.20285
-1.924 7.1162
-1.923 7.03183
-1.922 6.94964
-1.921 6.86957
-1.92 6.79153
-1.919 6.71545
-1.918 6.64125
-1.917 6.56886
-1.916 6.49823
-1.915 6.42929
-1.914 6.36197
-1.913 6.29624
-1.912 6.23202
-1.911 6.16927
-1.91 6.10794
-1.909 6.04799
-1.908 5.98937
-1.907 5.93203
-1.906 5.87594
-1.905 5.82105
-1.904 5.76734
-1.903 5.71475
-1.902 5.66326
-1.901 5.61284
-1.9 5.56345
-1.899 5.51507
-1.898 5.46766
-1.897 5.42119
-1.896 5.37564
-1.895 5.33098
-1.894 5.28718
-1.893 5.24423
-1.892 5.2021
-1.891 5.16076
-1.89 5.1202
-1.889 5.08039
-1.888 5.04132
-1.887 5.00295
-1.886 4.96529
-1.885 4.9283
-1.884 4.89197
-1.883 4.85629
-1.882 4.82123
-1.881 4.78678
-1.88 4.75293
-1.879 4.71966
-1.878 4.68696
-1.877 4.65481
-1.876 4.6232
-1.875 4.59212
-1.874 4.56155
-1.873 4.53148
-1.872 4.50191
-1.871 4.47281
-1.87 4.44418
-1.869 4.41601
-1.868 4.38829
-1.867 4.36101
-1.866 4.33415
-1.865 4.30771
-1.864 4.28168
-1.863 4.25605
-1.862 4.23081
-1.861 4.20595
-1.86 4.18147
-1.859 4.15736
-1.858 4.13361
-1.857 4.1102
-1.856 4.08715
-1.855 4.06443
-1.854 4.04204
-1.853 4.01997
-1.852 3.99823
-1.851 3.97679
-1.85 3.95566
-1.849 3.93483
-1.848 3.91429
-1.847 3.89404
-1.846 3.87407
-1.845 3.85437
-1.844 3.83495
-1.843 3.8158
-1.842 3.7969
-1.841 3.77827
-1.84 3.75988
-1.839 3.74174
-1.838 3.72384
-1.837 3.70619
-1.836 3.68876
-1.835 3.67157
-1.834 3.6546
-1.833 3.63785
-1.832 3.62132
-1.831 3.605
-1.83 3.5889
-1.829 3.573
-1.828 3.5573
-1.827 3.5418
-1.826 3.5265
-1.825 3.51139
-1.824 3.49648
-1.823 3.48174
-1.822 3.4672
-1.821 3.45283
-1.82 3.43864
-1.819 3.42462
-1.818 3.41078
-1.817 3.3971
-1.816 3.38359
-1.815 3.37025
-1.814 3.35706
-1.813 3.34404
-1.812 3.33117
-1.811 3.31845
-1.81 3.30589
-1.809 3.29347
-1.808 3.28121
-1.807 3.26908
-1.806 3.2571
-1.805 3.24526
-1.804 3.23356
-1.803 3.22199
-1.802 3.21056
-1.801 3.19926
-1.8 3.18809
-1.799 3.17704
-1.798 3.16613
-1.797 3.15534
-1.796 3.14467
-1.795 3.13412
-1.794 3.1237
-1.793 3.11339
-1.792 3.1032
-1.791 3.09312
-1.79 3.08315
-1.789 3.0733
-1.788 3.06356
-1.787 3.05392
-1.786 3.04439
-1.785 3.03497
-1.784 3.02565
-1.783 3.01644
-1.782 3.00733
-1.781 2.99831
-1.78 2.9894
-1.779 2.98058
-1.778 2.97186
-1.777 2.96324
-1.776 2.95471
-1.775 2.94627
-1.774 2.93792
-1.773 2.92966
-1.772 2.9215
-1.771 2.91342
-1.77 2.90542
-1.769 2.89752
-1.768 2.8897
-1.767 2.88196
-1.766 2.87431
-1.765 2.86674
-1.764 2.85924
-1.763 2.85183
-1.762 2.8445
-1.761 2.83725
-1.76 2.83007
-1.759 2.82297
-1.758 2.81595
-1.757 2.809
-1.756 2.80212
-1.755 2.79532
-1.754 2.78859
-1.753 2.78193
-1.752 2.77534
-1.751 2.76882
-1.75 2.76237
-1.749 2.75599
-1.748 2.74967
-1.747 2.74342
-1.746 2.73724
-1.745 2.73113
-1.744 2.72507
-1.743 2.71909
-1.742 2.71316
-1.741 2.7073
-1.74 2.7015
-1.739 2.69576
-1.738 2.69008
-1.737 2.68446
-1.736 2.67891
-1.735 2.67341
-1.734 2.66796
-1.733 2.66258
-1.732 2.65725
-1.731 2.65198
-1.73 2.64677
-1.729 2.64161
-1.728 2.63651
-1.727 2.63146
-1.726 2.62646
-1.725 2.62152
-1.724 2.61663
-1.723 2.61179
-1.722 2.607
-1.721 2.60227
-1.72 2.59759
-1.719 2.59295
-1.718 2.58837
-1.717 2.58384
-1.716 2.57935
-1.715 2.57492
-1.714 2.57053
-1.713 2.56619
-1.712 2.5619
-1.711 2.55765
-1.71 2.55345
-1.709 2.5493
-1.708 2.54519
-1.707 2.54113
-1.706 2.53711
-1.705 2.53313
-1.704 2.52921
-1.703 2.52532
-1.702 2.52148
-1.701 2.51768
-1.7 2.51392
-1.699 2.51021
-1.698 2.50654
-1.697 2.50291
-1.696 2.49932
-1.695 2.49577
-1.694 2.49226
-1.693 2.4888
-1.692 2.48537
-1.691 2.48198
-1.69 2.47863
-1.689 2.47533
-1.688 2.47206
-1.687 2.46883
-1.686 2.46563
-1.685 2.46248
-1.684 2.45936
-1.683 2.45628
-1.682 2.45324
-1.681 2.45023
-1.68 2.44726
-1.679 2.44433
-1.678 2.44143
-1.677 2.43857
-1.676 2.43574
-1.675 2.43295
-1.674 2.4302
-1.673 2.42748
-1.672 2.42479
-1.671 2.42214
-1.67 2.41952
-1.669 2.41694
-1.668 2.41439
-1.667 2.41188
-1.666 2.40939
-1.665 2.40694
-1.664 2.40453
-1.663 2.40214
-1.662 2.39979
-1.661 2.39747
-1.66 2.39518
-1.659 2.39293
-1.658 2.3907
-1.657 2.38851
-1.656 2.38635
-1.655 2.38422
-1.654 2.38212
-1.653 2.38005
-1.652 2.37801
-1.651 2.37601
-1.65 2.37403
-1.649 2.37208
-1.648 2.37017
-1.647 2.36828
-1.646 2.36642
-1.645 2.36459
-1.644 2.36279
-1.643 2.36102
-1.642 2.35928
-1.641 2.35757
-1.64 2.35588
-1.639 2.35423
-1.638 2.3526
-1.637 2.351
-1.636 2.34943
-1.635 2.34789
-1.634 2.34637
-1.633 2.34489
-1.632 2.34343
-1.631 2.34199
-1.63 2.34059
-1.629 2.33921
-1.628 2.33786
-1.627 2.33654
-1.626 2.33524
-1.625 2.33397
-1.624 2.33272
-1.623 2.33151
-1.622 2.33032
-1.621 2.32915
-1.62 2.32801
-1.619 2.3269
-1.618 2.32581
-1.617 2.32475
-1.616 2.32372
-1.615 2.32271
-1.614 2.32172
-1.613 2.32077
-1.612 2.31983
-1.611 2.31893
-1.61 2.31804
-1.609 2.31718
-1.608 2.31635
-1.607 2.31554
-1.606 2.31476
-1.605 2.314
-1.604 2.31327
-1.603 2.31256
-1.602 2.31188
-1.601 2.31122
-1.6 2.31058
-1.599 2.30997
-1.598 2.30938
-1.597 2.30882
-1.596 2.30828
-1.595 2.30777
-1.594 2.30728
-1.593 2.30681
-1.592 2.30637
-1.591 2.30595
-1.59 2.30555
-1.589 2.30518
-1.588 2.30483
-1.587 2.30451
-1.586 2.30421
-1.585 2.30393
-1.584 2.30368
-1.583 2.30345
-1.582 2.30324
-1.581 2.30305
-1.58 2.30289
-1.579 2.30275
-1.578 2.30264
-1.577 2.30255
-1.576 2.30248
-1.575 2.30243
-1.574 2.30241
-1.573 2.30241
-1.572 2.30243
-1.571 2.30248
-1.57 2.30255
-1.569 2.30264
-1.568 2.30275
-1.567 2.30289
-1.566 2.30305
-1.565 2.30323
-1.564 2.30344
-1.563 2.30366
-1.562 2.30391
-1.561 2.30418
-1.56 2.30448
-1.559 2.3048
-1.558 2.30514
-1.557 2.3055
-1.556 2.30588
-1.555 2.30629
-1.554 2.30672
-1.553 2.30717
-1.552 2.30765
-1.551 2.30815
-1.55 2.30866
-1.549 2.30921
-1.548 2.30977
-1.547 2.31036
-1.546 2.31097
-1.545 2.3116
-1.544 2.31225
-1.543 2.31293
-1.542 2.31362
-1.541 2.31434
-1.54 2.31509
-1.539 2.31585
-1.538 2.31664
-1.537 2.31745
-1.536 2.31828
-1.535 2.31914
-1.534 2.32001
-1.533 2.32091
-1.532 2.32184
-1.531 2.32278
-1.53 2.32375
-1.529 2.32474
-1.528 2.32575
-1.527 2.32678
-1.526 2.32784
-1.525 2.32892
-1.524 2.33002
-1.523 2.33114
-1.522 2.33229
-1.521 2.33346
-1.52 2.33465
-1.519 2.33586
-1.518 2.3371
-1.517 2.33836
-1.516 2.33964
-1.515 2.34095
-1.514 2.34227
-1.513 2.34362
-1.512 2.345
-1.511 2.34639
-1.51 2.34781
-1.509 2.34926
-1.508 2.35072
-1.507 2.35221
-1.506 2.35372
-1.505 2.35525
-1.504 2.35681
-1.503 2.35839
-1.502 2.35999
-1.501 2.36162
-1.5 2.36327
-1.499 2.36495
-1.498 2.36664
-1.497 2.36836
-1.496 2.37011
-1.495 2.37187
-1.494 2.37366
-1.493 2.37548
-1.492 2.37732
-1.491 2.37918
-1.49 2.38106
-1.489 2.38297
-1.488 2.38491
-1.487 2.38686
-1.486 2.38885
-1.485 2.39085
-1.484 2.39288
-1.483 2.39494
-1.482 2.39701
-1.481 2.39912
-1.48 2.40124
-1.479 2.4034
-1.478 2.40557
-1.477 2.40777
-1.476 2.41
-1.475 2.41225
-1.474 2.41452
-1.473 2.41682
-1.472 2.41915
-1.471 2.4215
-1.47 2.42388
-1.469 2.42628
-1.468 2.4287
-1.467 2.43115
-1.466 2.43363
-1.465 2.43614
-1.464 2.43866
-1.463 2.44122
-1.462 2.4438
-1.461 2.4464
-1.46 2.44904
-1.459 2.4517
-1.458 2.45438
-1.457 2.45709
-1.456 2.45983
-1.455 2.46259
-1.454 2.46539
-1.453 2.4682
-1.452 2.47105
-1.451 2.47392
-1.45 2.47682
-1.449 2.47974
-1.448 2.4827
-1.447 2.48568
-1.446 2.48869
-1.445 2.49172
-1.444 2.49479
-1.443 2.49788
-1.442 2.501
-1.441 2.50415
-1.44 2.50733
-1.439 2.51053
-1.438 2.51376
-1.437 2.51703
-1.436 2.52032
-1.435 2.52364
-1.434 2.52699
-1.433 2.53037
-1.432 2.53377
-1.431 2.53721
-1.43 2.54068
-1.429 2.54417
-1.428 2.5477
-1.427 2.55126
-1.426 2.55485
-1.425 2.55846
-1.424 2.56211
-1.423 2.56579
-1.422 2.5695
-1.421 2.57324
-1.42 2.57701
-1.419 2.58082
-1.418 2.58465
-1.417 2.58852
-1.416 2.59242
-1.415 2.59635
-1.414 2.60031
-1.413 2.6043
-1.412 2.60833
-1.411 2.61239
-1.41 2.61649
-1.409 2.62061
-1.408 2.62477
-1.407 2.62896
-1.406 2.63319
-1.405 2.63745
-1.404 2.64175
-1.403 2.64608
-1.402 2.65044
-1.401 2.65484
-1.4 2.65927
-1.399 2.66374
-1.398 2.66824
-1.397 2.67278
-1.396 2.67736
-1.395 2.68197
-1.394 2.68662
-1.393 2.6913
-1.392 2.69602
-1.391 2.70078
-1.39 2.70557
-1.389 2.7104
-1.388 2.71527
-1.387 2.72018
-1.386 2.72512
-1.385 2.7301
-1.384 2.73513
-1.383 2.74019
-1.382 2.74529
-1.381 2.75042
-1.38 2.7556
-1.379 2.76082
-1.378 2.76608
-1.377 2.77138
-1.376 2.77672
-1.375 2.7821
-1.374 2.78752
-1.373 2.79298
-1.372 2.79849
-1.371 2.80403
-1.37 2.80962
-1.369 2.81525
-1.368 2.82093
-1.367 2.82665
-1.366 2.83241
-1.365 2.83821
-1.364 2.84406
-1.363 2.84996
-1.362 2.8559
-1.361 2.86188
-1.36 2.86791
-1.359 2.87398
-1.358 2.88011
-1.357 2.88627
-1.356 2.89249
-1.355 2.89875
-1.354 2.90506
-1.353 2.91142
-1.352 2.91782
-1.351 2.92428
-1.35 2.93078
-1.349 2.93734
-1.348 2.94394
-1.347 2.95059
-1.346 2.9573
-1.345 2.96405
-1.344 2.97086
-1.343 2.97772
-1.342 2.98463
-1.341 2.99159
-1.34 2.9986
-1.339 3.00567
-1.338 3.0128
-1.337 3.01997
-1.336 3.02721
-1.335 3.0345
-1.334 3.04184
-1.333 3.04924
-1.332 3.05669
-1.331 3.06421
-1.33 3.07178
-1.329 3.07941
-1.328 3.0871
-1.327 3.09484
-1.326 3.10265
-1.325 3.11051
-1.324 3.11844
-1.323 3.12643
-1.322 3.13448
-1.321 3.14259
-1.32 3.15077
-1.319 3.159
-1.318 3.16731
-1.317 3.17567
-1.316 3.1841
-1.315 3.1926
-1.314 3.20116
-1.313 3.20979
-1.312 3.21849
-1.311 3.22726
-1.31 3.23609
-1.309 3.24499
-1.308 3.25397
-1.307 3.26301
-1.306 3.27213
-1.305 3.28131
-1.304 3.29057
-1.303 3.2999
-1.302 3.30931
-1.301 3.31879
-1.3 3.32835
-1.299 3.33798
-1.298 3.34769
-1.297 3.35747
-1.296 3.36734
-1.295 3.37728
-1.294 3.38731
-1.293 3.39741
-1.292 3.4076
-1.291 3.41786
-1.29 3.42822
-1.289 3.43865
-1.288 3.44917
-1.287 3.45977
-1.286 3.47047
-1.285 3.48124
-1.284 3.49211
-1.283 3.50307
-1.282 3.51411
-1.281 3.52525
-1.28 3.53648
-1.279 3.5478
-1.278 3.55921
-1.277 3.57072
-1.276 3.58233
-1.275 3.59403
-1.274 3.60583
-1.273 3.61773
-1.272 3.62973
-1.271 3.64183
-1.27 3.65403
-1.269 3.66633
-1.268 3.67874
-1.267 3.69126
-1.266 3.70388
-1.265 3.71661
-1.264 3.72945
-1.263 3.74239
-1.262 3.75545
-1.261 3.76862
-1.26 3.78191
-1.259 3.79531
-1.258 3.80883
-1.257 3.82247
-1.256 3.83622
-1.255 3.8501
-1.254 3.86409
-1.253 3.87822
-1.252 3.89246
-1.251 3.90683
-1.25 3.92133
-1.249 3.93596
-1.248 3.95072
-1.247 3.96562
-1.246 3.98064
-1.245 3.9958
-1.244 4.0111
-1.243 4.02654
-1.242 4.04212
-1.241 4.05784
-1.24 4.07371
-1.239 4.08972
-1.238 4.10588
-1.237 4.12219
-1.236 4.13865
-1.235 4.15526
-1.234 4.17203
-1.233 4.18895
-1.232 4.20604
-1.231 4.22328
-1.23 4.24069
-1.229 4.25827
-1.228 4.27601
-1.227 4.29392
-1.226 4.31201
-1.225 4.33027
-1.224 4.3487
-1.223 4.36732
-1.222 4.38611
-1.221 4.40509
-1.22 4.42426
-1.219 4.44361
-1.218 4.46316
-1.217 4.4829
-1.216 4.50284
-1.215 4.52297
-1.214 4.54331
-1.213 4.56385
-1.212 4.5846
-1.211 4.60557
-1.21 4.62674
-1.209 4.64813
-1.208 4.66975
-1.207 4.69158
-1.206 4.71364
-1.205 4.73594
-1.204 4.75846
-1.203 4.78122
-1.202 4.80422
-1.201 4.82747
-1.2 4.85096
-1.199 4.8747
-1.198 4.8987
-1.197 4.92295
-1.196 4.94747
-1.195 4.97225
-1.194 4.99731
-1.193 5.02263
-1.192 5.04824
-1.191 5.07413
-1.19 5.10031
-1.189 5.12678
-1.188 5.15355
-1.187 5.18062
-1.186 5.208
-1.185 5.23568
-1.184 5.26369
-1.183 5.29201
-1.182 5.32067
-1.181 5.34965
-1.18 5.37897
-1.179 5.40864
-1.178 5.43866
-1.177 5.46903
-1.176 5.49976
-1.175 5.53086
-1.174 5.56233
-1.173 5.59418
-1.172 5.62642
-1.171 5.65906
-1.17 5.69209
-1.169 5.72553
-1.168 5.75939
-1.167 5.79367
-1.166 5.82838
-1.165 5.86352
-1.164 5.89912
-1.163 5.93516
-1.162 5.97167
-1.161 6.00865
-1.16 6.04611
-1.159 6.08405
-1.158 6.1225
-1.157 6.16145
-1.156 6.20092
-1.155 6.24092
-1.154 6.28145
-1.153 6.32254
-1.152 6.36418
-1.151 6.40639
-1.15 6.44918
-1.149 6.49257
-1.148 6.53656
-1.147 6.58116
-1.146 6.6264
-1.145 6.67228
-1.144 6.71882
-1.143 6.76602
-1.142 6.81391
-1.141 6.8625
-1.14 6.91181
-1.139 6.96184
-1.138 7.01262
-1.137 7.06416
-1.136 7.11647
-1.135 7.16958
-1.134 7.22351
-1.133 7.27826
-1.132 7.33387
-1.131 7.39035
-1.13 7.44771
-1.129 7.50599
-1.128 7.5652
-1.127 7.62536
-1.126 7.6865
-1.125 7.74864
-1.124 7.8118
-1.123 7.87601
-1.122 7.9413
-1.121 8.00769
-1.12 8.07521
-1.119 8.14388
-1.118 8.21374
-1.117 8.28482
-1.116 8.35715
-1.115 8.43076
-1.114 8.50569
-1.113 8.58196
-1.112 8.65962
-1.111 8.73871
-1.11 8.81925
-1.109 8.9013
-1.108 8.9849
-1.107 9.07008
-1.106 9.15689
-1.105 9.24539
-1.104 9.33561
-1.103 9.42761
-1.102 9.52144
-1.101 9.61715
-1.1 9.71481
-1.099 9.81446
-1.098 9.91618
-1.097 10.02
-1.096 10.1261
-1.095 10.2343
-1.094 10.345
-1.093 10.458
-1.092 10.5735
-1.091 10.6916
-1.09 10.8124
-1.089 10.9359
-1.088 11.0622
-1.087 11.1914
-1.086 11.3237
-1.085 11.4592
-1.084 11.5979
-1.083 11.7399
-1.082 11.8855
-1.081 12.0347
-1.08 12.1877
-1.079 12.3445
-1.078 12.5055
-1.077 12.6706
-1.076 12.8401
-1.075 13.0142
-1.074 13.193
-1.073 13.3768
-1.072 13.5657
-1.071 13.7599
-1.07 13.9598
-1.069 14.1655
-1.068 14.3772
-1.067 14.5954
-1.066 14.8201
-1.065 15.0519
-1.064 15.2909
-1.063 15.5375
-1.062 15.7922
-1.061 16.0552
-1.06 16.3271
-1.059 16.6082
-1.058 16.8991
-1.057 17.2002
-1.056 17.5121
-1.055 17.8354
-1.054 18.1707
-1.053 18.5188
-1.052 18.8802
-1.051 19.2559
-1.05 19.6467
-1.049 20.0535
-1.048 20.4773
-1.047 20.9192
-1.046 21.3804
-1.045 21.8621
-1.044 22.3658
-1.043 22.8929
-1.042 23.4453
-1.041 24.0246
-1.04 24.633
-1.039 25.2726
-1.038 25.946
-1.037 26.6559
-1.036 27.4052
-1.035 28.1975
-1.034 29.0365
-1.033 29.9263
-1.032 30.8719
-1.031 31.8786
-1.03 32.9525
-1.029 34.1005
-1.028 35.3307
-1.027 36.652
-1.026 38.0751
-1.025 39.6122
-1.024 41.2775
-1.023 43.0877
-1.022 45.0626
-1.021 47.2257
-1.02 49.6053
-1.019 52.2354
-1.018 55.158
-1.017 58.4246
-1.016 62.0997
-1.015 66.265
-1.014 71.0255
-1.013 76.5186
-1.012 82.9274
-1.011 90.5018
-1.01 99.5913
-1.009 110.701
-1.008 124.588
-1.007 142.444
-1.006 166.252
-1.005 199.584
-1.004 249.583
-1.003 332.915
-1.002 499.58
-1.001 999.579
-1 -3.03931e+14
-0.999 -1000.42
-0.998 -500.426
-0.997 -333.76
-0.996 -250.428
-0.995 -200.43
-0.994 -167.098
-0.993 -143.29
-0.992 -125.434
-0.991 -111.547
-0.99 -100.437
-0.989 -91.3475
-0.988 -83.7731
-0.987 -77.3643
-0.986 -71.8712
-0.985 -67.1107
-0.984 -62.9455
-0.983 -59.2705
-0.982 -56.0039
-0.981 -53.0814
-0.98 -50.4512
-0.979 -48.0717
-0.978 -45.9087
-0.977 -43.9338
-0.976 -42.1236
-0.975 -40.4584
-0.974 -38.9214
-0.973 -37.4983
-0.972 -36.177
-0.971 -34.9469
-0.97 -33.799
-0.969 -32.7251
-0.968 -31.7185
-0.967 -30.773
-0.966 -29.8832
-0.965 -29.0443
-0.964 -28.2521
-0.963 -27.5028
-0.962 -26.793
-0.961 -26.1197
-0.96 -25.4802
-0.959 -24.8719
-0.958 -24.2926
-0.957 -23.7404
-0.956 -23.2133
-0.955 -22.7097
-0.954 -22.2281
-0.953 -21.767
-0.952 -21.3252
-0.951 -20.9015
-0.95 -20.4948
-0.949 -20.1041
-0.948 -19.7285
-0.947 -19.3672
-0.946 -19.0193
-0.945 -18.684
-0.944 -18.3608
-0.943 -18.049
-0.942 -17.748
-0.941 -17.4573
-0.94 -17.1763
-0.939 -16.9046
-0.938 -16.6417
-0.937 -16.3871
-0.936 -16.1406
-0.935 -15.9017
-0.934 -15.6701
-0.933 -15.4455
-0.932 -15.2275
-0.931 -15.0159
-0.93 -14.8103
-0.929 -14.6106
-0.928 -14.4165
-0.927 -14.2278
-0.926 -14.0442
-0.925 -13.8655
-0.924 -13.6916
-0.923 -13.5222
-0.922 -13.3572
-0.921 -13.1965
-0.92 -13.0397
-0.919 -12.8869
-0.918 -12.7379
-0.917 -12.5925
-0.916 -12.4506
-0.915 -12.3121
-0.914 -12.1768
-0.913 -12.0447
-0.912 -11.9156
-0.911 -11.7895
-0.91 -11.6662
-0.909 -11.5456
-0.908 -11.4277
-0.907 -11.3124
-0.906 -11.1995
-0.905 -11.0891
-0.904 -10.981
-0.903 -10.8752
-0.902 -10.7715
-0.901 -10.67
-0.9 -10.5706
-0.899 -10.4731
-0.898 -10.3776
-0.897 -10.284
-0.896 -10.1922
-0.895 -10.1022
-0.894 -10.0139
-0.893 -9.92733
-0.892 -9.84237
-0.891 -9.759
-0.89 -9.67718
-0.889 -9.59686
-0.888 -9.518
-0.887 -9.44058
-0.886 -9.36454
-0.885 -9.28985
-0.884 -9.21648
-0.883 -9.14439
-0.882 -9.07356
-0.881 -9.00394
-0.88 -8.93551
-0.879 -8.86825
-0.878 -8.80211
-0.877 -8.73708
-0.876 -8.67312
-0.875 -8.61022
-0.874 -8.54834
-0.873 -8.48747
-0.872 -8.42757
-0.871 -8.36863
-0.87 -8.31062
-0.869 -8.25353
-0.868 -8.19733
-0.867 -8.142
-0.866 -8.08752
-0.865 -8.03388
-0.864 -7.98105
-0.863 -7.92902
-0.862 -7.87777
-0.861 -7.82728
-0.86 -7.77754
-0.859 -7.72853
-0.858 -7.68024
-0.857 -7.63265
-0.856 -7.58575
-0.855 -7.53951
-0.854 -7.49394
-0.853 -7.44901
-0.852 -7.40471
-0.851 -7.36104
-0.85 -7.31797
-0.849 -7.27549
-0.848 -7.2336
-0.847 -7.19228
-0.846 -7.15153
-0.845 -7.11132
-0.844 -7.07165
-0.843 -7.03251
-0.842 -6.99389
-0.841 -6.95579
-0.84 -6.91818
-0.839 -6.88106
-0.838 -6.84442
-0.837 -6.80826
-0.836 -6.77256
-0.835 -6.73732
-0.834 -6.70253
-0.833 -6.66818
-0.832 -6.63426
-0.831 -6.60076
-0.83 -6.56768
-0.829 -6.53501
-0.828 -6.50274
-0.827 -6.47087
-0.826 -6.43939
-0.825 -6.40829
-0.824 -6.37757
-0.823 -6.34722
-0.822 -6.31723
-0.821 -6.2876
-0.82 -6.25832
-0.819 -6.22938
-0.818 -6.20079
-0.817 -6.17253
-0.816 -6.1446
-0.815 -6.117
-0.814 -6.08971
-0.813 -6.06274
-0.812 -6.03608
-0.811 -6.00972
-0.81 -5.98366
-0.809 -5.95789
-0.808 -5.93242
-0.807 -5.90723
-0.806 -5.88232
-0.805 -5.85769
-0.804 -5.83333
-0.803 -5.80925
-0.802 -5.78542
-0.801 -5.76186
-0.8 -5.73855
-0.799 -5.7155
-0.798 -5.6927
-0.797 -5.67014
-0.796 -5.64783
-0.795 -5.62575
-0.794 -5.60391
-0.793 -5.58231
-0.792 -5.56093
-0.791 -5.53978
-0.79 -5.51885
-0.789 -5.49813
-0.788 -5.47764
-0.787 -5.45736
-0.786 -5.43729
-0.785 -5.41743
-0.784 -5.39777
-0.783 -5.37831
-0.782 -5.35906
-0.781 -5.34
-0.78 -5.32113
-0.779 -5.30246
-0.778 -5.28397
-0.777 -5.26567
-0.776 -5.24756
-0.775 -5.22962
-0.774 -5.21187
-0.773 -5.19429
-0.772 -5.17689
-0.771 -5.15966
-0.77 -5.1426
-0.769 -5.12571
-0.768 -5.10899
-0.767 -5.09243
-0.766 -5.07603
-0.765 -5.05979
-0.764 -5.04371
-0.763 -5.02778
-0.762 -5.01201
-0.761 -4.99639
-0.76 -4.98093
-0.759 -4.96561
-0.758 -4.95044
-0.757 -4.93541
-0.756 -4.92053
-0.755 -4.90578
-0.754 -4.89118
-0.753 -4.87672
-0.752 -4.86239
-0.751 -4.8482
-0.75 -4.83415
-0.749 -4.82022
-0.748 -4.80643
-0.747 -4.79276
-0.746 -4.77923
-0.745 -4.76582
-0.744 -4.75253
-0.743 -4.73937
-0.742 -4.72633
-0.741 -4.71341
-0.74 -4.70061
-0.739 -4.68793
-0.738 -4.67536
-0.737 -4.66291
-0.736 -4.65058
-0.735 -4.63836
-0.734 -4.62625
-0.733 -4.61425
-0.732 -4.60236
-0.731 -4.59058
-0.73 -4.57891
-0.729 -4.56734
-0.728 -4.55588
-0.727 -4.54452
-0.726 -4.53327
-0.725 -4.52212
-0.724 -4.51107
-0.723 -4.50011
-0.722 -4.48926
-0.721 -4.47851
-0.72 -4.46785
-0.719 -4.45729
-0.718 -4.44682
-0.717 -4.43645
-0.716 -4.42617
-0.715 -4.41598
-0.714 -4.40589
-0.713 -4.39588
-0.712 -4.38596
-0.711 -4.37614
-0.71 -4.3664
-0.709 -4.35675
-0.708 -4.34718
-0.707 -4.3377
-0.706 -4.32831
-0.705 -4.319
-0.704 -4.30977
-0.703 -4.30062
-0.702 -4.29156
-0.701 -4.28257
-0.7 -4.27367
-0.699 -4.26485
-0.698 -4.2561
-0.697 -4.24743
-0.696 -4.23884
-0.695 -4.23033
-0.694 -4.22189
-0.693 -4.21353
-0.692 -4.20525
-0.691 -4.19703
-0.69 -4.18889
-0.689 -4.18083
-0.688 -4.17283
-0.687 -4.16491
-0.686 -4.15706
-0.685 -4.14927
-0.684 -4.14156
-0.683 -4.13392
-0.682 -4.12634
-0.681 -4.11884
-0.68 -4.1114
-0.679 -4.10403
-0.678 -4.09672
-0.677 -4.08948
-0.676 -4.08231
-0.675 -4.0752
-0.674 -4.06815
-0.673 -4.06117
-0.672 -4.05425
-0.671 -4.0474
-0.67 -4.04061
-0.669 -4.03388
-0.668 -4.02721
-0.667 -4.0206
-0.666 -4.01405
-0.665 -4.00756
-0.664 -4.00113
-0.663 -3.99476
-0.662 -3.98845
-0.661 -3.9822
-0.66 -3.976
-0.659 -3.96987
-0.658 -3.96379
-0.657 -3.95776
-0.656 -3.9518
-0.655 -3.94588
-0.654 -3.94003
-0.653 -3.93423
-0.652 -3.92848
-0.651 -3.92279
-0.65 -3.91715
-0.649 -3.91156
-0.648 -3.90603
-0.647 -3.90055
-0.646 -3.89513
-0.645 -3.88975
-0.644 -3.88443
-0.643 -3.87916
-0.642 -3.87394
-0.641 -3.86877
-0.64 -3.86365
-0.639 -3.85858
-0.638 -3.85356
-0.637 -3.84859
-0.636 -3.84367
-0.635 -3.8388
-0.634 -3.83397
-0.633 -3.8292
-0.632 -3.82447
-0.631 -3.81979
-0.63 -3.81516
-0.629 -3.81057
-0.628 -3.80604
-0.627 -3.80154
-0.626 -3.7971
-0.625 -3.7927
-0.624 -3.78834
-0.623 -3.78404
-0.622 -3.77977
-0.621 -3.77555
-0.62 -3.77138
-0.619 -3.76725
-0.618 -3.76317
-0.617 -3.75912
-0.616 -3.75513
-0.615 -3.75117
-0.614 -3.74726
-0.613 -3.7434
-0.612 -3.73957
-0.611 -3.73579
-0.61 -3.73205
-0.609 -3.72835
-0.608 -3.72469
-0.607 -3.72108
-0.606 -3.71751
-0.605 -3.71398
-0.604 -3.71049
-0.603 -3.70704
-0.602 -3.70363
-0.601 -3.70026
-0.6 -3.69693
-0.599 -3.69364
-0.598 -3.6904
-0.597 -3.68719
-0.596 -3.68402
-0.595 -3.68089
-0.594 -3.6778
-0.593 -3.67475
-0.592 -3.67174
-0.591 -3.66877
-0.59 -3.66583
-0.589 -3.66294
-0.588 -3.66008
-0.587 -3.65726
-0.586 -3.65448
-0.585 -3.65173
-0.584 -3.64902
-0.583 -3.64636
-0.582 -3.64372
-0.581 -3.64113
-0.58 -3.63857
-0.579 -3.63605
-0.578 -3.63357
-0.577 -3.63112
-0.576 -3.62871
-0.575 -3.62633
-0.574 -3.62399
-0.573 -3.62169
-0.572 -3.61942
-0.571 -3.61719
-0.57 -3.615
-0.569 -3.61284
-0.568 -3.61072
-0.567 -3.60863
-0.566 -3.60657
-0.565 -3.60456
-0.564 -3.60257
-0.563 -3.60062
-0.562 -3.59871
-0.561 -3.59683
-0.56 -3.59499
-0.559 -3.59318
-0.558 -3.5914
-0.557 -3.58966
-0.556 -3.58796
-0.555 -3.58628
-0.554 -3.58464
-0.553 -3.58304
-0.552 -3.58147
-0.551 -3.57993
-0.55 -3.57843
-0.549 -3.57696
-0.548 -3.57552
-0.547 -3.57412
-0.546 -3.57275
-0.545 -3.57142
-0.544 -3.57011
-0.543 -3.56884
-0.542 -3.56761
-0.541 -3.56641
-0.54 -3.56523
-0.539 -3.5641
-0.538 -3.56299
-0.537 -3.56192
-0.536 -3.56088
-0.535 -3.55988
-0.534 -3.5589
-0.533 -3.55796
-0.532 -3.55705
-0.531 -3.55618
-0.53 -3.55533
-0.529 -3.55452
-0.528 -3.55374
-0.527 -3.55299
-0.526 -3.55228
-0.525 -3.5516
-0.524 -3.55095
-0.523 -3.55033
-0.522 -3.54974
-0.521 -3.54919
-0.52 -3.54867
-0.519 -3.54818
-0.518 -3.54772
-0.517 -3.54729
-0.516 -3.5469
-0.515 -3.54653
-0.514 -3.5462
-0.513 -3.5459
-0.512 -3.54564
-0.511 -3.5454
-0.51 -3.5452
-0.509 -3.54503
-0.508 -3.54489
-0.507 -3.54478
-0.506 -3.5447
-0.505 -3.54466
-0.504 -3.54464
-0.503 -3.54466
-0.502 -3.54471
-0.501 -3.54479
-0.5 -3.54491
-0.499 -3.54505
-0.498 -3.54523
-0.497 -3.54544
-0.496 -3.54568
-0.495 -3.54595
-0.494 -3.54625
-0.493 -3.54659
-0.492 -3.54696
-0.491 -3.54736
-0.49 -3.54779
-0.489 -3.54825
-0.488 -3.54874
-0.487 -3.54927
-0.486 -3.54983
-0.485 -3.55042
-0.484 -3.55104
-0.483 -3.55169
-0.482 -3.55238
-0.481 -3.55309
-0.48 -3.55384
-0.479 -3.55462
-0.478 -3.55544
-0.477 -3.55628
-0.476 -3.55716
-0.475 -3.55807
-0.474 -3.55901
-0.473 -3.55998
-0.472 -3.56099
-0.471 -3.56203
-0.47 -3.5631
-0.469 -3.5642
-0.468 -3.56534
-0.467 -3.5665
-0.466 -3.5677
-0.465 -3.56894
-0.464 -3.5702
-0.463 -3.5715
-0.462 -3.57283
-0.461 -3.5742
-0.46 -3.57559
-0.459 -3.57702
-0.458 -3.57849
-0.457 -3.57998
-0.456 -3.58151
-0.455 -3.58307
-0.454 -3.58467
-0.453 -3.5863
-0.452 -3.58796
-0.451 -3.58966
-0.45 -3.59139
-0.449 -3.59315
-0.448 -3.59495
-0.447 -3.59678
-0.446 -3.59864
-0.445 -3.60054
-0.444 -3.60247
-0.443 -3.60444
-0.442 -3.60644
-0.441 -3.60848
-0.44 -3.61055
-0.439 -3.61265
-0.438 -3.61479
-0.437 -3.61697
-0.436 -3.61918
-0.435 -3.62142
-0.434 -3.6237
-0.433 -3.62601
-0.432 -3.62836
-0.431 -3.63075
-0.43 -3.63317
-0.429 -3.63563
-0.428 -3.63812
-0.427 -3.64065
-0.426 -3.64321
-0.425 -3.64581
-0.424 -3.64845
-0.423 -3.65112
-0.422 -3.65383
-0.421 -3.65657
-0.42 -3.65936
-0.419 -3.66218
-0.418 -3.66503
-0.417 -3.66793
-0.416 -3.67086
-0.415 -3.67383
-0.414 -3.67684
-0.413 -3.67988
-0.412 -3.68296
-0.411 -3.68609
-0.41 -3.68924
-0.409 -3.69244
-0.408 -3.69568
-0.407 -3.69895
-0.406 -3.70227
-0.405 -3.70562
-0.404 -3.70901
-0.403 -3.71245
-0.402 -3.71592
-0.401 -3.71943
-0.4 -3.72298
-0.399 -3.72657
-0.398 -3.7302
-0.397 -3.73388
-0.396 -3.73759
-0.395 -3.74135
-0.394 -3.74514
-0.393 -3.74898
-0.392 -3.75286
-0.391 -3.75678
-0.39 -3.76074
-0.389 -3.76475
-0.388 -3.7688
-0.387 -3.77289
-0.386 -3.77702
-0.385 -3.78119
-0.384 -3.78541
-0.383 -3.78968
-0.382 -3.79399
-0.381 -3.79834
-0.38 -3.80273
-0.379 -3.80717
-0.378 -3.81166
-0.377 -3.81619
-0.376 -3.82076
-0.375 -3.82538
-0.374 -3.83005
-0.373 -3.83476
-0.372 -3.83952
-0.371 -3.84433
-0.37 -3.84918
-0.369 -3.85408
-0.368 -3.85903
-0.367 -3.86402
-0.366 -3.86907
-0.365 -3.87416
-0.364 -3.8793
-0.363 -3.88449
-0.362 -3.88973
-0.361 -3.89502
-0.36 -3.90036
-0.359 -3.90574
-0.358 -3.91118
-0.357 -3.91667
-0.356 -3.92222
-0.355 -3.92781
-0.354 -3.93345
-0.353 -3.93915
-0.352 -3.9449
-0.351 -3.9507
-0.35 -3.95656
-0.349 -3.96247
-0.348 -3.96843
-0.347 -3.97445
-0.346 -3.98052
-0.345 -3.98665
-0.344 -3.99283
-0.343 -3.99907
-0.342 -4.00537
-0.341 -4.01172
-0.34 -4.01813
-0.339 -4.0246
-0.338 -4.03112
-0.337 -4.03771
-0.336 -4.04435
-0.335 -4.05105
-0.334 -4.05781
-0.333 -4.06463
-0.332 -4.07152
-0.331 -4.07846
-0.33 -4.08547
-0.329 -4.09253
-0.328 -4.09966
-0.327 -4.10686
-0.326 -4.11411
-0.325 -4.12143
-0.324 -4.12882
-0.323 -4.13627
-0.322 -4.14378
-0.321 -4.15136
-0.32 -4.15901
-0.319 -4.16673
-0.318 -4.17451
-0.317 -4.18236
-0.316 -4.19028
-0.315 -4.19827
-0.314 -4.20633
-0.313 -4.21446
-0.312 -4.22266
-0.311 -4.23093
-0.31 -4.23928
-0.309 -4.2477
-0.308 -4.25619
-0.307 -4.26476
-0.306 -4.2734
-0.305 -4.28211
-0.304 -4.2909
-0.303 -4.29977
-0.302 -4.30872
-0.301 -4.31775
-0.3 -4.32685
-0.299 -4.33604
-0.298 -4.3453
-0.297 -4.35464
-0.296 -4.36407
-0.295 -4.37358
-0.294 -4.38318
-0.293 -4.39285
-0.292 -4.40261
-0.291 -4.41246
-0.29 -4.4224
-0.289 -4.43242
-0.288 -4.44253
-0.287 -4.45273
-0.286 -4.46302
-0.285 -4.4734
-0.284 -4.48387
-0.283 -4.49443
-0.282 -4.50509
-0.281 -4.51584
-0.28 -4.52669
-0.279 -4.53763
-0.278 -4.54867
-0.277 -4.55981
-0.276 -4.57105
-0.275 -4.58239
-0.274 -4.59383
-0.273 -4.60537
-0.272 -4.61701
-0.271 -4.62876
-0.27 -4.64062
-0.269 -4.65258
-0.268 -4.66465
-0.267 -4.67682
-0.266 -4.68911
-0.265 -4.70151
-0.264 -4.71402
-0.263 -4.72664
-0.262 -4.73938
-0.261 -4.75224
-0.26 -4.76521
-0.259 -4.7783
-0.258 -4.79151
-0.257 -4.80484
-0.256 -4.81829
-0.255 -4.83187
-0.254 -4.84557
-0.253 -4.8594
-0.252 -4.87336
-0.251 -4.88745
-0.25 -4.90167
-0.249 -4.91602
-0.248 -4.9305
-0.247 -4.94512
-0.246 -4.95988
-0.245 -4.97478
-0.244 -4.98981
-0.243 -5.00499
-0.242 -5.02031
-0.241 -5.03578
-0.24 -5.0514
-0.239 -5.06716
-0.238 -5.08308
-0.237 -5.09914
-0.236 -5.11537
-0.235 -5.13175
-0.234 -5.14828
-0.233 -5.16498
-0.232 -5.18184
-0.231 -5.19886
-0.23 -5.21605
-0.229 -5.23341
-0.228 -5.25094
-0.227 -5.26864
-0.226 -5.28652
-0.225 -5.30458
-0.224 -5.32281
-0.223 -5.34123
-0.222 -5.35983
-0.221 -5.37862
-0.22 -5.3976
-0.219 -5.41676
-0.218 -5.43613
-0.217 -5.45569
-0.216 -5.47545
-0.215 -5.49541
-0.214 -5.51558
-0.213 -5.53595
-0.212 -5.55654
-0.211 -5.57734
-0.21 -5.59836
-0.209 -5.61959
-0.208 -5.64105
-0.207 -5.66274
-0.206 -5.68465
-0.205 -5.7068
-0.204 -5.72919
-0.203 -5.75181
-0.202 -5.77467
-0.201 -5.79779
-0.2 -5.82115
-0.199 -5.84476
-0.198 -5.86864
-0.197 -5.89277
-0.196 -5.91717
-0.195 -5.94184
-0.194 -5.96678
-0.193 -5.992
-0.192 -6.01751
-0.191 -6.04329
-0.19 -6.06937
-0.189 -6.09575
-0.188 -6.12242
-0.187 -6.1494
-0.186 -6.17668
-0.185 -6.20429
-0.184 -6.23221
-0.183 -6.26045
-0.182 -6.28903
-0.181 -6.31794
-0.18 -6.34719
-0.179 -6.37679
-0.178 -6.40674
-0.177 -6.43704
-0.176 -6.46772
-0.175 -6.49876
-0.174 -6.53018
-0.173 -6.56198
-0.172 -6.59417
-0.171 -6.62676
-0.17 -6.65975
-0.169 -6.69315
-0.168 -6.72697
-0.167 -6.76121
-0.166 -6.79589
-0.165 -6.83101
-0.164 -6.86657
-0.163 -6.90259
-0.162 -6.93908
-0.161 -6.97604
-0.16 -7.01348
-0.159 -7.05142
-0.158 -7.08986
-0.157 -7.1288
-0.156 -7.16827
-0.155 -7.20826
-0.154 -7.2488
-0.153 -7.28988
-0.152 -7.33153
-0.151 -7.37375
-0.15 -7.41656
-0.149 -7.45996
-0.148 -7.50397
-0.147 -7.54859
-0.146 -7.59386
-0.145 -7.63976
-0.144 -7.68633
-0.143 -7.73357
-0.142 -7.78149
-0.141 -7.83012
-0.14 -7.87946
-0.139 -7.92954
-0.138 -7.98036
-0.137 -8.03194
-0.136 -8.08431
-0.135 -8.13748
-0.134 -8.19146
-0.133 -8.24627
-0.132 -8.30194
-0.131 -8.35848
-0.13 -8.41592
-0.129 -8.47426
-0.128 -8.53354
-0.127 -8.59378
-0.126 -8.655
-0.125 -8.71722
-0.124 -8.78047
-0.123 -8.84476
-0.122 -8.91014
-0.121 -8.97662
-0.12 -9.04423
-0.119 -9.113
-0.118 -9.18297
-0.117 -9.25415
-0.116 -9.32658
-0.115 -9.4003
-0.114 -9.47533
-0.113 -9.55172
-0.112 -9.6295
-0.111 -9.7087
-0.11 -9.78937
-0.109 -9.87154
-0.108 -9.95526
-0.107 -10.0406
-0.106 -10.1275
-0.105 -10.2162
-0.104 -10.3065
-0.103 -10.3986
-0.102 -10.4926
-0.101 -10.5885
-0.1 -10.6863
-0.099 -10.7861
-0.098 -10.888
-0.097 -10.992
-0.096 -11.0982
-0.095 -11.2066
-0.094 -11.3174
-0.093 -11.4306
-0.092 -11.5463
-0.091 -11.6646
-0.09 -11.7855
-0.089 -11.9091
-0.088 -12.0357
-0.087 -12.1651
-0.086 -12.2976
-0.085 -12.4332
-0.084 -12.5721
-0.083 -12.7144
-0.082 -12.8601
-0.081 -13.0095
-0.08 -13.1627
-0.079 -13.3198
-0.078 -13.4809
-0.077 -13.6463
-0.076 -13.816
-0.075 -13.9903
-0.074 -14.1693
-0.073 -14.3533
-0.072 -14.5424
-0.071 -14.7369
-0.07 -14.937
-0.069 -15.1429
-0.068 -15.3549
-0.067 -15.5732
-0.066 -15.7983
-0.065 -16.0302
-0.064 -16.2695
-0.063 -16.5164
-0.062 -16.7713
-0.061 -17.0346
-0.06 -17.3067
-0.059 -17.5881
-0.058 -17.8792
-0.057 -18.1806
-0.056 -18.4928
-0.055 -18.8163
-0.054 -19.152
-0.053 -19.5003
-0.052 -19.862
-0.051 -20.238
-0.05 -20.6291
-0.049 -21.0361
-0.048 -21.4602
-0.047 -21.9024
-0.046 -22.3639
-0.045 -22.8459
-0.044 -23.3499
-0.043 -23.8773
-0.042 -24.43
-0.041 -25.0096
-0.04 -25.6183
-0.039 -26.2583
-0.038 -26.932
-0.037 -27.6421
-0.036 -28.3918
-0.035 -29.1844
-0.034 -30.0237
-0.033 -30.9139
-0.032 -31.8598
-0.031 -32.8668
-0.03 -33.9411
-0.029 -35.0894
-0.028 -36.3199
-0.027 -37.6416
-0.026 -39.0651
-0.025 -40.6025
-0.024 -42.2682
-0.023 -44.0787
-0.022 -46.054
-0.021 -48.2174
-0.02 -50.5974
-0.019 -53.2279
-0.018 -56.1509
-0.017 -59.4178
-0.016 -63.0933
-0.015 -67.2589
-0.014 -72.0198
-0.013 -77.5133
-0.012 -83.9226
-0.011 -91.4973
-0.01 -100.587
-0.009 -111.697
-0.008 -125.585
-0.007 -143.441
-0.006 -167.25
-0.005 -200.582
-0.004 -250.581
-0.003 -333.914
-0.002 -500.579
-0.001 -1000.58
4.10089e-15 2.4385e+14
0.001 999.424
0.002 499.425
0.003 332.759
0.004 249.427
0.005 199.428
0.006 166.095
0.007 142.287
0.008 124.431
0.009 110.543
0.01 99.4326
0.011 90.3426
0.012 82.7679
0.013 76.3586
0.014 70.865
0.015 66.1041
0.016 61.9384
0.017 58.2629
0.018 54.9959
0.019 52.0728
0.02 49.4422
0.021 47.0622
0.022 44.8987
0.023 42.9233
0.024 41.1127
0.025 39.447
0.026 37.9094
0.027 36.4859
0.028 35.1641
0.029 33.9335
0.03 32.785
0.031 31.7107
0.032 30.7035
0.033 29.7575
0.034 28.8672
0.035 28.0278
0.036 27.235
0.037 26.4852
0.038 25.7749
0.039 25.1011
0.04 24.461
0.041 23.8521
0.042 23.2723
0.043 22.7195
0.044 22.1919
0.045 21.6878
0.046 21.2056
0.047 20.744
0.048 20.3016
0.049 19.8773
0.05 19.4701
0.051 19.0788
0.052 18.7027
0.053 18.3407
0.054 17.9922
0.055 17.6564
0.056 17.3326
0.057 17.0202
0.058 16.7187
0.059 16.4273
0.06 16.1457
0.061 15.8734
0.062 15.6099
0.063 15.3547
0.064 15.1076
0.065 14.8681
0.066 14.6359
0.067 14.4106
0.068 14.192
0.069 13.9798
0.07 13.7736
0.071 13.5733
0.072 13.3785
0.073 13.1891
0.074 13.0049
0.075 12.8256
0.076 12.651
0.077 12.481
0.078 12.3154
0.079 12.1539
0.08 11.9966
0.081 11.8431
0.082 11.6934
0.083 11.5473
0.084 11.4048
0.085 11.2656
0.086 11.1296
0.087 10.9968
0.088 10.867
0.089 10.7402
0.09 10.6162
0.091 10.495
0.092 10.3764
0.093 10.2603
0.094 10.1468
0.095 10.0356
0.096 9.92683
0.097 9.82028
0.098 9.71592
0.099 9.61368
0.1 9.51351
0.101 9.41533
0.102 9.31909
0.103 9.22474
0.104 9.13222
0.105 9.04147
0.106 8.95245
0.107 8.8651
0.108 8.77939
0.109 8.69527
0.11 8.61269
0.111 8.53161
0.112 8.45199
0.113 8.37379
0.114 8.29698
0.115 8.22152
0.116 8.14737
0.117 8.0745
0.118 8.00288
0.119 7.93247
0.12 7.86325
0.121 7.79519
0.122 7.72825
0.123 7.66242
0.124 7.59766
0.125 7.53394
0.126 7.47125
0.127 7.40956
0.128 7.34884
0.129 7.28908
0.13 7.23024
0.131 7.17232
0.132 7.11528
0.133 7.05911
0.134 7.00379
0.135 6.9493
0.136 6.89563
0.137 6.84274
0.138 6.79064
0.139 6.73929
0.14 6.68869
0.141 6.63881
0.142 6.58965
0.143 6.54118
0.144 6.4934
0.145 6.44628
0.146 6.39982
0.147 6.35401
0.148 6.30882
0.149 6.26424
0.15 6.22027
0.151 6.17689
0.152 6.1341
0.153 6.09186
0.154 6.05019
0.155 6.00906
0.156 5.96847
0.157 5.92841
0.158 5.88886
0.159 5.84982
0.16 5.81127
0.161 5.77321
0.162 5.73563
0.163 5.69852
0.164 5.66186
0.165 5.62566
0.166 5.58991
0.167 5.55459
0.168 5.5197
0.169 5.48523
0.17 5.45117
0.171 5.41752
0.172 5.38427
0.173 5.35141
0.174 5.31894
0.175 5.28684
0.176 5.25512
0.177 5.22376
0.178 5.19276
0.179 5.16212
0.18 5.13182
0.181 5.10187
0.182 5.07225
0.183 5.04296
0.184 5.014
0.185 4.98535
0.186 4.95703
0.187 4.92901
0.188 4.90129
0.189 4.87388
0.19 4.84676
0.191 4.81994
0.192 4.79339
0.193 4.76713
0.194 4.74115
0.195 4.71544
0.196 4.69
0.197 4.66482
0.198 4.63991
0.199 4.61525
0.2 4.59084
0.201 4.56669
0.202 4.54277
0.203 4.5191
0.204 4.49567
0.205 4.47247
0.206 4.44951
0.207 4.42677
0.208 4.40426
0.209 4.38196
0.21 4.35989
0.211 4.33803
0.212 4.31638
0.213 4.29494
0.214 4.27371
0.215 4.25268
0.216 4.23185
0.217 4.21122
0.218 4.19078
0.219 4.17054
0.22 4.15048
0.221 4.13061
0.222 4.11093
0.223 4.09143
0.224 4.0721
0.225 4.05296
0.226 4.03399
0.227 4.01519
0.228 3.99656
0.229 3.9781
0.23 3.9598
0.231 3.94167
0.232 3.9237
0.233 3.90589
0.234 3.88824
0.235 3.87074
0.236 3.85339
0.237 3.8362
0.238 3.81915
0.239 3.80226
0.24 3.7855
0.241 3.7689
0.242 3.75243
0.243 3.7361
0.244 3.71992
0.245 3.70387
0.246 3.68795
0.247 3.67217
0.248 3.65652
0.249 3.641
0.25 3.62561
0.251 3.61035
0.252 3.59521
0.253 3.58019
0.254 3.5653
0.255 3.55053
0.256 3.53588
0.257 3.52135
0.258 3.50693
0.259 3.49264
0.26 3.47845
0.261 3.46438
0.262 3.45042
0.263 3.43657
0.264 3.42283
0.265 3.40919
0.266 3.39567
0.267 3.38225
0.268 3.36893
0.269 3.35572
0.27 3.3426
0.271 3.32959
0.272 3.31668
0.273 3.30387
0.274 3.29115
0.275 3.27854
0.276 3.26601
0.277 3.25358
0.278 3.24125
0.279 3.229
0.28 3.21685
0.281 3.20479
0.282 3.19282
0.283 3.18093
0.284 3.16914
0.285 3.15743
0.286 3.1458
0.287 3.13426
0.288 3.12281
0.289 3.11143
0.29 3.10014
0.291 3.08893
0.292 3.0778
0.293 3.06676
0.294 3.05578
0.295 3.04489
0.296 3.03408
0.297 3.02334
0.298 3.01267
0.299 3.00208
0.3 2.99157
0.301 2.98113
0.302 2.97076
0.303 2.96046
0.304 2.95024
0.305 2.94008
0.306 2.92999
0.307 2.91998
0.308 2.91003
0.309 2.90015
0.31 2.89034
0.311 2.88059
0.312 2.87091
0.313 2.86129
0.314 2.85174
0.315 2.84225
0.316 2.83283
0.317 2.82347
0.318 2.81417
0.319 2.80493
0.32 2.79575
0.321 2.78663
0.322 2.77758
0.323 2.76858
0.324 2.75964
0.325 2.75076
0.326 2.74194
0.327 2.73317
0.328 2.72446
0.329 2.7158
0.33 2.70721
0.331 2.69866
0.332 2.69017
0.333 2.68174
0.334 2.67336
0.335 2.66503
0.336 2.65675
0.337 2.64853
0.338 2.64036
0.339 2.63223
0.34 2.62416
0.341 2.61614
0.342 2.60817
0.343 2.60025
0.344 2.59238
0.345 2.58455
0.346 2.57678
0.347 2.56905
0.348 2.56137
0.349 2.55373
0.35 2.54615
0.351 2.53861
0.352 2.53111
0.353 2.52366
0.354 2.51625
0.355 2.50889
0.356 2.50157
0.357 2.4943
0.358 2.48707
0.359 2.47988
0.36 2.47273
0.361 2.46563
0.362 2.45857
0.363 2.45155
0.364 2.44457
0.365 2.43764
0.366 2.43074
0.367 2.42388
0.368 2.41707
0.369 2.41029
0.37 2.40355
0.371 2.39685
0.372 2.39019
0.373 2.38357
0.374 2.37698
0.375 2.37044
0.376 2.36393
0.377 2.35745
0.378 2.35102
0.379 2.34462
0.38 2.33826
0.381 2.33193
0.382 2.32564
0.383 2.31938
0.384 2.31316
0.385 2.30697
0.386 2.30082
0.387 2.2947
0.388 2.28862
0.389 2.28257
0.39 2.27655
0.391 2.27057
0.392 2.26461
0.393 2.2587
0.394 2.25281
0.395 2.24696
0.396 2.24113
0.397 2.23534
0.398 2.22958
0.399 2.22386
0.4 2.21816
0.401 2.21249
0.402 2.20686
0.403 2.20125
0.404 2.19568
0.405 2.19013
0.406 2.18461
0.407 2.17913
0.408 2.17367
0.409 2.16824
0.41 2.16284
0.411 2.15747
0.412 2.15213
0.413 2.14681
0.414 2.14152
0.415 2.13626
0.416 2.13103
0.417 2.12583
0.418 2.12065
0.419 2.1155
0.42 2.11037
0.421 2.10527
0.422 2.1002
0.423 2.09516
0.424 2.09014
0.425 2.08514
0.426 2.08017
0.427 2.07523
0.428 2.07031
0.429 2.06542
0.43 2.06055
0.431 2.05571
0.432 2.05089
0.433 2.04609
0.434 2.04132
0.435 2.03657
0.436 2.03185
0.437 2.02715
0.438 2.02248
0.439 2.01782
0.44 2.01319
0.441 2.00859
0.442 2.004
0.443 1.99944
0.444 1.9949
0.445 1.99039
0.446 1.98589
0.447 1.98142
0.448 1.97697
0.449 1.97254
0.45 1.96814
0.451 1.96375
0.452 1.95939
0.453 1.95504
0.454 1.95072
0.455 1.94642
0.456 1.94214
0.457 1.93788
0.458 1.93364
0.459 1.92943
0.46 1.92523
0.461 1.92105
0.462 1.91689
0.463 1.91275
0.464 1.90863
0.465 1.90453
0.466 1.90045
0.467 1.89639
0.468 1.89235
0.469 1.88833
0.47 1.88433
0.471 1.88034
0.472 1.87638
0.473 1.87243
0.474 1.8685
0.475 1.86459
0.476 1.8607
0.477 1.85682
0.478 1.85297
0.479 1.84913
0.48 1.84531
0.481 1.8415
0.482 1.83772
0.483 1.83395
0.484 1.8302
0.485 1.82647
0.486 1.82275
0.487 1.81905
0.488 1.81537
0.489 1.8117
0.49 1.80805
0.491 1.80442
0.492 1.8008
0.493 1.7972
0.494 1.79362
0.495 1.79005
0.496 1.7865
0.497 1.78297
0.498 1.77945
0.499 1.77594
0.5 1.77245
0.501 1.76898
0.502 1.76552
0.503 1.76208
0.504 1.75866
0.505 1.75525
0.506 1.75185
0.507 1.74847
0.508 1.7451
0.509 1.74175
0.51 1.73842
0.511 1.73509
0.512 1.73179
0.513 1.72849
0.514 1.72522
0.515 1.72195
0.516 1.7187
0.517 1.71547
0.518 1.71224
0.519 1.70904
0.52 1.70584
0.521 1.70266
0.522 1.6995
0.523 1.69635
0.524 1.69321
0.525 1.69008
0.526 1.68697
0.527 1.68387
0.528 1.68079
0.529 1.67771
0.53 1.67466
0.531 1.67161
0.532 1.66858
0.533 1.66556
0.534 1.66255
0.535 1.65956
0.536 1.65657
0.537 1.65361
0.538 1.65065
0.539 1.64771
0.54 1.64477
0.541 1.64185
0.542 1.63895
0.543 1.63605
0.544 1.63317
0.545 1.6303
0.546 1.62744
0.547 1.62459
0.548 1.62176
0.549 1.61894
0.55 1.61612
0.551 1.61332
0.552 1.61054
0.553 1.60776
0.554 1.60499
0.555 1.60224
0.556 1.5995
0.557 1.59677
0.558 1.59405
0.559 1.59134
0.56 1.58864
0.561 1.58595
0.562 1.58328
0.563 1.58061
0.564 1.57796
0.565 1.57532
0.566 1.57269
0.567 1.57006
0.568 1.56745
0.569 1.56485
0.57 1.56226
0.571 1.55968
0.572 1.55711
0.573 1.55456
0.574 1.55201
0.575 1.54947
0.576 1.54694
0.577 1.54442
0.578 1.54192
0.579 1.53942
0.58 1.53693
0.581 1.53445
0.582 1.53198
0.583 1.52953
0.584 1.52708
0.585 1.52464
0.586 1.52221
0.587 1.51979
0.588 1.51738
0.589 1.51498
0.59 1.51259
0.591 1.51021
0.592 1.50784
0.593 1.50547
0.594 1.50312
0.595 1.50078
0.596 1.49844
0.597 1.49612
0.598 1.4938
0.599 1.49149
0.6 1.48919
0.601 1.4869
0.602 1.48462
0.603 1.48235
0.604 1.48009
0.605 1.47783
0.606 1.47559
0.607 1.47335
0.608 1.47112
0.609 1.4689
0.61 1.46669
0.611 1.46449
0.612 1.46229
0.613 1.46011
0.614 1.45793
0.615 1.45576
0.616 1.4536
0.617 1.45145
0.618 1.4493
0.619 1.44717
0.62 1.44504
0.621 1.44292
0.622 1.44081
0.623 1.4387
0.624 1.43661
0.625 1.43452
0.626 1.43244
0.627 1.43037
0.628 1.4283
0.629 1.42625
0.63 1.4242
0.631 1.42216
0.632 1.42012
0.633 1.4181
0.634 1.41608
0.635 1.41407
0.636 1.41207
0.637 1.41007
0.638 1.40808
0.639 1.4061
0.64 1.40413
0.641 1.40216
0.642 1.4002
0.643 1.39825
0.644 1.39631
0.645 1.39437
0.646 1.39244
0.647 1.39052
0.648 1.3886
0.649 1.3867
0.65 1.3848
0.651 1.3829
0.652 1.38101
0.653 1.37913
0.654 1.37726
0.655 1.37539
0.656 1.37353
0.657 1.37168
0.658 1.36984
0.659 1.368
0.66 1.36616
0.661 1.36434
0.662 1.36252
0.663 1.36071
0.664 1.3589
0.665 1.3571
0.666 1.35531
0.667 1.35352
0.668 1.35174
0.669 1.34997
0.67 1.3482
0.671 1.34644
0.672 1.34469
0.673 1.34294
0.674 1.3412
0.675 1.33947
0.676 1.33774
0.677 1.33601
0.678 1.3343
0.679 1.33259
0.68 1.33088
0.681 1.32919
0.682 1.32749
0.683 1.32581
0.684 1.32413
0.685 1.32246
0.686 1.32079
0.687 1.31913
0.688 1.31747
0.689 1.31582
0.69 1.31418
0.691 1.31254
0.692 1.31091
0.693 1.30928
0.694 1.30766
0.695 1.30604
0.696 1.30444
0.697 1.30283
0.698 1.30123
0.699 1.29964
0.7 1.29806
0.701 1.29647
0.702 1.2949
0.703 1.29333
0.704 1.29177
0.705 1.29021
0.706 1.28865
0.707 1.28711
0.708 1.28556
0.709 1.28403
0.71 1.2825
0.711 1.28097
0.712 1.27945
0.713 1.27793
0.714 1.27642
0.715 1.27492
0.716 1.27342
0.717 1.27192
0.718 1.27044
0.719 1.26895
0.72 1.26747
0.721 1.266
0.722 1.26453
0.723 1.26307
0.724 1.26161
0.725 1.26016
0.726 1.25871
0.727 1.25727
0.728 1.25583
0.729 1.25439
0.73 1.25297
0.731 1.25154
0.732 1.25012
0.733 1.24871
0.734 1.2473
0.735 1.2459
0.736 1.2445
0.737 1.24311
0.738 1.24172
0.739 1.24033
0.74 1.23895
0.741 1.23758
0.742 1.23621
0.743 1.23484
0.744 1.23348
0.745 1.23213
0.746 1.23078
0.747 1.22943
0.748 1.22809
0.749 1.22675
0.75 1.22542
0.751 1.22409
0.752 1.22276
0.753 1.22145
0.754 1.22013
0.755 1.21882
0.756 1.21751
0.757 1.21621
0.758 1.21492
0.759 1.21362
0.76 1.21234
0.761 1.21105
0.762 1.20977
0.763 1.2085
0.764 1.20723
0.765 1.20596
0.766 1.2047
0.767 1.20344
0.768 1.20219
0.769 1.20094
0.77 1.19969
0.771 1.19845
0.772 1.19721
0.773 1.19598
0.774 1.19475
0.775 1.19353
0.776 1.19231
0.777 1.19109
0.778 1.18988
0.779 1.18867
0.78 1.18747
0.781 1.18627
0.782 1.18508
0.783 1.18388
0.784 1.1827
0.785 1.18151
0.786 1.18033
0.787 1.17916
0.788 1.17799
0.789 1.17682
0.79 1.17566
0.791 1.1745
0.792 1.17334
0.793 1.17219
0.794 1.17104
0.795 1.16989
0.796 1.16875
0.797 1.16762
0.798 1.16648
0.799 1.16536
0.8 1.16423
0.801 1.16311
0.802 1.16199
0.803 1.16088
0.804 1.15977
0.805 1.15866
0.806 1.15756
0.807 1.15646
0.808 1.15536
0.809 1.15427
0.81 1.15318
0.811 1.1521
0.812 1.15101
0.813 1.14994
0.814 1.14886
0.815 1.14779
0.816 1.14673
0.817 1.14566
0.818 1.1446
0.819 1.14355
0.82 1.14249
0.821 1.14144
0.822 1.1404
0.823 1.13936
0.824 1.13832
0.825 1.13728
0.826 1.13625
0.827 1.13522
0.828 1.1342
0.829 1.13318
0.83 1.13216
0.831 1.13114
0.832 1.13013
0.833 1.12912
0.834 1.12812
0.835 1.12712
0.836 1.12612
0.837 1.12512
0.838 1.12413
0.839 1.12314
0.84 1.12216
0.841 1.12118
0.842 1.1202
0.843 1.11922
0.844 1.11825
0.845 1.11728
0.846 1.11631
0.847 1.11535
0.848 1.11439
0.849 1.11344
0.85 1.11248
0.851 1.11153
0.852 1.11059
0.853 1.10964
0.854 1.1087
0.855 1.10777
0.856 1.10683
0.857 1.1059
0.858 1.10497
0.859 1.10405
0.86 1.10312
0.861 1.10221
0.862 1.10129
0.863 1.10038
0.864 1.09947
0.865 1.09856
0.866 1.09766
0.867 1.09675
0.868 1.09586
0.869 1.09496
0.87 1.09407
0.871 1.09318
0.872 1.09229
0.873 1.09141
0.874 1.09053
0.875 1.08965
0.876 1.08878
0.877 1.08791
0.878 1.08704
0.879 1.08617
0.88 1.08531
0.881 1.08445
0.882 1.08359
0.883 1.08274
0.884 1.08188
0.885 1.08103
0.886 1.08019
0.887 1.07934
0.888 1.0785
0.889 1.07767
0.89 1.07683
0.891 1.076
0.892 1.07517
0.893 1.07434
0.894 1.07352
0.895 1.0727
0.896 1.07188
0.897 1.07106
0.898 1.07025
0.899 1.06944
0.9 1.06863
0.901 1.06782
0.902 1.06702
0.903 1.06622
0.904 1.06542
0.905 1.06463
0.906 1.06384
0.907 1.06305
0.908 1.06226
0.909 1.06147
0.91 1.06069
0.911 1.05991
0.912 1.05914
0.913 1.05836
0.914 1.05759
0.915 1.05682
0.916 1.05606
0.917 1.05529
0.918 1.05453
0.919 1.05377
0.92 1.05302
0.921 1.05226
0.922 1.05151
0.923 1.05076
0.924 1.05001
0.925 1.04927
0.926 1.04853
0.927 1.04779
0.928 1.04705
0.929 1.04632
0.93 1.04559
0.931 1.04486
0.932 1.04413
0.933 1.04341
0.934 1.04269
0.935 1.04197
0.936 1.04125
0.937 1.04053
0.938 1.03982
0.939 1.03911
0.94 1.0384
0.941 1.0377
0.942 1.03699
0.943 1.03629
0.944 1.0356
0.945 1.0349
0.946 1.03421
0.947 1.03351
0.948 1.03282
0.949 1.03214
0.95 1.03145
0.951 1.03077
0.952 1.03009
0.953 1.02941
0.954 1.02874
0.955 1.02806
0.956 1.02739
0.957 1.02672
0.958 1.02606
0.959 1.02539
0.96 1.02473
0.961 1.02407
0.962 1.02341
0.963 1.02276
0.964 1.02211
0.965 1.02145
0.966 1.02081
0.967 1.02016
0.968 1.01951
0.969 1.01887
0.97 1.01823
0.971 1.01759
0.972 1.01696
0.973 1.01632
0.974 1.01569
0.975 1.01506
0.976 1.01444
0.977 1.01381
0.978 1.01319
0.979 1.01257
0.98 1.01195
0.981 1.01133
0.982 1.01072
0.983 1.0101
0.984 1.00949
0.985 1.00888
0.986 1.00828
0.987 1.00767
0.988 1.00707
0.989 1.00647
0.99 1.00587
0.991 1.00528
0.992 1.00468
0.993 1.00409
0.994 1.0035
0.995 1.00291
0.996 1.00232
0.997 1.00174
0.998 1.00116
0.999 1.00058
1 1
1.001 0.999424
1.002 0.99885
1.003 0.998277
1.004 0.997707
1.005 0.997139
1.006 0.996572
1.007 0.996008
1.008 0.995445
1.009 0.994885
1.01 0.994326
1.011 0.993769
1.012 0.993214
1.013 0.992661
1.014 0.99211
1.015 0.991561
1.016 0.991014
1.017 0.990469
1.018 0.989925
1.019 0.989384
1.02 0.988844
1.021 0.988306
1.022 0.987771
1.023 0.987236
1.024 0.986704
1.025 0.986174
1.026 0.985645
1.027 0.985119
1.028 0.984594
1.029 0.984071
1.03 0.98355
1.031 0.983031
1.032 0.982513
1.033 0.981997
1.034 0.981484
1.035 0.980972
1.036 0.980461
1.037 0.979953
1.038 0.979446
1.039 0.978941
1.04 0.978438
1.041 0.977937
1.042 0.977437
1.043 0.97694
1.044 0.976444
1.045 0.975949
1.046 0.975457
1.047 0.974966
1.048 0.974477
1.049 0.97399
1.05 0.973504
1.051 0.97302
1.052 0.972538
1.053 0.972058
1.054 0.971579
1.055 0.971103
1.056 0.970627
1.057 0.970154
1.058 0.969682
1.059 0.969212
1.06 0.968744
1.061 0.968277
1.062 0.967812
1.063 0.967349
1.064 0.966887
1.065 0.966427
1.066 0.965969
1.067 0.965512
1.068 0.965057
1.069 0.964604
1.07 0.964152
1.071 0.963702
1.072 0.963254
1.073 0.962807
1.074 0.962362
1.075 0.961918
1.076 0.961476
1.077 0.961036
1.078 0.960598
1.079 0.960161
1.08 0.959725
1.081 0.959292
1.082 0.958859
1.083 0.958429
1.084 0.958
1.085 0.957573
1.086 0.957147
1.087 0.956723
1.088 0.9563
1.089 0.955879
1.09 0.955459
1.091 0.955042
1.092 0.954625
1.093 0.954211
1.094 0.953797
1.095 0.953386
1.096 0.952976
1.097 0.952567
1.098 0.95216
1.099 0.951755
1.1 0.951351
1.101 0.950948
1.102 0.950548
1.103 0.950148
1.104 0.94975
1.105 0.949354
1.106 0.948959
1.107 0.948566
1.108 0.948174
1.109 0.947784
1.11 0.947396
1.111 0.947008
1.112 0.946623
1.113 0.946238
1.114 0.945856
1.115 0.945474
1.116 0.945095
1.117 0.944716
1.118 0.944339
1.119 0.943964
1.12 0.94359
1.121 0.943218
1.122 0.942847
1.123 0.942477
1.124 0.942109
1.125 0.941743
1.126 0.941378
1.127 0.941014
1.128 0.940652
1.129 0.940291
1.13 0.939931
1.131 0.939574
1.132 0.939217
1.133 0.938862
1.134 0.938508
1.135 0.938156
1.136 0.937805
1.137 0.937456
1.138 0.937108
1.139 0.936761
1.14 0.936416
1.141 0.936072
1.142 0.93573
1.143 0.935389
1.144 0.935049
1.145 0.934711
1.146 0.934374
1.147 0.934039
1.148 0.933705
1.149 0.933372
1.15 0.933041
1.151 0.932711
1.152 0.932382
1.153 0.932055
1.154 0.931729
1.155 0.931405
1.156 0.931082
1.157 0.93076
1.158 0.93044
1.159 0.930121
1.16 0.929803
1.161 0.929487
1.162 0.929172
1.163 0.928858
1.164 0.928546
1.165 0.928235
1.166 0.927925
1.167 0.927617
1.168 0.92731
1.169 0.927004
1.17 0.9267
1.171 0.926397
1.172 0.926095
1.173 0.925794
1.174 0.925495
1.175 0.925197
1.176 0.924901
1.177 0.924606
1.178 0.924312
1.179 0.924019
1.18 0.923728
1.181 0.923438
1.182 0.923149
1.183 0.922862
1.184 0.922575
1.185 0.92229
1.186 0.922007
1.187 0.921724
1.188 0.921443
1.189 0.921164
1.19 0.920885
1.191 0.920608
1.192 0.920332
1.193 0.920057
1.194 0.919783
1.195 0.919511
1.196 0.91924
1.197 0.91897
1.198 0.918702
1.199 0.918435
1.2 0.918169
1.201 0.917904
1.202 0.91764
1.203 0.917378
1.204 0.917117
1.205 0.916857
1.206 0.916599
1.207 0.916341
1.208 0.916085
1.209 0.91583
1.21 0.915576
1.211 0.915324
1.212 0.915073
1.213 0.914823
1.214 0.914574
1.215 0.914326
1.216 0.91408
1.217 0.913834
1.218 0.91359
1.219 0.913348
1.22 0.913106
1.221 0.912865
1.222 0.912626
1.223 0.912388
1.224 0.912151
1.225 0.911916
1.226 0.911681
1.227 0.911448
1.228 0.911216
1.229 0.910985
1.23 0.910755
1.231 0.910526
1.232 0.910299
1.233 0.910072
1.234 0.909847
1.235 0.909623
1.236 0.909401
1.237 0.909179
1.238 0.908959
1.239 0.908739
1.24 0.908521
1.241 0.908304
1.242 0.908088
1.243 0.907873
1.244 0.90766
1.245 0.907447
1.246 0.907236
1.247 0.907026
1.248 0.906817
1.249 0.906609
1.25 0.906402
1.251 0.906197
1.252 0.905992
1.253 0.905789
1.254 0.905587
1.255 0.905386
1.256 0.905186
1.257 0.904987
1.258 0.904789
1.259 0.904593
1.26 0.904397
1.261 0.904203
1.262 0.904009
1.263 0.903817
1.264 0.903626
1.265 0.903436
1.266 0.903247
1.267 0.90306
1.268 0.902873
1.269 0.902688
1.27 0.902503
1.271 0.90232
1.272 0.902137
1.273 0.901956
1.274 0.901776
1.275 0.901597
1.276 0.901419
1.277 0.901242
1.278 0.901067
1.279 0.900892
1.28 0.900718
1.281 0.900546
1.282 0.900375
1.283 0.900204
1.284 0.900035
1.285 0.899867
1.286 0.8997
1.287 0.899533
1.288 0.899368
1.289 0.899204
1.29 0.899042
1.291 0.89888
1.292 0.898719
1.293 0.898559
1.294 0.898401
1.295 0.898243
1.296 0.898086
1.297 0.897931
1.298 0.897776
1.299 0.897623
1.3 0.897471
1.301 0.897319
1.302 0.897169
1.303 0.89702
1.304 0.896872
1.305 0.896724
1.306 0.896578
1.307 0.896433
1.308 0.896289
1.309 0.896146
1.31 0.896004
1.311 0.895863
1.312 0.895723
1.313 0.895584
1.314 0.895446
1.315 0.89531
1.316 0.895174
1.317 0.895039
1.318 0.894905
1.319 0.894772
1.32 0.89464
1.321 0.89451
1.322 0.89438
1.323 0.894251
1.324 0.894123
1.325 0.893997
1.326 0.893871
1.327 0.893746
1.328 0.893623
1.329 0.8935
1.33 0.893378
1.331 0.893257
1.332 0.893138
1.333 0.893019
1.334 0.892901
1.335 0.892784
1.336 0.892669
1.337 0.892554
1.338 0.89244
1.339 0.892327
1.34 0.892216
1.341 0.892105
1.342 0.891995
1.343 0.891886
1.344 0.891778
1.345 0.891671
1.346 0.891565
1.347 0.89146
1.348 0.891356
1.349 0.891253
1.35 0.891151
1.351 0.89105
1.352 0.89095
1.353 0.890851
1.354 0.890753
1.355 0.890656
1.356 0.89056
1.357 0.890464
1.358 0.89037
1.359 0.890277
1.36 0.890185
1.361 0.890093
1.362 0.890003
1.363 0.889913
1.364 0.889825
1.365 0.889737
1.366 0.88965
1.367 0.889565
1.368 0.88948
1.369 0.889396
1.37 0.889314
1.371 0.889232
1.372 0.889151
1.373 0.889071
1.374 0.888992
1.375 0.888914
1.376 0.888836
1.377 0.88876
1.378 0.888685
1.379 0.888611
1.38 0.888537
1.381 0.888465
1.382 0.888393
1.383 0.888323
1.384 0.888253
1.385 0.888184
1.386 0.888116
1.387 0.888049
1.388 0.887983
1.389 0.887918
1.39 0.887854
1.391 0.887791
1.392 0.887729
1.393 0.887667
1.394 0.887607
1.395 0.887548
1.396 0.887489
1.397 0.887431
1.398 0.887375
1.399 0.887319
1.4 0.887264
1.401 0.88721
1.402 0.887157
1.403 0.887105
1.404 0.887053
1.405 0.887003
1.406 0.886953
1.407 0.886905
1.408 0.886857
1.409 0.88681
1.41 0.886765
1.411 0.88672
1.412 0.886676
1.413 0.886633
1.414 0.88659
1.415 0.886549
1.416 0.886509
1.417 0.886469
1.418 0.88643
1.419 0.886393
1.42 0.886356
1.421 0.88632
1.422 0.886285
1.423 0.886251
1.424 0.886217
1.425 0.886185
1.426 0.886153
1.427 0.886123
1.428 0.886093
1.429 0.886064
1.43 0.886036
1.431 0.886009
1.432 0.885983
1.433 0.885958
1.434 0.885933
1.435 0.88591
1.436 0.885887
1.437 0.885865
1.438 0.885844
1.439 0.885824
1.44 0.885805
1.441 0.885787
1.442 0.885769
1.443 0.885753
1.444 0.885737
1.445 0.885722
1.446 0.885708
1.447 0.885695
1.448 0.885683
1.449 0.885672
1.45 0.885661
1.451 0.885652
1.452 0.885643
1.453 0.885635
1.454 0.885628
1.455 0.885622
1.456 0.885617
1.457 0.885612
1.458 0.885609
1.459 0.885606
1.46 0.885604
1.461 0.885603
1.462 0.885603
1.463 0.885604
1.464 0.885606
1.465 0.885608
1.466 0.885611
1.467 0.885616
1.468 0.885621
1.469 0.885626
1.47 0.885633
1.471 0.885641
1.472 0.885649
1.473 0.885658
1.474 0.885668
1.475 0.885679
1.476 0.885691
1.477 0.885704
1.478 0.885717
1.479 0.885732
1.48 0.885747
1.481 0.885763
1.482 0.88578
1.483 0.885798
1.484 0.885816
1.485 0.885836
1.486 0.885856
1.487 0.885877
1.488 0.885899
1.489 0.885922
1.49 0.885945
1.491 0.88597
1.492 0.885995
1.493 0.886021
1.494 0.886048
1.495 0.886076
1.496 0.886104
1.497 0.886134
1.498 0.886164
1.499 0.886195
1.5 0.886227
1.501 0.88626
1.502 0.886293
1.503 0.886328
1.504 0.886363
1.505 0.886399
1.506 0.886436
1.507 0.886474
1.508 0.886512
1.509 0.886551
1.51 0.886592
1.511 0.886633
1.512 0.886675
1.513 0.886717
1.514 0.886761
1.515 0.886805
1.516 0.88685
1.517 0.886896
1.518 0.886943
1.519 0.88699
1.52 0.887039
1.521 0.887088
1.522 0.887138
1.523 0.887189
1.524 0.887241
1.525 0.887293
1.526 0.887346
1.527 0.8874
1.528 0.887455
1.529 0.887511
1.53 0.887568
1.531 0.887625
1.532 0.887683
1.533 0.887742
1.534 0.887802
1.535 0.887863
1.536 0.887924
1.537 0.887986
1.538 0.888049
1.539 0.888113
1.54 0.888178
1.541 0.888243
1.542 0.888309
1.543 0.888376
1.544 0.888444
1.545 0.888513
1.546 0.888582
1.547 0.888653
1.548 0.888724
1.549 0.888796
1.55 0.888868
1.551 0.888942
1.552 0.889016
1.553 0.889091
1.554 0.889167
1.555 0.889244
1.556 0.889321
1.557 0.8894
1.558 0.889479
1.559 0.889559
1.56 0.889639
1.561 0.889721
1.562 0.889803
1.563 0.889886
1.564 0.88997
1.565 0.890055
1.566 0.89014
1.567 0.890226
1.568 0.890313
1.569 0.890401
1.57 0.89049
1.571 0.890579
1.572 0.890669
1.573 0.89076
1.574 0.890852
1.575 0.890945
1.576 0.891038
1.577 0.891132
1.578 0.891227
1.579 0.891323
1.58 0.89142
1.581 0.891517
1.582 0.891615
1.583 0.891714
1.584 0.891814
1.585 0.891914
1.586 0.892015
1.587 0.892117
1.588 0.89222
1.589 0.892324
1.59 0.892428
1.591 0.892533
1.592 0.892639
1.593 0.892746
1.594 0.892854
1.595 0.892962
1.596 0.893071
1.597 0.893181
1.598 0.893292
1.599 0.893403
1.6 0.893515
1.601 0.893628
1.602 0.893742
1.603 0.893857
1.604 0.893972
1.605 0.894088
1.606 0.894205
1.607 0.894323
1.608 0.894441
1.609 0.894561
1.61 0.894681
1.611 0.894801
1.612 0.894923
1.613 0.895045
1.614 0.895169
1.615 0.895292
1.616 0.895417
1.617 0.895543
1.618 0.895669
1.619 0.895796
1.62 0.895924
1.621 0.896052
1.622 0.896182
1.623 0.896312
1.624 0.896443
1.625 0.896574
1.626 0.896707
1.627 0.89684
1.628 0.896974
1.629 0.897109
1.63 0.897244
1.631 0.897381
1.632 0.897518
1.633 0.897655
1.634 0.897794
1.635 0.897933
1.636 0.898074
1.637 0.898215
1.638 0.898356
1.639 0.898499
1.64 0.898642
1.641 0.898786
1.642 0.898931
1.643 0.899076
1.644 0.899223
1.645 0.89937
1.646 0.899518
1.647 0.899666
1.648 0.899816
1.649 0.899966
1.65 0.900117
1.651 0.900269
1.652 0.900421
1.653 0.900574
1.654 0.900728
1.655 0.900883
1.656 0.901039
1.657 0.901195
1.658 0.901352
1.659 0.90151
1.66 0.901668
1.661 0.901828
1.662 0.901988
1.663 0.902149
1.664 0.90231
1.665 0.902473
1.666 0.902636
1.667 0.9028
1.668 0.902965
1.669 0.90313
1.67 0.903296
1.671 0.903464
1.672 0.903631
1.673 0.9038
1.674 0.903969
1.675 0.904139
1.676 0.90431
1.677 0.904482
1.678 0.904654
1.679 0.904827
1.68 0.905001
1.681 0.905176
1.682 0.905351
1.683 0.905527
1.684 0.905704
1.685 0.905882
1.686 0.90606
1.687 0.90624
1.688 0.90642
1.689 0.9066
1.69 0.906782
1.691 0.906964
1.692 0.907147
1.693 0.907331
1.694 0.907515
1.695 0.907701
1.696 0.907887
1.697 0.908074
1.698 0.908261
1.699 0.90845
1.7 0.908639
1.701 0.908829
1.702 0.909019
1.703 0.909211
1.704 0.909403
1.705 0.909596
1.706 0.909789
1.707 0.909984
1.708 0.910179
1.709 0.910375
1.71 0.910572
1.711 0.910769
1.712 0.910967
1.713 0.911166
1.714 0.911366
1.715 0.911567
1.716 0.911768
1.717 0.91197
1.718 0.912173
1.719 0.912376
1.72 0.912581
1.721 0.912786
1.722 0.912991
1.723 0.913198
1.724 0.913405
1.725 0.913613
1.726 0.913822
1.727 0.914032
1.728 0.914242
1.729 0.914453
1.73 0.914665
1.731 0.914878
1.732 0.915091
1.733 0.915306
1.734 0.915521
1.735 0.915736
1.736 0.915953
1.737 0.91617
1.738 0.916388
1.739 0.916607
1.74 0.916826
1.741 0.917046
1.742 0.917267
1.743 0.917489
1.744 0.917712
1.745 0.917935
1.746 0.918159
1.747 0.918384
1.748 0.918609
1.749 0.918835
1.75 0.919063
1.751 0.91929
1.752 0.919519
1.753 0.919748
1.754 0.919978
1.755 0.920209
1.756 0.920441
1.757 0.920673
1.758 0.920906
1.759 0.92114
1.76 0.921375
1.761 0.92161
1.762 0.921846
1.763 0.922083
1.764 0.922321
1.765 0.92256
1.766 0.922799
1.767 0.923039
1.768 0.923279
1.769 0.923521
1.77 0.923763
1.771 0.924006
1.772 0.92425
1.773 0.924494
1.774 0.92474
1.775 0.924986
1.776 0.925233
1.777 0.92548
1.778 0.925728
1.779 0.925977
1.78 0.926227
1.781 0.926478
1.782 0.926729
1.783 0.926981
1.784 0.927234
1.785 0.927488
1.786 0.927742
1.787 0.927997
1.788 0.928253
1.789 0.92851
1.79 0.928767
1.791 0.929026
1.792 0.929285
1.793 0.929544
1.794 0.929805
1.795 0.930066
1.796 0.930328
1.797 0.930591
1.798 0.930854
1.799 0.931119
1.8 0.931384
1.801 0.93165
1.802 0.931916
1.803 0.932184
1.804 0.932452
1.805 0.93272
1.806 0.93299
1.807 0.933261
1.808 0.933532
1.809 0.933804
1.81 0.934076
1.811 0.93435
1.812 0.934624
1.813 0.934899
1.814 0.935175
1.815 0.935451
1.816 0.935728
1.817 0.936006
1.818 0.936285
1.819 0.936565
1.82 0.936845
1.821 0.937126
1.822 0.937408
1.823 0.937691
1.824 0.937974
1.825 0.938258
1.826 0.938543
1.827 0.938829
1.828 0.939115
1.829 0.939402
1.83 0.93969
1.831 0.939979
1.832 0.940269
1.833 0.940559
1.834 0.94085
1.835 0.941142
1.836 0.941434
1.837 0.941728
1.838 0.942022
1.839 0.942317
1.84 0.942612
1.841 0.942909
1.842 0.943206
1.843 0.943504
1.844 0.943803
1.845 0.944102
1.846 0.944402
1.847 0.944703
1.848 0.945005
1.849 0.945308
1.85 0.945611
1.851 0.945915
1.852 0.94622
1.853 0.946526
1.854 0.946832
1.855 0.947139
1.856 0.947447
1.857 0.947756
1.858 0.948066
1.859 0.948376
1.86 0.948687
1.861 0.948999
1.862 0.949311
1.863 0.949625
1.864 0.949939
1.865 0.950254
1.866 0.95057
1.867 0.950886
1.868 0.951203
1.869 0.951521
1.87 0.95184
1.871 0.95216
1.872 0.95248
1.873 0.952801
1.874 0.953123
1.875 0.953446
1.876 0.953769
1.877 0.954093
1.878 0.954419
1.879 0.954744
1.88 0.955071
1.881 0.955398
1.882 0.955726
1.883 0.956055
1.884 0.956385
1.885 0.956715
1.886 0.957047
1.887 0.957379
1.888 0.957711
1.889 0.958045
1.89 0.958379
1.891 0.958714
1.892 0.95905
1.893 0.959387
1.894 0.959725
1.895 0.960063
1.896 0.960402
1.897 0.960742
1.898 0.961082
1.899 0.961424
1.9 0.961766
1.901 0.962109
1.902 0.962453
1.903 0.962797
1.904 0.963142
1.905 0.963488
1.906 0.963835
1.907 0.964183
1.908 0.964531
1.909 0.964881
1.91 0.965231
1.911 0.965582
1.912 0.965933
1.913 0.966286
1.914 0.966639
1.915 0.966993
1.916 0.967347
1.917 0.967703
1.918 0.968059
1.919 0.968416
1.92 0.968774
1.921 0.969133
1.922 0.969492
1.923 0.969853
1.924 0.970214
1.925 0.970576
1.926 0.970938
1.927 0.971302
1.928 0.971666
1.929 0.972031
1.93 0.972397
1.931 0.972764
1.932 0.973131
1.933 0.973499
1.934 0.973868
1.935 0.974238
1.936 0.974609
1.937 0.97498
1.938 0.975352
1.939 0.975725
1.94 0.976099
1.941 0.976473
1.942 0.976849
1.943 0.977225
1.944 0.977602
1.945 0.97798
1.946 0.978358
1.947 0.978738
1.948 0.979118
1.949 0.979499
1.95 0.979881
1.951 0.980263
1.952 0.980647
1.953 0.981031
1.954 0.981416
1.955 0.981802
1.956 0.982188
1.957 0.982576
1.958 0.982964
1.959 0.983353
1.96 0.983743
1.961 0.984133
1.962 0.984525
1.963 0.984917
1.964 0.98531
1.965 0.985704
1.966 0.986098
1.967 0.986494
1.968 0.98689
1.969 0.987287
1.97 0.987685
1.971 0.988084
1.972 0.988483
1.973 0.988883
1.974 0.989285
1.975 0.989687
1.976 0.990089
1.977 0.990493
1.978 0.990897
1.979 0.991302
1.98 0.991708
1.981 0.992115
1.982 0.992523
1.983 0.992931
1.984 0.993341
1.985 0.993751
1.986 0.994162
1.987 0.994573
1.988 0.994986
1.989 0.995399
1.99 0.995813
1.991 0.996228
1.992 0.996644
1.993 0.997061
1.994 0.997478
1.995 0.997896
1.996 0.998315
1.997 0.998735
1.998 0.999156
1.999 0.999578
2 1
2.001 1.00042
2.002 1.00085
2.003 1.00127
2.004 1.0017
2.005 1.00212
2.006 1.00255
2.007 1.00298
2.008 1.00341
2.009 1.00384
2.01 1.00427
2.011 1.0047
2.012 1.00513
2.013 1.00557
2.014 1.006
2.015 1.00643
2.016 1.00687
2.017 1.00731
2.018 1.00774
2.019 1.00818
2.02 1.00862
2.021 1.00906
2.022 1.0095
2.023 1.00994
2.024 1.01039
2.025 1.01083
2.026 1.01127
2.027 1.01172
2.028 1.01216
2.029 1.01261
2.03 1.01306
2.031 1.0135
2.032 1.01395
2.033 1.0144
2.034 1.01485
2.035 1.01531
2.036 1.01576
2.037 1.01621
2.038 1.01667
2.039 1.01712
2.04 1.01758
2.041 1.01803
2.042 1.01849
2.043 1.01895
2.044 1.01941
2.045 1.01987
2.046 1.02033
2.047 1.02079
2.048 1.02125
2.049 1.02172
2.05 1.02218
2.051 1.02264
2.052 1.02311
2.053 1.02358
2.054 1.02404
2.055 1.02451
2.056 1.02498
2.057 1.02545
2.058 1.02592
2.059 1.0264
2.06 1.02687
2.061 1.02734
2.062 1.02782
2.063 1.02829
2.064 1.02877
2.065 1.02924
2.066 1.02972
2.067 1.0302
2.068 1.03068
2.069 1.03116
2.07 1.03164
2.071 1.03212
2.072 1.03261
2.073 1.03309
2.074 1.03358
2.075 1.03406
2.076 1.03455
2.077 1.03504
2.078 1.03552
2.079 1.03601
2.08 1.0365
2.081 1.03699
2.082 1.03749
2.083 1.03798
2.084 1.03847
2.085 1.03897
2.086 1.03946
2.087 1.03996
2.088 1.04045
2.089 1.04095
2.09 1.04145
2.091 1.04195
2.092 1.04245
2.093 1.04295
2.094 1.04345
2.095 1.04396
2.096 1.04446
2.097 1.04497
2.098 1.04547
2.099 1.04598
2.1 1.04649
2.101 1.04699
2.102 1.0475
2.103 1.04801
2.104 1.04852
2.105 1.04904
2.106 1.04955
2.107 1.05006
2.108 1.05058
2.109 1.05109
2.11 1.05161
2.111 1.05213
2.112 1.05264
2.113 1.05316
2.114 1.05368
2.115 1.0542
2.116 1.05473
2.117 1.05525
2.118 1.05577
2.119 1.0563
2.12 1.05682
2.121 1.05735
2.122 1.05787
2.123 1.0584
2.124 1.05893
2.125 1.05946
2.126 1.05999
2.127 1.06052
2.128 1.06106
2.129 1.06159
2.13 1.06212
2.131 1.06266
2.132 1.06319
2.133 1.06373
2.134 1.06427
2.135 1.06481
2.136 1.06535
2.137 1.06589
2.138 1.06643
2.139 1.06697
2.14 1.06751
2.141 1.06806
2.142 1.0686
2.143 1.06915
2.144 1.0697
2.145 1.07024
2.146 1.07079
2.147 1.07134
2.148 1.07189
2.149 1.07244
2.15 1.073
2.151 1.07355
2.152 1.0741
2.153 1.07466
2.154 1.07522
2.155 1.07577
2.156 1.07633
2.157 1.07689
2.158 1.07745
2.159 1.07801
2.16 1.07857
2.161 1.07913
2.162 1.0797
2.163 1.08026
2.164 1.08083
2.165 1.08139
2.166 1.08196
2.167 1.08253
2.168 1.0831
2.169 1.08367
2.17 1.08424
2.171 1.08481
2.172 1.08538
2.173 1.08596
2.174 1.08653
2.175 1.08711
2.176 1.08768
2.177 1.08826
2.178 1.08884
2.179 1.08942
2.18 1.09
2.181 1.09058
2.182 1.09116
2.183 1.09175
2.184 1.09233
2.185 1.09291
2.186 1.0935
2.187 1.09409
2.188 1.09467
2.189 1.09526
2.19 1.09585
2.191 1.09644
2.192 1.09704
2.193 1.09763
2.194 1.09822
2.195 1.09882
2.196 1.09941
2.197 1.10001
2.198 1.1006
2.199 1.1012
2.2 1.1018
2.201 1.1024
2.202 1.103
2.203 1.10361
2.204 1.10421
2.205 1.10481
2.206 1.10542
2.207 1.10602
2.208 1.10663
2.209 1.10724
2.21 1.10785
2.211 1.10846
2.212 1.10907
2.213 1.10968
2.214 1.11029
2.215 1.11091
2.216 1.11152
2.217 1.11214
2.218 1.11275
2.219 1.11337
2.22 1.11399
2.221 1.11461
2.222 1.11523
2.223 1.11585
2.224 1.11647
2.225 1.1171
2.226 1.11772
2.227 1.11835
2.228 1.11897
2.229 1.1196
2.23 1.12023
2.231 1.12086
2.232 1.12149
2.233 1.12212
2.234 1.12275
2.235 1.12338
2.236 1.12402
2.237 1.12465
2.238 1.12529
2.239 1.12593
2.24 1.12657
2.241 1.12721
2.242 1.12785
2.243 1.12849
2.244 1.12913
2.245 1.12977
2.246 1.13042
2.247 1.13106
2.248 1.13171
2.249 1.13235
2.25 1.133
2.251 1.13365
2.252 1.1343
2.253 1.13495
2.254 1.13561
2.255 1.13626
2.256 1.13691
2.257 1.13757
2.258 1.13822
2.259 1.13888
2.26 1.13954
2.261 1.1402
2.262 1.14086
2.263 1.14152
2.264 1.14218
2.265 1.14285
2.266 1.14351
2.267 1.14418
2.268 1.14484
2.269 1.14551
2.27 1.14618
2.271 1.14685
2.272 1.14752
2.273 1.14819
2.274 1.14886
2.275 1.14954
2.276 1.15021
2.277 1.15089
2.278 1.15156
2.279 1.15224
2.28 1.15292
2.281 1.1536
2.282 1.15428
2.283 1.15496
2.284 1.15564
2.285 1.15633
2.286 1.15701
2.287 1.1577
2.288 1.15839
2.289 1.15907
2.29 1.15976
2.291 1.16045
2.292 1.16114
2.293 1.16184
2.294 1.16253
2.295 1.16322
2.296 1.16392
2.297 1.16462
2.298 1.16531
2.299 1.16601
2.3 1.16671
2.301 1.16741
2.302 1.16811
2.303 1.16882
2.304 1.16952
2.305 1.17023
2.306 1.17093
2.307 1.17164
2.308 1.17235
2.309 1.17306
2.31 1.17377
2.311 1.17448
2.312 1.17519
2.313 1.1759
2.314 1.17662
2.315 1.17733
2.316 1.17805
2.317 1.17877
2.318 1.17948
2.319 1.1802
2.32 1.18093
2.321 1.18165
2.322 1.18237
2.323 1.18309
2.324 1.18382
2.325 1.18455
2.326 1.18527
2.327 1.186
2.328 1.18673
2.329 1.18746
2.33 1.18819
2.331 1.18893
2.332 1.18966
2.333 1.19039
2.334 1.19113
2.335 1.19187
2.336 1.19261
2.337 1.19334
2.338 1.19408
2.339 1.19483
2.34 1.19557
2.341 1.19631
2.342 1.19706
2.343 1.1978
2.344 1.19855
2.345 1.1993
2.346 1.20005
2.347 1.2008
2.348 1.20155
2.349 1.2023
2.35 1.20305
2.351 1.20381
2.352 1.20456
2.353 1.20532
2.354 1.20608
2.355 1.20684
2.356 1.2076
2.357 1.20836
2.358 1.20912
2.359 1.20989
2.36 1.21065
2.361 1.21142
2.362 1.21218
2.363 1.21295
2.364 1.21372
2.365 1.21449
2.366 1.21526
2.367 1.21604
2.368 1.21681
2.369 1.21758
2.37 1.21836
2.371 1.21914
2.372 1.21991
2.373 1.22069
2.374 1.22147
2.375 1.22226
2.376 1.22304
2.377 1.22382
2.378 1.22461
2.379 1.22539
2.38 1.22618
2.381 1.22697
2.382 1.22776
2.383 1.22855
2.384 1.22934
2.385 1.23013
2.386 1.23093
2.387 1.23172
2.388 1.23252
2.389 1.23332
2.39 1.23412
2.391 1.23492
2.392 1.23572
2.393 1.23652
2.394 1.23732
2.395 1.23813
2.396 1.23893
2.397 1.23974
2.398 1.24055
2.399 1.24136
2.4 1.24217
2.401 1.24298
2.402 1.24379
2.403 1.24461
2.404 1.24542
2.405 1.24624
2.406 1.24706
2.407 1.24788
2.408 1.24869
2.409 1.24952
2.41 1.25034
2.411 1.25116
2.412 1.25199
2.413 1.25281
2.414 1.25364
2.415 1.25447
2.416 1.2553
2.417 1.25613
2.418 1.25696
2.419 1.25779
2.42 1.25863
2.421 1.25946
2.422 1.2603
2.423 1.26113
2.424 1.26197
2.425 1.26281
2.426 1.26365
2.427 1.2645
2.428 1.26534
2.429 1.26619
2.43 1.26703
2.431 1.26788
2.432 1.26873
2.433 1.26958
2.434 1.27043
2.435 1.27128
2.436 1.27213
2.437 1.27299
2.438 1.27384
2.439 1.2747
2.44 1.27556
2.441 1.27642
2.442 1.27728
2.443 1.27814
2.444 1.279
2.445 1.27987
2.446 1.28073
2.447 1.2816
2.448 1.28247
2.449 1.28334
2.45 1.28421
2.451 1.28508
2.452 1.28595
2.453 1.28683
2.454 1.2877
2.455 1.28858
2.456 1.28946
2.457 1.29034
2.458 1.29122
2.459 1.2921
2.46 1.29298
2.461 1.29387
2.462 1.29475
2.463 1.29564
2.464 1.29653
2.465 1.29742
2.466 1.29831
2.467 1.2992
2.468 1.30009
2.469 1.30099
2.47 1.30188
2.471 1.30278
2.472 1.30368
2.473 1.30457
2.474 1.30548
2.475 1.30638
2.476 1.30728
2.477 1.30818
2.478 1.30909
2.479 1.31
2.48 1.31091
2.481 1.31182
2.482 1.31273
2.483 1.31364
2.484 1.31455
2.485 1.31547
2.486 1.31638
2.487 1.3173
2.488 1.31822
2.489 1.31914
2.49 1.32006
2.491 1.32098
2.492 1.3219
2.493 1.32283
2.494 1.32376
2.495 1.32468
2.496 1.32561
2.497 1.32654
2.498 1.32747
2.499 1.32841
2.5 1.32934
2.501 1.33028
2.502 1.33121
2.503 1.33215
2.504 1.33309
2.505 1.33403
2.506 1.33497
2.507 1.33592
2.508 1.33686
2.509 1.33781
2.51 1.33875
2.511 1.3397
2.512 1.34065
2.513 1.3416
2.514 1.34256
2.515 1.34351
2.516 1.34446
2.517 1.34542
2.518 1.34638
2.519 1.34734
2.52 1.3483
2.521 1.34926
2.522 1.35022
2.523 1.35119
2.524 1.35215
2.525 1.35312
2.526 1.35409
2.527 1.35506
2.528 1.35603
2.529 1.357
2.53 1.35798
2.531 1.35895
2.532 1.35993
2.533 1.36091
2.534 1.36189
2.535 1.36287
2.536 1.36385
2.537 1.36483
2.538 1.36582
2.539 1.36681
2.54 1.36779
2.541 1.36878
2.542 1.36977
2.543 1.37076
2.544 1.37176
2.545 1.37275
2.546 1.37375
2.547 1.37475
2.548 1.37574
2.549 1.37674
2.55 1.37775
2.551 1.37875
2.552 1.37975
2.553 1.38076
2.554 1.38177
2.555 1.38277
2.556 1.38378
2.557 1.3848
2.558 1.38581
2.559 1.38682
2.56 1.38784
2.561 1.38885
2.562 1.38987
2.563 1.39089
2.564 1.39191
2.565 1.39294
2.566 1.39396
2.567 1.39498
2.568 1.39601
2.569 1.39704
2.57 1.39807
2.571 1.3991
2.572 1.40013
2.573 1.40117
2.574 1.4022
2.575 1.40324
2.576 1.40428
2.577 1.40532
2.578 1.40636
2.579 1.4074
2.58 1.40844
2.581 1.40949
2.582 1.41053
2.583 1.41158
2.584 1.41263
2.585 1.41368
2.586 1.41474
2.587 1.41579
2.588 1.41685
2.589 1.4179
2.59 1.41896
2.591 1.42002
2.592 1.42108
2.593 1.42214
2.594 1.42321
2.595 1.42427
2.596 1.42534
2.597 1.42641
2.598 1.42748
2.599 1.42855
2.6 1.42962
2.601 1.4307
2.602 1.43177
2.603 1.43285
2.604 1.43393
2.605 1.43501
2.606 1.43609
2.607 1.43718
2.608 1.43826
2.609 1.43935
2.61 1.44044
2.611 1.44153
2.612 1.44262
2.613 1.44371
2.614 1.4448
2.615 1.4459
2.616 1.44699
2.617 1.44809
2.618 1.44919
2.619 1.45029
2.62 1.4514
2.621 1.4525
2.622 1.45361
2.623 1.45471
2.624 1.45582
2.625 1.45693
2.626 1.45805
2.627 1.45916
2.628 1.46027
2.629 1.46139
2.63 1.46251
2.631 1.46363
2.632 1.46475
2.633 1.46587
2.634 1.467
2.635 1.46812
2.636 1.46925
2.637 1.47038
2.638 1.47151
2.639 1.47264
2.64 1.47377
2.641 1.47491
2.642 1.47604
2.643 1.47718
2.644 1.47832
2.645 1.47946
2.646 1.48061
2.647 1.48175
2.648 1.4829
2.649 1.48404
2.65 1.48519
2.651 1.48634
2.652 1.4875
2.653 1.48865
2.654 1.4898
2.655 1.49096
2.656 1.49212
2.657 1.49328
2.658 1.49444
2.659 1.4956
2.66 1.49677
2.661 1.49794
2.662 1.4991
2.663 1.50027
2.664 1.50144
2.665 1.50262
2.666 1.50379
2.667 1.50497
2.668 1.50615
2.669 1.50732
2.67 1.50851
2.671 1.50969
2.672 1.51087
2.673 1.51206
2.674 1.51324
2.675 1.51443
2.676 1.51562
2.677 1.51682
2.678 1.51801
2.679 1.5192
2.68 1.5204
2.681 1.5216
2.682 1.5228
2.683 1.524
2.684 1.52521
2.685 1.52641
2.686 1.52762
2.687 1.52883
2.688 1.53004
2.689 1.53125
2.69 1.53246
2.691 1.53368
2.692 1.53489
2.693 1.53611
2.694 1.53733
2.695 1.53855
2.696 1.53978
2.697 1.541
2.698 1.54223
2.699 1.54346
2.7 1.54469
2.701 1.54592
2.702 1.54715
2.703 1.54839
2.704 1.54962
2.705 1.55086
2.706 1.5521
2.707 1.55334
2.708 1.55459
2.709 1.55583
2.71 1.55708
2.711 1.55833
2.712 1.55958
2.713 1.56083
2.714 1.56208
2.715 1.56334
2.716 1.56459
2.717 1.56585
2.718 1.56711
2.719 1.56837
2.72 1.56964
2.721 1.5709
2.722 1.57217
2.723 1.57344
2.724 1.57471
2.725 1.57598
2.726 1.57726
2.727 1.57853
2.728 1.57981
2.729 1.58109
2.73 1.58237
2.731 1.58365
2.732 1.58494
2.733 1.58622
2.734 1.58751
2.735 1.5888
2.736 1.59009
2.737 1.59139
2.738 1.59268
2.739 1.59398
2.74 1.59528
2.741 1.59658
2.742 1.59788
2.743 1.59918
2.744 1.60049
2.745 1.6018
2.746 1.60311
2.747 1.60442
2.748 1.60573
2.749 1.60704
2.75 1.60836
2.751 1.60968
2.752 1.611
2.753 1.61232
2.754 1.61364
2.755 1.61497
2.756 1.61629
2.757 1.61762
2.758 1.61895
2.759 1.62029
2.76 1.62162
2.761 1.62296
2.762 1.62429
2.763 1.62563
2.764 1.62697
2.765 1.62832
2.766 1.62966
2.767 1.63101
2.768 1.63236
2.769 1.63371
2.77 1.63506
2.771 1.63641
2.772 1.63777
2.773 1.63913
2.774 1.64049
2.775 1.64185
2.776 1.64321
2.777 1.64458
2.778 1.64595
2.779 1.64731
2.78 1.64868
2.781 1.65006
2.782 1.65143
2.783 1.65281
2.784 1.65419
2.785 1.65557
2.786 1.65695
2.787 1.65833
2.788 1.65972
2.789 1.6611
2.79 1.66249
2.791 1.66389
2.792 1.66528
2.793 1.66667
2.794 1.66807
2.795 1.66947
2.796 1.67087
2.797 1.67227
2.798 1.67368
2.799 1.67508
2.8 1.67649
2.801 1.6779
2.802 1.67931
2.803 1.68073
2.804 1.68214
2.805 1.68356
2.806 1.68498
2.807 1.6864
2.808 1.68783
2.809 1.68925
2.81 1.69068
2.811 1.69211
2.812 1.69354
2.813 1.69497
2.814 1.69641
2.815 1.69784
2.816 1.69928
2.817 1.70072
2.818 1.70217
2.819 1.70361
2.82 1.70506
2.821 1.70651
2.822 1.70796
2.823 1.70941
2.824 1.71086
2.825 1.71232
2.826 1.71378
2.827 1.71524
2.828 1.7167
2.829 1.71817
2.83 1.71963
2.831 1.7211
2.832 1.72257
2.833 1.72404
2.834 1.72552
2.835 1.727
2.836 1.72847
2.837 1.72995
2.838 1.73144
2.839 1.73292
2.84 1.73441
2.841 1.7359
2.842 1.73739
2.843 1.73888
2.844 1.74037
2.845 1.74187
2.846 1.74337
2.847 1.74487
2.848 1.74637
2.849 1.74787
2.85 1.74938
2.851 1.75089
2.852 1.7524
2.853 1.75391
2.854 1.75543
2.855 1.75694
2.856 1.75846
2.857 1.75998
2.858 1.76151
2.859 1.76303
2.86 1.76456
2.861 1.76609
2.862 1.76762
2.863 1.76915
2.864 1.77069
2.865 1.77222
2.866 1.77376
2.867 1.7753
2.868 1.77685
2.869 1.77839
2.87 1.77994
2.871 1.78149
2.872 1.78304
2.873 1.7846
2.874 1.78615
2.875 1.78771
2.876 1.78927
2.877 1.79083
2.878 1.7924
2.879 1.79396
2.88 1.79553
2.881 1.7971
2.882 1.79868
2.883 1.80025
2.884 1.80183
2.885 1.80341
2.886 1.80499
2.887 1.80657
2.888 1.80816
2.889 1.80975
2.89 1.81134
2.891 1.81293
2.892 1.81452
2.893 1.81612
2.894 1.81772
2.895 1.81932
2.896 1.82092
2.897 1.82253
2.898 1.82413
2.899 1.82574
2.9 1.82736
2.901 1.82897
2.902 1.83058
2.903 1.8322
2.904 1.83382
2.905 1.83545
2.906 1.83707
2.907 1.8387
2.908 1.84033
2.909 1.84196
2.91 1.84359
2.911 1.84523
2.912 1.84686
2.913 1.8485
2.914 1.85015
2.915 1.85179
2.916 1.85344
2.917 1.85509
2.918 1.85674
2.919 1.85839
2.92 1.86005
2.921 1.8617
2.922 1.86336
2.923 1.86503
2.924 1.86669
2.925 1.86836
2.926 1.87003
2.927 1.8717
2.928 1.87337
2.929 1.87505
2.93 1.87673
2.931 1.87841
2.932 1.88009
2.933 1.88177
2.934 1.88346
2.935 1.88515
2.936 1.88684
2.937 1.88854
2.938 1.89023
2.939 1.89193
2.94 1.89363
2.941 1.89534
2.942 1.89704
2.943 1.89875
2.944 1.90046
2.945 1.90217
2.946 1.90389
2.947 1.9056
2.948 1.90732
2.949 1.90904
2.95 1.91077
2.951 1.91249
2.952 1.91422
2.953 1.91595
2.954 1.91769
2.955 1.91942
2.956 1.92116
2.957 1.9229
2.958 1.92464
2.959 1.92639
2.96 1.92814
2.961 1.92989
2.962 1.93164
2.963 1.93339
2.964 1.93515
2.965 1.93691
2.966 1.93867
2.967 1.94043
2.968 1.9422
2.969 1.94397
2.97 1.94574
2.971 1.94751
2.972 1.94929
2.973 1.95107
2.974 1.95285
2.975 1.95463
2.976 1.95642
2.977 1.9582
2.978 1.95999
2.979 1.96179
2.98 1.96358
2.981 1.96538
2.982 1.96718
2.983 1.96898
2.984 1.97079
2.985 1.97259
2.986 1.9744
2.987 1.97622
2.988 1.97803
2.989 1.97985
2.99 1.98167
2.991 1.98349
2.992 1.98531
2.993 1.98714
2.994 1.98897
2.995 1.9908
2.996 1.99264
2.997 1.99447
2.998 1.99631
2.999 1.99816
3 2
3.001 2.00185
3.002 2.0037
3.003 2.00555
3.004 2.0074
3.005 2.00926
3.006 2.01112
3.007 2.01298
3.008 2.01484
3.009 2.01671
3.01 2.01858
3.011 2.02045
3.012 2.02233
3.013 2.0242
3.014 2.02608
3.015 2.02797
3.016 2.02985
3.017 2.03174
3.018 2.03363
3.019 2.03552
3.02 2.03741
3.021 2.03931
3.022 2.04121
3.023 2.04311
3.024 2.04502
3.025 2.04693
3.026 2.04884
3.027 2.05075
3.028 2.05267
3.029 2.05458
3.03 2.0565
3.031 2.05843
3.032 2.06035
3.033 2.06228
3.034 2.06421
3.035 2.06615
3.036 2.06808
3.037 2.07002
3.038 2.07196
3.039 2.07391
3.04 2.07585
3.041 2.0778
3.042 2.07976
3.043 2.08171
3.044 2.08367
3.045 2.08563
3.046 2.08759
3.047 2.08956
3.048 2.09152
3.049 2.09349
3.05 2.09547
3.051 2.09744
3.052 2.09942
3.053 2.1014
3.054 2.10339
3.055 2.10537
3.056 2.10736
3.057 2.10936
3.058 2.11135
3.059 2.11335
3.06 2.11535
3.061 2.11735
3.062 2.11936
3.063 2.12137
3.064 2.12338
3.065 2.12539
3.066 2.12741
3.067 2.12943
3.068 2.13145
3.069 2.13347
3.07 2.1355
3.071 2.13753
3.072 2.13956
3.073 2.1416
3.074 2.14364
3.075 2.14568
3.076 2.14772
3.077 2.14977
3.078 2.15182
3.079 2.15387
3.08 2.15593
3.081 2.15798
3.082 2.16005
3.083 2.16211
3.084 2.16418
3.085 2.16624
3.086 2.16832
3.087 2.17039
3.088 2.17247
3.089 2.17455
3.09 2.17663
3.091 2.17872
3.092 2.18081
3.093 2.1829
3.094 2.18499
3.095 2.18709
3.096 2.18919
3.097 2.19129
3.098 2.1934
3.099 2.19551
3.1 2.19762
3.101 2.19973
3.102 2.20185
3.103 2.20397
3.104 2.2061
3.105 2.20822
3.106 2.21035
3.107 2.21248
3.108 2.21462
3.109 2.21675
3.11 2.2189
3.111 2.22104
3.112 2.22318
3.113 2.22533
3.114 2.22749
3.115 2.22964
3.116 2.2318
3.117 2.23396
3.118 2.23612
3.119 2.23829
3.12 2.24046
3.121 2.24263
3.122 2.24481
3.123 2.24699
3.124 2.24917
3.125 2.25135
3.126 2.25354
3.127 2.25573
3.128 2.25793
3.129 2.26012
3.13 2.26232
3.131 2.26452
3.132 2.26673
3.133 2.26894
3.134 2.27115
3.135 2.27336
3.136 2.27558
3.137 2.2778
3.138 2.28002
3.139 2.28225
3.14 2.28448
3.141 2.28671
3.142 2.28895
3.143 2.29119
3.144 2.29343
3.145 2.29567
3.146 2.29792
3.147 2.30017
3.148 2.30243
3.149 2.30468
3.15 2.30694
3.151 2.30921
3.152 2.31147
3.153 2.31374
3.154 2.31601
3.155 2.31829
3.156 2.32057
3.157 2.32285
3.158 2.32514
3.159 2.32742
3.16 2.32971
3.161 2.33201
3.162 2.33431
3.163 2.33661
3.164 2.33891
3.165 2.34122
3.166 2.34353
3.167 2.34584
3.168 2.34816
3.169 2.35048
3.17 2.3528
3.171 2.35512
3.172 2.35745
3.173 2.35978
3.174 2.36212
3.175 2.36446
3.176 2.3668
3.177 2.36914
3.178 2.37149
3.179 2.37384
3.18 2.3762
3.181 2.37856
3.182 2.38092
3.183 2.38328
3.184 2.38565
3.185 2.38802
3.186 2.39039
3.187 2.39277
3.188 2.39515
3.189 2.39753
3.19 2.39992
3.191 2.40231
3.192 2.4047
3.193 2.4071
3.194 2.4095
3.195 2.4119
3.196 2.41431
3.197 2.41672
3.198 2.41913
3.199 2.42155
3.2 2.42397
3.201 2.42639
3.202 2.42881
3.203 2.43124
3.204 2.43368
3.205 2.43611
3.206 2.43855
3.207 2.44099
3.208 2.44344
3.209 2.44589
3.21 2.44834
3.211 2.4508
3.212 2.45326
3.213 2.45572
3.214 2.45819
3.215 2.46066
3.216 2.46313
3.217 2.46561
3.218 2.46809
3.219 2.47057
3.22 2.47306
3.221 2.47555
3.222 2.47804
3.223 2.48054
3.224 2.48304
3.225 2.48554
3.226 2.48805
3.227 2.49056
3.228 2.49307
3.229 2.49559
3.23 2.49811
3.231 2.50063
3.232 2.50316
3.233 2.50569
3.234 2.50823
3.235 2.51077
3.236 2.51331
3.237 2.51585
3.238 2.5184
3.239 2.52095
3.24 2.52351
3.241 2.52607
3.242 2.52863
3.243 2.5312
3.244 2.53377
3.245 2.53634
3.246 2.53892
3.247 2.5415
3.248 2.54408
3.249 2.54667
3.25 2.54926
3.251 2.55185
3.252 2.55445
3.253 2.55705
3.254 2.55966
3.255 2.56226
3.256 2.56488
3.257 2.56749
3.258 2.57011
3.259 2.57273
3.26 2.57536
3.261 2.57799
3.262 2.58063
3.263 2.58326
3.264 2.5859
3.265 2.58855
3.266 2.5912
3.267 2.59385
3.268 2.5965
3.269 2.59916
3.27 2.60183
3.271 2.60449
3.272 2.60716
3.273 2.60984
3.274 2.61251
3.275 2.6152
3.276 2.61788
3.277 2.62057
3.278 2.62326
3.279 2.62596
3.28 2.62866
3.281 2.63136
3.282 2.63407
3.283 2.63678
3.284 2.63949
3.285 2.64221
3.286 2.64493
3.287 2.64766
3.288 2.65039
3.289 2.65312
3.29 2.65586
3.291 2.6586
3.292 2.66134
3.293 2.66409
3.294 2.66684
3.295 2.6696
3.296 2.67236
3.297 2.67512
3.298 2.67789
3.299 2.68066
3.3 2.68344
3.301 2.68622
3.302 2.689
3.303 2.69179
3.304 2.69458
3.305 2.69737
3.306 2.70017
3.307 2.70297
3.308 2.70578
3.309 2.70858
3.31 2.7114
3.311 2.71422
3.312 2.71704
3.313 2.71986
3.314 2.72269
3.315 2.72552
3.316 2.72836
3.317 2.7312
3.318 2.73405
3.319 2.73689
3.32 2.73975
3.321 2.7426
3.322 2.74546
3.323 2.74833
3.324 2.7512
3.325 2.75407
3.326 2.75694
3.327 2.75982
3.328 2.76271
3.329 2.7656
3.33 2.76849
3.331 2.77139
3.332 2.77429
3.333 2.77719
3.334 2.7801
3.335 2.78301
3.336 2.78593
3.337 2.78885
3.338 2.79177
3.339 2.7947
3.34 2.79763
3.341 2.80057
3.342 2.80351
3.343 2.80645
3.344 2.8094
3.345 2.81235
3.346 2.81531
3.347 2.81827
3.348 2.82124
3.349 2.8242
3.35 2.82718
3.351 2.83016
3.352 2.83314
3.353 2.83612
3.354 2.83911
3.355 2.84211
3.356 2.8451
3.357 2.84811
3.358 2.85111
3.359 2.85412
3.36 2.85714
3.361 2.86015
3.362 2.86318
3.363 2.8662
3.364 2.86924
3.365 2.87227
3.366 2.87531
3.367 2.87836
3.368 2.8814
3.369 2.88446
3.37 2.88751
3.371 2.89057
3.372 2.89364
3.373 2.89671
3.374 2.89978
3.375 2.90286
3.376 2.90594
3.377 2.90903
3.378 2.91212
3.379 2.91521
3.38 2.91831
3.381 2.92141
3.382 2.92452
3.383 2.92763
3.384 2.93075
3.385 2.93387
3.386 2.937
3.387 2.94013
3.388 2.94326
3.389 2.9464
3.39 2.94954
3.391 2.95269
3.392 2.95584
3.393 2.95899
3.394 2.96215
3.395 2.96532
3.396 2.96849
3.397 2.97166
3.398 2.97484
3.399 2.97802
3.4 2.98121
3.401 2.9844
3.402 2.98759
3.403 2.99079
3.404 2.994
3.405 2.9972
3.406 3.00042
3.407 3.00364
3.408 3.00686
3.409 3.01008
3.41 3.01331
3.411 3.01655
3.412 3.01979
3.413 3.02303
3.414 3.02628
3.415 3.02954
3.416 3.0328
3.417 3.03606
3.418 3.03933
3.419 3.0426
3.42 3.04587
3.421 3.04915
3.422 3.05244
3.423 3.05573
3.424 3.05902
3.425 3.06232
3.426 3.06563
3.427 3.06893
3.428 3.07225
3.429 3.07557
3.43 3.07889
3.431 3.08221
3.432 3.08555
3.433 3.08888
3.434 3.09222
3.435 3.09557
3.436 3.09892
3.437 3.10227
3.438 3.10563
3.439 3.109
3.44 3.11236
3.441 3.11574
3.442 3.11912
3.443 3.1225
3.444 3.12589
3.445 3.12928
3.446 3.13268
3.447 3.13608
3.448 3.13948
3.449 3.1429
3.45 3.14631
3.451 3.14973
3.452 3.15316
3.453 3.15659
3.454 3.16002
3.455 3.16346
3.456 3.16691
3.457 3.17036
3.458 3.17381
3.459 3.17727
3.46 3.18074
3.461 3.18421
3.462 3.18768
3.463 3.19116
3.464 3.19464
3.465 3.19813
3.466 3.20162
3.467 3.20512
3.468 3.20862
3.469 3.21213
3.47 3.21565
3.471 3.21916
3.472 3.22269
3.473 3.22621
3.474 3.22975
3.475 3.23328
3.476 3.23683
3.477 3.24037
3.478 3.24393
3.479 3.24748
3.48 3.25105
3.481 3.25461
3.482 3.25819
3.483 3.26176
3.484 3.26535
3.485 3.26893
3.486 3.27252
3.487 3.27612
3.488 3.27972
3.489 3.28333
3.49 3.28695
3.491 3.29056
3.492 3.29419
3.493 3.29781
3.494 3.30145
3.495 3.30508
3.496 3.30873
3.497 3.31238
3.498 3.31603
3.499 3.31969
3.5 3.32335
3.501 3.32702
3.502 3.33069
3.503 3.33437
3.504 3.33806
3.505 3.34175
3.506 3.34544
3.507 3.34914
3.508 3.35285
3.509 3.35656
3.51 3.36027
3.511 3.36399
3.512 3.36772
3.513 3.37145
3.514 3.37518
3.515 3.37893
3.516 3.38267
3.517 3.38643
3.518 3.39018
3.519 3.39395
3.52 3.39771
3.521 3.40149
3.522 3.40527
3.523 3.40905
3.524 3.41284
3.525 3.41663
3.526 3.42043
3.527 3.42424
3.528 3.42805
3.529 3.43186
3.53 3.43569
3.531 3.43951
3.532 3.44334
3.533 3.44718
3.534 3.45102
3.535 3.45487
3.536 3.45873
3.537 3.46259
3.538 3.46645
3.539 3.47032
3.54 3.4742
3.541 3.47808
3.542 3.48196
3.543 3.48585
3.544 3.48975
3.545 3.49366
3.546 3.49756
3.547 3.50148
3.548 3.5054
3.549 3.50932
3.55 3.51325
3.551 3.51719
3.552 3.52113
3.553 3.52508
3.554 3.52903
3.555 3.53299
3.556 3.53695
3.557 3.54092
3.558 3.5449
3.559 3.54888
3.56 3.55286
3.561 3.55686
3.562 3.56085
3.563 3.56486
3.564 3.56886
3.565 3.57288
3.566 3.5769
3.567 3.58093
3.568 3.58496
3.569 3.58899
3.57 3.59304
3.571 3.59709
3.572 3.60114
3.573 3.6052
3.574 3.60927
3.575 3.61334
3.576 3.61742
3.577 3.6215
3.578 3.62559
3.579 3.62968
3.58 3.63378
3.581 3.63789
3.582 3.642
3.583 3.64612
3.584 3.65024
3.585 3.65437
3.586 3.65851
3.587 3.66265
3.588 3.6668
3.589 3.67095
3.59 3.67511
3.591 3.67927
3.592 3.68344
3.593 3.68762
3.594 3.6918
3.595 3.69599
3.596 3.70019
3.597 3.70439
3.598 3.70859
3.599 3.71281
3.6 3.71702
3.601 3.72125
3.602 3.72548
3.603 3.72971
3.604 3.73396
3.605 3.73821
3.606 3.74246
3.607 3.74672
3.608 3.75099
3.609 3.75526
3.61 3.75954
3.611 3.76382
3.612 3.76811
3.613 3.77241
3.614 3.77671
3.615 3.78102
3.616 3.78534
3.617 3.78966
3.618 3.79399
3.619 3.79832
3.62 3.80266
3.621 3.807
3.622 3.81136
3.623 3.81571
3.624 3.82008
3.625 3.82445
3.626 3.82883
3.627 3.83321
3.628 3.8376
3.629 3.84199
3.63 3.8464
3.631 3.8508
3.632 3.85522
3.633 3.85964
3.634 3.86407
3.635 3.8685
3.636 3.87294
3.637 3.87738
3.638 3.88184
3.639 3.8863
3.64 3.89076
3.641 3.89523
3.642 3.89971
3.643 3.90419
3.644 3.90868
3.645 3.91318
3.646 3.91768
3.647 3.92219
3.648 3.92671
3.649 3.93123
3.65 3.93576
3.651 3.9403
3.652 3.94484
3.653 3.94939
3.654 3.95394
3.655 3.9585
3.656 3.96307
3.657 3.96764
3.658 3.97223
3.659 3.97681
3.66 3.98141
3.661 3.98601
3.662 3.99061
3.663 3.99523
3.664 3.99985
3.665 4.00448
3.666 4.00911
3.667 4.01375
3.668 4.0184
3.669 4.02305
3.67 4.02771
3.671 4.03238
3.672 4.03705
3.673 4.04173
3.674 4.04642
3.675 4.05111
3.676 4.05581
3.677 4.06052
3.678 4.06523
3.679 4.06995
3.68 4.07468
3.681 4.07941
3.682 4.08415
3.683 4.0889
3.684 4.09365
3.685 4.09841
3.686 4.10318
3.687 4.10796
3.688 4.11274
3.689 4.11753
3.69 4.12232
3.691 4.12712
3.692 4.13193
3.693 4.13675
3.694 4.14157
3.695 4.1464
3.696 4.15124
3.697 4.15608
3.698 4.16093
3.699 4.16579
3.7 4.17065
3.701 4.17552
3.702 4.1804
3.703 4.18529
3.704 4.19018
3.705 4.19508
3.706 4.19998
3.707 4.2049
3.708 4.20982
3.709 4.21475
3.71 4.21968
3.711 4.22462
3.712 4.22957
3.713 4.23453
3.714 4.23949
3.715 4.24446
3.716 4.24944
3.717 4.25442
3.718 4.25941
3.719 4.26441
3.72 4.26942
3.721 4.27443
3.722 4.27945
3.723 4.28448
3.724 4.28951
3.725 4.29455
3.726 4.2996
3.727 4.30466
3.728 4.30972
3.729 4.31479
3.73 4.31987
3.731 4.32496
3.732 4.33005
3.733 4.33515
3.734 4.34026
3.735 4.34537
3.736 4.3505
3.737 4.35563
3.738 4.36076
3.739 4.36591
3.74 4.37106
3.741 4.37622
3.742 4.38139
3.743 4.38656
3.744 4.39174
3.745 4.39693
3.746 4.40213
3.747 4.40733
3.748 4.41254
3.749 4.41776
3.75 4.42299
3.751 4.42822
3.752 4.43346
3.753 4.43871
3.754 4.44397
3.755 4.44923
3.756 4.45451
3.757 4.45979
3.758 4.46507
3.759 4.47037
3.76 4.47567
3.761 4.48098
3.762 4.4863
3.763 4.49162
3.764 4.49696
3.765 4.5023
3.766 4.50765
3.767 4.513
3.768 4.51837
3.769 4.52374
3.77 4.52912
3.771 4.53451
3.772 4.5399
3.773 4.5453
3.774 4.55071
3.775 4.55613
3.776 4.56156
3.777 4.56699
3.778 4.57244
3.779 4.57789
3.78 4.58334
3.781 4.58881
3.782 4.59428
3.783 4.59976
3.784 4.60525
3.785 4.61075
3.786 4.61626
3.787 4.62177
3.788 4.62729
3.789 4.63282
3.79 4.63836
3.791 4.6439
3.792 4.64946
3.793 4.65502
3.794 4.66059
3.795 4.66616
3.796 4.67175
3.797 4.67734
3.798 4.68295
3.799 4.68856
3.8 4.69417
3.801 4.6998
3.802 4.70543
3.803 4.71108
3.804 4.71673
3.805 4.72239
3.806 4.72805
3.807 4.73373
3.808 4.73941
3.809 4.74511
3.81 4.75081
3.811 4.75651
3.812 4.76223
3.813 4.76796
3.814 4.77369
3.815 4.77943
3.816 4.78518
3.817 4.79094
3.818 4.79671
3.819 4.80248
3.82 4.80826
3.821 4.81406
3.822 4.81986
3.823 4.82566
3.824 4.83148
3.825 4.83731
3.826 4.84314
3.827 4.84898
3.828 4.85483
3.829 4.86069
3.83 4.86656
3.831 4.87244
3.832 4.87832
3.833 4.88422
3.834 4.89012
3.835 4.89603
3.836 4.90195
3.837 4.90788
3.838 4.91382
3.839 4.91976
3.84 4.92572
3.841 4.93168
3.842 4.93765
3.843 4.94363
3.844 4.94962
3.845 4.95562
3.846 4.96162
3.847 4.96764
3.848 4.97366
3.849 4.97969
3.85 4.98573
3.851 4.99179
3.852 4.99784
3.853 5.00391
3.854 5.00999
3.855 5.01607
3.856 5.02217
3.857 5.02827
3.858 5.03438
3.859 5.04051
3.86 5.04664
3.861 5.05277
3.862 5.05892
3.863 5.06508
3.864 5.07125
3.865 5.07742
3.866 5.0836
3.867 5.0898
3.868 5.096
3.869 5.10221
3.87 5.10843
3.871 5.11466
3.872 5.1209
3.873 5.12715
3.874 5.1334
3.875 5.13967
3.876 5.14594
3.877 5.15223
3.878 5.15852
3.879 5.16482
3.88 5.17114
3.881 5.17746
3.882 5.18379
3.883 5.19013
3.884 5.19648
3.885 5.20283
3.886 5.2092
3.887 5.21558
3.888 5.22196
3.889 5.22836
3.89 5.23476
3.891 5.24118
3.892 5.2476
3.893 5.25403
3.894 5.26048
3.895 5.26693
3.896 5.27339
3.897 5.27986
3.898 5.28634
3.899 5.29283
3.9 5.29933
3.901 5.30584
3.902 5.31236
3.903 5.31888
3.904 5.32542
3.905 5.33197
3.906 5.33853
3.907 5.34509
3.908 5.35167
3.909 5.35825
3.91 5.36485
3.911 5.37145
3.912 5.37807
3.913 5.38469
3.914 5.39133
3.915 5.39797
3.916 5.40462
3.917 5.41129
3.918 5.41796
3.919 5.42464
3.92 5.43134
3.921 5.43804
3.922 5.44475
3.923 5.45147
3.924 5.45821
3.925 5.46495
3.926 5.4717
3.927 5.47846
3.928 5.48523
3.929 5.49202
3.93 5.49881
3.931 5.50561
3.932 5.51242
3.933 5.51924
3.934 5.52607
3.935 5.53292
3.936 5.53977
3.937 5.54663
3.938 5.5535
3.939 5.56039
3.94 5.56728
3.941 5.57418
3.942 5.58109
3.943 5.58802
3.944 5.59495
3.945 5.60189
3.946 5.60885
3.947 5.61581
3.948 5.62278
3.949 5.62977
3.95 5.63676
3.951 5.64377
3.952 5.65078
3.953 5.65781
3.954 5.66485
3.955 5.67189
3.956 5.67895
3.957 5.68602
3.958 5.69309
3.959 5.70018
3.96 5.70728
3.961 5.71439
3.962 5.72151
3.963 5.72864
3.964 5.73578
3.965 5.74293
3.966 5.75009
3.967 5.75727
3.968 5.76445
3.969 5.77164
3.97 5.77885
3.971 5.78606
3.972 5.79329
3.973 5.80052
3.974 5.80777
3.975 5.81503
3.976 5.8223
3.977 5.82957
3.978 5.83686
3.979 5.84416
3.98 5.85148
3.981 5.8588
3.982 5.86613
3.983 5.87348
3.984 5.88083
3.985 5.8882
3.986 5.89557
3.987 5.90296
3.988 5.91036
3.989 5.91777
3.99 5.92519
3.991 5.93262
3.992 5.94006
3.993 5.94752
3.994 5.95498
3.995 5.96246
3.996 5.96994
3.997 5.97744
3.998 5.98495
3.999 5.99247
4 6
4.001 6.00754
4.002 6.0151
4.003 6.02266
4.004 6.03024
4.005 6.03782
4.006 6.04542
4.007 6.05303
4.008 6.06065
4.009 6.06828
4.01 6.07593
4.011 6.08358
4.012 6.09125
4.013 6.09893
4.014 6.10662
4.015 6.11432
4.016 6.12203
4.017 6.12975
4.018 6.13749
4.019 6.14523
4.02 6.15299
4.021 6.16076
4.022 6.16854
4.023 6.17634
4.024 6.18414
4.025 6.19196
4.026 6.19978
4.027 6.20762
4.028 6.21547
4.029 6.22333
4.03 6.23121
4.031 6.23909
4.032 6.24699
4.033 6.2549
4.034 6.26282
4.035 6.27076
4.036 6.2787
4.037 6.28666
4.038 6.29463
4.039 6.30261
4.04 6.3106
4.041 6.3186
4.042 6.32662
4.043 6.33465
4.044 6.34269
4.045 6.35074
4.046 6.3588
4.047 6.36688
4.048 6.37497
4.049 6.38307
4.05 6.39118
4.051 6.3993
4.052 6.40744
4.053 6.41559
4.054 6.42375
4.055 6.43192
4.056 6.4401
4.057 6.4483
4.058 6.45651
4.059 6.46473
4.06 6.47297
4.061 6.48121
4.062 6.48947
4.063 6.49774
4.064 6.50603
4.065 6.51432
4.066 6.52263
4.067 6.53095
4.068 6.53928
4.069 6.54763
4.07 6.55599
4.071 6.56436
4.072 6.57274
4.073 6.58113
4.074 6.58954
4.075 6.59796
4.076 6.6064
4.077 6.61484
4.078 6.6233
4.079 6.63177
4.08 6.64025
4.081 6.64875
4.082 6.65726
4.083 6.66578
4.084 6.67432
4.085 6.68286
4.086 6.69142
4.087 6.7
4.088 6.70858
4.089 6.71718
4.09 6.72579
4.091 6.73442
4.092 6.74306
4.093 6.75171
4.094 6.76037
4.095 6.76905
4.096 6.77774
4.097 6.78644
4.098 6.79515
4.099 6.80388
4.1 6.81262
4.101 6.82138
4.102 6.83015
4.103 6.83893
4.104 6.84772
4.105 6.85653
4.106 6.86535
4.107 6.87418
4.108 6.88303
4.109 6.89189
4.11 6.90076
4.111 6.90965
4.112 6.91855
4.113 6.92746
4.114 6.93639
4.115 6.94533
4.116 6.95429
4.117 6.96325
4.118 6.97223
4.119 6.98123
4.12 6.99024
4.121 6.99926
4.122 7.00829
4.123 7.01734
4.124 7.0264
4.125 7.03548
4.126 7.04457
4.127 7.05367
4.128 7.06279
4.129 7.07192
4.13 7.08106
4.131 7.09022
4.132 7.09939
4.133 7.10858
4.134 7.11778
4.135 7.12699
4.136 7.13622
4.137 7.14546
4.138 7.15472
4.139 7.16399
4.14 7.17327
4.141 7.18257
4.142 7.19188
4.143 7.2012
4.144 7.21054
4.145 7.21989
4.146 7.22926
4.147 7.23864
4.148 7.24804
4.149 7.25745
4.15 7.26687
4.151 7.27631
4.152 7.28576
4.153 7.29523
4.154 7.30471
4.155 7.31421
4.156 7.32372
4.157 7.33324
4.158 7.34278
4.159 7.35233
4.16 7.3619
4.161 7.37148
4.162 7.38108
4.163 7.39069
4.164 7.40031
4.165 7.40995
4.166 7.41961
4.167 7.42927
4.168 7.43896
4.169 7.44866
4.17 7.45837
4.171 7.4681
4.172 7.47784
4.173 7.4876
4.174 7.49737
4.175 7.50715
4.176 7.51695
4.177 7.52677
4.178 7.5366
4.179 7.54645
4.18 7.55631
4.181 7.56618
4.182 7.57607
4.183 7.58598
4.184 7.5959
4.185 7.60584
4.186 7.61579
4.187 7.62575
4.188 7.63573
4.189 7.64573
4.19 7.65574
4.191 7.66577
4.192 7.67581
4.193 7.68586
4.194 7.69594
4.195 7.70602
4.196 7.71613
4.197 7.72624
4.198 7.73638
4.199 7.74653
4.2 7.75669
4.201 7.76687
4.202 7.77706
4.203 7.78727
4.204 7.7975
4.205 7.80774
4.206 7.818
4.207 7.82827
4.208 7.83856
4.209 7.84886
4.21 7.85918
4.211 7.86952
4.212 7.87987
4.213 7.89023
4.214 7.90062
4.215 7.91101
4.216 7.92143
4.217 7.93186
4.218 7.9423
4.219 7.95276
4.22 7.96324
4.221 7.97373
4.222 7.98424
4.223 7.99477
4.224 8.00531
4.225 8.01587
4.226 8.02644
4.227 8.03703
4.228 8.04763
4.229 8.05826
4.23 8.06889
4.231 8.07955
4.232 8.09022
4.233 8.1009
4.234 8.11161
4.235 8.12233
4.236 8.13306
4.237 8.14381
4.238 8.15458
4.239 8.16537
4.24 8.17617
4.241 8.18698
4.242 8.19782
4.243 8.20867
4.244 8.21953
4.245 8.23042
4.246 8.24132
4.247 8.25223
4.248 8.26317
4.249 8.27412
4.25 8.28509
4.251 8.29607
4.252 8.30707
4.253 8.31809
4.254 8.32912
4.255 8.34017
4.256 8.35124
4.257 8.36232
4.258 8.37342
4.259 8.38454
4.26 8.39568
4.261 8.40683
4.262 8.418
4.263 8.42919
4.264 8.44039
4.265 8.45161
4.266 8.46285
4.267 8.4741
4.268 8.48538
4.269 8.49666
4.27 8.50797
4.271 8.5193
4.272 8.53064
4.273 8.542
4.274 8.55337
4.275 8.56476
4.276 8.57618
4.277 8.5876
4.278 8.59905
4.279 8.61051
4.28 8.62199
4.281 8.63349
4.282 8.64501
4.283 8.65654
4.284 8.66809
4.285 8.67966
4.286 8.69125
4.287 8.70285
4.288 8.71448
4.289 8.72612
4.29 8.73778
4.291 8.74945
4.292 8.76114
4.293 8.77286
4.294 8.78459
4.295 8.79633
4.296 8.8081
4.297 8.81988
4.298 8.83169
4.299 8.84351
4.3 8.85534
4.301 8.8672
4.302 8.87907
4.303 8.89097
4.304 8.90288
4.305 8.91481
4.306 8.92675
4.307 8.93872
4.308 8.9507
4.309 8.96271
4.31 8.97473
4.311 8.98677
4.312 8.99883
4.313 9.0109
4.314 9.023
4.315 9.03511
4.316 9.04724
4.317 9.05939
4.318 9.07156
4.319 9.08375
4.32 9.09596
4.321 9.10819
4.322 9.12043
4.323 9.13269
4.324 9.14498
4.325 9.15728
4.326 9.1696
4.327 9.18194
4.328 9.1943
4.329 9.20667
4.33 9.21907
4.331 9.23148
4.332 9.24392
4.333 9.25637
4.334 9.26885
4.335 9.28134
4.336 9.29385
4.337 9.30638
4.338 9.31893
4.339 9.3315
4.34 9.34409
4.341 9.3567
4.342 9.36932
4.343 9.38197
4.344 9.39464
4.345 9.40732
4.346 9.42003
4.347 9.43275
4.348 9.4455
4.349 9.45826
4.35 9.47105
4.351 9.48385
4.352 9.49667
4.353 9.50952
4.354 9.52238
4.355 9.53526
4.356 9.54817
4.357 9.56109
4.358 9.57403
4.359 9.58699
4.36 9.59998
4.361 9.61298
4.362 9.626
4.363 9.63905
4.364 9.65211
4.365 9.66519
4.366 9.6783
4.367 9.69142
4.368 9.70457
4.369 9.71773
4.37 9.73092
4.371 9.74412
4.372 9.75735
4.373 9.77059
4.374 9.78386
4.375 9.79715
4.376 9.81045
4.377 9.82378
4.378 9.83713
4.379 9.8505
4.38 9.86389
4.381 9.8773
4.382 9.89074
4.383 9.90419
4.384 9.91766
4.385 9.93116
4.386 9.94467
4.387 9.95821
4.388 9.97177
4.389 9.98534
4.39 9.99894
4.391 10.0126
4.392 10.0262
4.393 10.0399
4.394 10.0536
4.395 10.0673
4.396 10.081
4.397 10.0947
4.398 10.1085
4.399 10.1223
4.4 10.1361
4.401 10.1499
4.402 10.1638
4.403 10.1777
4.404 10.1916
4.405 10.2055
4.406 10.2194
4.407 10.2334
4.408 10.2474
4.409 10.2614
4.41 10.2754
4.411 10.2895
4.412 10.3035
4.413 10.3176
4.414 10.3317
4.415 10.3459
4.416 10.36
4.417 10.3742
4.418 10.3884
4.419 10.4026
4.42 10.4169
4.421 10.4312
4.422 10.4454
4.423 10.4598
4.424 10.4741
4.425 10.4885
4.426 10.5028
4.427 10.5172
4.428 10.5317
4.429 10.5461
4.43 10.5606
4.431 10.5751
4.432 10.5896
4.433 10.6041
4.434 10.6187
4.435 10.6333
4.436 10.6479
4.437 10.6625
4.438 10.6772
4.439 10.6918
4.44 10.7065
4.441 10.7213
4.442 10.736
4.443 10.7508
4.444 10.7656
4.445 10.7804
4.446 10.7952
4.447 10.8101
4.448 10.8249
4.449 10.8398
4.45 10.8548
4.451 10.8697
4.452 10.8847
4.453 10.8997
4.454 10.9147
4.455 10.9298
4.456 10.9448
4.457 10.9599
4.458 10.975
4.459 10.9902
4.46 11.0053
4.461 11.0205
4.462 11.0357
4.463 11.051
4.464 11.0662
4.465 11.0815
4.466 11.0968
4.467 11.1122
4.468 11.1275
4.469 11.1429
4.47 11.1583
4.471 11.1737
4.472 11.1892
4.473 11.2046
4.474 11.2201
4.475 11.2357
4.476 11.2512
4.477 11.2668
4.478 11.2824
4.479 11.298
4.48 11.3136
4.481 11.3293
4.482 11.345
4.483 11.3607
4.484 11.3765
4.485 11.3922
4.486 11.408
4.487 11.4238
4.488 11.4397
4.489 11.4555
4.49 11.4714
4.491 11.4874
4.492 11.5033
4.493 11.5193
4.494 11.5353
4.495 11.5513
4.496 11.5673
4.497 11.5834
4.498 11.5995
4.499 11.6156
4.5 11.6317
4.501 11.6479
4.502 11.6641
4.503 11.6803
4.504 11.6966
4.505 11.7128
4.506 11.7291
4.507 11.7454
4.508 11.7618
4.509 11.7782
4.51 11.7946
4.511 11.811
4.512 11.8274
4.513 11.8439
4.514 11.8604
4.515 11.8769
4.516 11.8935
4.517 11.9101
4.518 11.9267
4.519 11.9433
4.52 11.96
4.521 11.9766
4.522 11.9933
4.523 12.0101
4.524 12.0268
4.525 12.0436
4.526 12.0604
4.527 12.0773
4.528 12.0942
4.529 12.111
4.53 12.128
4.531 12.1449
4.532 12.1619
4.533 12.1789
4.534 12.1959
4.535 12.213
4.536 12.2301
4.537 12.2472
4.538 12.2643
4.539 12.2815
4.54 12.2987
4.541 12.3159
4.542 12.3331
4.543 12.3504
4.544 12.3677
4.545 12.385
4.546 12.4024
4.547 12.4197
4.548 12.4371
4.549 12.4546
4.55 12.472
4.551 12.4895
4.552 12.5071
4.553 12.5246
4.554 12.5422
4.555 12.5598
4.556 12.5774
4.557 12.5951
4.558 12.6127
4.559 12.6305
4.56 12.6482
4.561 12.666
4.562 12.6838
4.563 12.7016
4.564 12.7194
4.565 12.7373
4.566 12.7552
4.567 12.7732
4.568 12.7911
4.569 12.8091
4.57 12.8271
4.571 12.8452
4.572 12.8633
4.573 12.8814
4.574 12.8995
4.575 12.9177
4.576 12.9359
4.577 12.9541
4.578 12.9724
4.579 12.9906
4.58 13.0089
4.581 13.0273
4.582 13.0456
4.583 13.064
4.584 13.0825
4.585 13.1009
4.586 13.1194
4.587 13.1379
4.588 13.1565
4.589 13.175
4.59 13.1936
4.591 13.2123
4.592 13.2309
4.593 13.2496
4.594 13.2683
4.595 13.2871
4.596 13.3059
4.597 13.3247
4.598 13.3435
4.599 13.3624
4.6 13.3813
4.601 13.4002
4.602 13.4192
4.603 13.4382
4.604 13.4572
4.605 13.4762
4.606 13.4953
4.607 13.5144
4.608 13.5336
4.609 13.5527
4.61 13.5719
4.611 13.5912
4.612 13.6104
4.613 13.6297
4.614 13.649
4.615 13.6684
4.616 13.6878
4.617 13.7072
4.618 13.7266
4.619 13.7461
4.62 13.7656
4.621 13.7852
4.622 13.8047
4.623 13.8243
4.624 13.844
4.625 13.8636
4.626 13.8833
4.627 13.9031
4.628 13.9228
4.629 13.9426
4.63 13.9624
4.631 13.9823
4.632 14.0022
4.633 14.0221
4.634 14.042
4.635 14.062
4.636 14.082
4.637 14.102
4.638 14.1221
4.639 14.1422
4.64 14.1624
4.641 14.1825
4.642 14.2027
4.643 14.223
4.644 14.2432
4.645 14.2635
4.646 14.2839
4.647 14.3042
4.648 14.3246
4.649 14.3451
4.65 14.3655
4.651 14.386
4.652 14.4065
4.653 14.4271
4.654 14.4477
4.655 14.4683
4.656 14.489
4.657 14.5097
4.658 14.5304
4.659 14.5512
4.66 14.5719
4.661 14.5928
4.662 14.6136
4.663 14.6345
4.664 14.6554
4.665 14.6764
4.666 14.6974
4.667 14.7184
4.668 14.7395
4.669 14.7606
4.67 14.7817
4.671 14.8029
4.672 14.824
4.673 14.8453
4.674 14.8665
4.675 14.8878
4.676 14.9092
4.677 14.9305
4.678 14.9519
4.679 14.9733
4.68 14.9948
4.681 15.0163
4.682 15.0378
4.683 15.0594
4.684 15.081
4.685 15.1027
4.686 15.1243
4.687 15.146
4.688 15.1678
4.689 15.1896
4.69 15.2114
4.691 15.2332
4.692 15.2551
4.693 15.277
4.694 15.299
4.695 15.3209
4.696 15.343
4.697 15.365
4.698 15.3871
4.699 15.4092
4.7 15.4314
4.701 15.4536
4.702 15.4758
4.703 15.4981
4.704 15.5204
4.705 15.5428
4.706 15.5651
4.707 15.5876
4.708 15.61
4.709 15.6325
4.71 15.655
4.711 15.6776
4.712 15.7002
4.713 15.7228
4.714 15.7455
4.715 15.7682
4.716 15.7909
4.717 15.8137
4.718 15.8365
4.719 15.8593
4.72 15.8822
4.721 15.9052
4.722 15.9281
4.723 15.9511
4.724 15.9741
4.725 15.9972
4.726 16.0203
4.727 16.0435
4.728 16.0667
4.729 16.0899
4.73 16.1131
4.731 16.1364
4.732 16.1598
4.733 16.1831
4.734 16.2065
4.735 16.23
4.736 16.2535
4.737 16.277
4.738 16.3005
4.739 16.3241
4.74 16.3478
4.741 16.3714
4.742 16.3951
4.743 16.4189
4.744 16.4427
4.745 16.4665
4.746 16.4904
4.747 16.5143
4.748 16.5382
4.749 16.5622
4.75 16.5862
4.751 16.6103
4.752 16.6344
4.753 16.6585
4.754 16.6827
4.755 16.7069
4.756 16.7311
4.757 16.7554
4.758 16.7797
4.759 16.8041
4.76 16.8285
4.761 16.853
4.762 16.8775
4.763 16.902
4.764 16.9265
4.765 16.9512
4.766 16.9758
4.767 17.0005
4.768 17.0252
4.769 17.05
4.77 17.0748
4.771 17.0996
4.772 17.1245
4.773 17.1494
4.774 17.1744
4.775 17.1994
4.776 17.2244
4.777 17.2495
4.778 17.2747
4.779 17.2998
4.78 17.325
4.781 17.3503
4.782 17.3756
4.783 17.4009
4.784 17.4263
4.785 17.4517
4.786 17.4771
4.787 17.5026
4.788 17.5282
4.789 17.5538
4.79 17.5794
4.791 17.605
4.792 17.6307
4.793 17.6565
4.794 17.6823
4.795 17.7081
4.796 17.734
4.797 17.7599
4.798 17.7858
4.799 17.8118
4.8 17.8379
4.801 17.8639
4.802 17.8901
4.803 17.9162
4.804 17.9424
4.805 17.9687
4.806 17.995
4.807 18.0213
4.808 18.0477
4.809 18.0741
4.81 18.1006
4.811 18.1271
4.812 18.1536
4.813 18.1802
4.814 18.2068
4.815 18.2335
4.816 18.2602
4.817 18.287
4.818 18.3138
4.819 18.3407
4.82 18.3676
4.821 18.3945
4.822 18.4215
4.823 18.4485
4.824 18.4756
4.825 18.5027
4.826 18.5299
4.827 18.5571
4.828 18.5843
4.829 18.6116
4.83 18.6389
4.831 18.6663
4.832 18.6937
4.833 18.7212
4.834 18.7487
4.835 18.7763
4.836 18.8039
4.837 18.8315
4.838 18.8592
4.839 18.887
4.84 18.9147
4.841 18.9426
4.842 18.9704
4.843 18.9984
4.844 19.0263
4.845 19.0543
4.846 19.0824
4.847 19.1105
4.848 19.1386
4.849 19.1668
4.85 19.1951
4.851 19.2234
4.852 19.2517
4.853 19.2801
4.854 19.3085
4.855 19.337
4.856 19.3655
4.857 19.394
4.858 19.4227
4.859 19.4513
4.86 19.48
4.861 19.5088
4.862 19.5376
4.863 19.5664
4.864 19.5953
4.865 19.6242
4.866 19.6532
4.867 19.6822
4.868 19.7113
4.869 19.7405
4.87 19.7696
4.871 19.7989
4.872 19.8281
4.873 19.8574
4.874 19.8868
4.875 19.9162
4.876 19.9457
4.877 19.9752
4.878 20.0047
4.879 20.0344
4.88 20.064
4.881 20.0937
4.882 20.1235
4.883 20.1533
4.884 20.1831
4.885 20.213
4.886 20.243
4.887 20.2729
4.888 20.303
4.889 20.3331
4.89 20.3632
4.891 20.3934
4.892 20.4237
4.893 20.454
4.894 20.4843
4.895 20.5147
4.896 20.5451
4.897 20.5756
4.898 20.6062
4.899 20.6367
4.9 20.6674
4.901 20.6981
4.902 20.7288
4.903 20.7596
4.904 20.7904
4.905 20.8213
4.906 20.8523
4.907 20.8833
4.908 20.9143
4.909 20.9454
4.91 20.9766
4.911 21.0078
4.912 21.039
4.913 21.0703
4.914 21.1017
4.915 21.1331
4.916 21.1645
4.917 21.196
4.918 21.2276
4.919 21.2592
4.92 21.2908
4.921 21.3226
4.922 21.3543
4.923 21.3861
4.924 21.418
4.925 21.4499
4.926 21.4819
4.927 21.5139
4.928 21.546
4.929 21.5781
4.93 21.6103
4.931 21.6425
4.932 21.6748
4.933 21.7072
4.934 21.7396
4.935 21.772
4.936 21.8045
4.937 21.8371
4.938 21.8697
4.939 21.9024
4.94 21.9351
4.941 21.9678
4.942 22.0007
4.943 22.0335
4.944 22.0665
4.945 22.0995
4.946 22.1325
4.947 22.1656
4.948 22.1988
4.949 22.232
4.95 22.2652
4.951 22.2985
4.952 22.3319
4.953 22.3653
4.954 22.3988
4.955 22.4323
4.956 22.4659
4.957 22.4996
4.958 22.5333
4.959 22.567
4.96 22.6008
4.961 22.6347
4.962 22.6686
4.963 22.7026
4.964 22.7366
4.965 22.7707
4.966 22.8049
4.967 22.8391
4.968 22.8733
4.969 22.9076
4.97 22.942
4.971 22.9764
4.972 23.0109
4.973 23.0455
4.974 23.0801
4.975 23.1147
4.976 23.1494
4.977 23.1842
4.978 23.219
4.979 23.2539
4.98 23.2889
4.981 23.3239
4.982 23.3589
4.983 23.3941
4.984 23.4292
4.985 23.4645
4.986 23.4998
4.987 23.5351
4.988 23.5705
4.989 23.606
4.99 23.6415
4.991 23.6771
4.992 23.7127
4.993 23.7484
4.994 23.7842
4.995 23.82
4.996 23.8559
4.997 23.8918
4.998 23.9278
4.999 23.9639
5 24
5.001 24.0362
5.002 24.0724
5.003 24.1087
5.004 24.1451
5.005 24.1815
5.006 24.218
5.007 24.2545
5.008 24.2911
5.009 24.3278
5.01 24.3645
5.011 24.4013
5.012 24.4381
5.013 24.475
5.014 24.512
5.015 24.549
5.016 24.5861
5.017 24.6232
5.018 24.6604
5.019 24.6977
5.02 24.735
5.021 24.7724
5.022 24.8099
5.023 24.8474
5.024 24.885
5.025 24.9226
5.026 24.9603
5.027 24.9981
5.028 25.0359
5.029 25.0738
5.03 25.1118
5.031 25.1498
5.032 25.1879
5.033 25.226
5.034 25.2642
5.035 25.3025
5.036 25.3408
5.037 25.3792
5.038 25.4177
5.039 25.4562
5.04 25.4948
5.041 25.5335
5.042 25.5722
5.043 25.611
5.044 25.6498
5.045 25.6887
5.046 25.7277
5.047 25.7668
5.048 25.8059
5.049 25.845
5.05 25.8843
5.051 25.9236
5.052 25.9629
5.053 26.0024
5.054 26.0419
5.055 26.0814
5.056 26.1211
5.057 26.1608
5.058 26.2005
5.059 26.2404
5.06 26.2802
5.061 26.3202
5.062 26.3602
5.063 26.4003
5.064 26.4405
5.065 26.4807
5.066 26.521
5.067 26.5614
5.068 26.6018
5.069 26.6423
5.07 26.6829
5.071 26.7235
5.072 26.7642
5.073 26.805
5.074 26.8458
5.075 26.8867
5.076 26.9277
5.077 26.9687
5.078 27.0098
5.079 27.051
5.08 27.0922
5.081 27.1336
5.082 27.1749
5.083 27.2164
5.084 27.2579
5.085 27.2995
5.086 27.3412
5.087 27.3829
5.088 27.4247
5.089 27.4666
5.09 27.5085
5.091 27.5505
5.092 27.5926
5.093 27.6347
5.094 27.677
5.095 27.7192
5.096 27.7616
5.097 27.804
5.098 27.8465
5.099 27.8891
5.1 27.9318
5.101 27.9745
5.102 28.0173
5.103 28.0601
5.104 28.103
5.105 28.146
5.106 28.1891
5.107 28.2323
5.108 28.2755
5.109 28.3188
5.11 28.3621
5.111 28.4056
5.112 28.4491
5.113 28.4927
5.114 28.5363
5.115 28.58
5.116 28.6238
5.117 28.6677
5.118 28.7117
5.119 28.7557
5.12 28.7998
5.121 28.8439
5.122 28.8882
5.123 28.9325
5.124 28.9769
5.125 29.0214
5.126 29.0659
5.127 29.1105
5.128 29.1552
5.129 29.2
5.13 29.2448
5.131 29.2897
5.132 29.3347
5.133 29.3798
5.134 29.4249
5.135 29.4701
5.136 29.5154
5.137 29.5608
5.138 29.6062
5.139 29.6517
5.14 29.6973
5.141 29.743
5.142 29.7888
5.143 29.8346
5.144 29.8805
5.145 29.9265
5.146 29.9725
5.147 30.0187
5.148 30.0649
5.149 30.1112
5.15 30.1575
5.151 30.204
5.152 30.2505
5.153 30.2971
5.154 30.3438
5.155 30.3905
5.156 30.4374
5.157 30.4843
5.158 30.5313
5.159 30.5783
5.16 30.6255
5.161 30.6727
5.162 30.72
5.163 30.7674
5.164 30.8149
5.165 30.8624
5.166 30.9101
5.167 30.9578
5.168 31.0056
5.169 31.0534
5.17 31.1014
5.171 31.1494
5.172 31.1975
5.173 31.2457
5.174 31.294
5.175 31.3424
5.176 31.3908
5.177 31.4393
5.178 31.4879
5.179 31.5366
5.18 31.5854
5.181 31.6342
5.182 31.6831
5.183 31.7322
5.184 31.7812
5.185 31.8304
5.186 31.8797
5.187 31.929
5.188 31.9784
5.189 32.028
5.19 32.0776
5.191 32.1272
5.192 32.177
5.193 32.2268
5.194 32.2768
5.195 32.3268
5.196 32.3769
5.197 32.427
5.198 32.4773
5.199 32.5277
5.2 32.5781
5.201 32.6286
5.202 32.6792
5.203 32.7299
5.204 32.7807
5.205 32.8316
5.206 32.8825
5.207 32.9335
5.208 32.9847
5.209 33.0359
5.21 33.0872
5.211 33.1385
5.212 33.19
5.213 33.2416
5.214 33.2932
5.215 33.3449
5.216 33.3967
5.217 33.4486
5.218 33.5006
5.219 33.5527
5.22 33.6049
5.221 33.6571
5.222 33.7095
5.223 33.7619
5.224 33.8144
5.225 33.867
5.226 33.9197
5.227 33.9725
5.228 34.0254
5.229 34.0784
5.23 34.1314
5.231 34.1846
5.232 34.2378
5.233 34.2911
5.234 34.3445
5.235 34.398
5.236 34.4516
5.237 34.5053
5.238 34.5591
5.239 34.613
5.24 34.6669
5.241 34.721
5.242 34.7751
5.243 34.8294
5.244 34.8837
5.245 34.9381
5.246 34.9926
5.247 35.0472
5.248 35.1019
5.249 35.1567
5.25 35.2116
5.251 35.2666
5.252 35.3217
5.253 35.3768
5.254 35.4321
5.255 35.4874
5.256 35.5429
5.257 35.5984
5.258 35.654
5.259 35.7098
5.26 35.7656
5.261 35.8215
5.262 35.8775
5.263 35.9336
5.264 35.9898
5.265 36.0461
5.266 36.1025
5.267 36.159
5.268 36.2156
5.269 36.2723
5.27 36.329
5.271 36.3859
5.272 36.4429
5.273 36.4999
5.274 36.5571
5.275 36.6144
5.276 36.6717
5.277 36.7292
5.278 36.7867
5.279 36.8444
5.28 36.9021
5.281 36.96
5.282 37.0179
5.283 37.076
5.284 37.1341
5.285 37.1924
5.286 37.2507
5.287 37.3091
5.288 37.3677
5.289 37.4263
5.29 37.4851
5.291 37.5439
5.292 37.6028
5.293 37.6619
5.294 37.721
5.295 37.7803
5.296 37.8396
5.297 37.899
5.298 37.9586
5.299 38.0182
5.3 38.078
5.301 38.1378
5.302 38.1978
5.303 38.2578
5.304 38.318
5.305 38.3782
5.306 38.4386
5.307 38.4991
5.308 38.5596
5.309 38.6203
5.31 38.6811
5.311 38.742
5.312 38.8029
5.313 38.864
5.314 38.9252
5.315 38.9865
5.316 39.0479
5.317 39.1094
5.318 39.171
5.319 39.2327
5.32 39.2945
5.321 39.3565
5.322 39.4185
5.323 39.4806
5.324 39.5429
5.325 39.6052
5.326 39.6677
5.327 39.7302
5.328 39.7929
5.329 39.8557
5.33 39.9186
5.331 39.9816
5.332 40.0447
5.333 40.1079
5.334 40.1712
5.335 40.2346
5.336 40.2981
5.337 40.3618
5.338 40.4255
5.339 40.4894
5.34 40.5533
5.341 40.6174
5.342 40.6816
5.343 40.7459
5.344 40.8103
5.345 40.8748
5.346 40.9394
5.347 41.0042
5.348 41.069
5.349 41.134
5.35 41.1991
5.351 41.2642
5.352 41.3295
5.353 41.3949
5.354 41.4604
5.355 41.5261
5.356 41.5918
5.357 41.6577
5.358 41.7236
5.359 41.7897
5.36 41.8559
5.361 41.9222
5.362 41.9886
5.363 42.0552
5.364 42.1218
5.365 42.1886
5.366 42.2554
5.367 42.3224
5.368 42.3895
5.369 42.4568
5.37 42.5241
5.371 42.5916
5.372 42.6591
5.373 42.7268
5.374 42.7946
5.375 42.8625
5.376 42.9306
5.377 42.9987
5.378 43.067
5.379 43.1353
5.38 43.2038
5.381 43.2725
5.382 43.3412
5.383 43.4101
5.384 43.479
5.385 43.5481
5.386 43.6173
5.387 43.6867
5.388 43.7561
5.389 43.8257
5.39 43.8954
5.391 43.9652
5.392 44.0351
5.393 44.1051
5.394 44.1753
5.395 44.2456
5.396 44.316
5.397 44.3865
5.398 44.4572
5.399 44.528
5.4 44.5988
5.401 44.6699
5.402 44.741
5.403 44.8123
5.404 44.8836
5.405 44.9552
5.406 45.0268
5.407 45.0985
5.408 45.1704
5.409 45.2424
5.41 45.3145
5.411 45.3868
5.412 45.4592
5.413 45.5316
5.414 45.6043
5.415 45.677
5.416 45.7499
5.417 45.8229
5.418 45.896
5.419 45.9693
5.42 46.0426
5.421 46.1161
5.422 46.1898
5.423 46.2635
5.424 46.3374
5.425 46.4114
5.426 46.4856
5.427 46.5598
5.428 46.6342
5.429 46.7087
5.43 46.7834
5.431 46.8582
5.432 46.9331
5.433 47.0081
5.434 47.0833
5.435 47.1586
5.436 47.234
5.437 47.3096
5.438 47.3852
5.439 47.4611
5.44 47.537
5.441 47.6131
5.442 47.6893
5.443 47.7656
5.444 47.8421
5.445 47.9187
5.446 47.9955
5.447 48.0723
5.448 48.1493
5.449 48.2265
5.45 48.3038
5.451 48.3812
5.452 48.4587
5.453 48.5364
5.454 48.6142
5.455 48.6921
5.456 48.7702
5.457 48.8484
5.458 48.9268
5.459 49.0052
5.46 49.0839
5.461 49.1626
5.462 49.2415
5.463 49.3205
5.464 49.3997
5.465 49.479
5.466 49.5584
5.467 49.638
5.468 49.7177
5.469 49.7976
5.47 49.8776
5.471 49.9577
5.472 50.0379
5.473 50.1184
5.474 50.1989
5.475 50.2796
5.476 50.3604
5.477 50.4414
5.478 50.5225
5.479 50.6037
5.48 50.6851
5.481 50.7666
5.482 50.8483
5.483 50.9301
5.484 51.0121
5.485 51.0942
5.486 51.1764
5.487 51.2588
5.488 51.3413
5.489 51.4239
5.49 51.5068
5.491 51.5897
5.492 51.6728
5.493 51.756
5.494 51.8394
5.495 51.923
5.496 52.0066
5.497 52.0904
5.498 52.1744
5.499 52.2585
5.5 52.3428
5.501 52.4272
5.502 52.5117
5.503 52.5964
5.504 52.6813
5.505 52.7663
5.506 52.8514
5.507 52.9367
5.508 53.0221
5.509 53.1077
5.51 53.1934
5.511 53.2793
5.512 53.3653
5.513 53.4515
5.514 53.5378
5.515 53.6243
5.516 53.711
5.517 53.7977
5.518 53.8847
5.519 53.9717
5.52 54.059
5.521 54.1464
5.522 54.2339
5.523 54.3216
5.524 54.4094
5.525 54.4974
5.526 54.5856
5.527 54.6739
5.528 54.7623
5.529 54.8509
5.53 54.9397
5.531 55.0286
5.532 55.1177
5.533 55.2069
5.534 55.2963
5.535 55.3858
5.536 55.4755
5.537 55.5654
5.538 55.6554
5.539 55.7456
5.54 55.8359
5.541 55.9264
5.542 56.017
5.543 56.1078
5.544 56.1987
5.545 56.2899
5.546 56.3811
5.547 56.4726
5.548 56.5641
5.549 56.6559
5.55 56.7478
5.551 56.8399
5.552 56.9321
5.553 57.0245
5.554 57.117
5.555 57.2098
5.556 57.3026
5.557 57.3957
5.558 57.4889
5.559 57.5822
5.56 57.6758
5.561 57.7694
5.562 57.8633
5.563 57.9573
5.564 58.0515
5.565 58.1458
5.566 58.2403
5.567 58.335
5.568 58.4299
5.569 58.5249
5.57 58.62
5.571 58.7154
5.572 58.8109
5.573 58.9066
5.574 59.0024
5.575 59.0984
5.576 59.1946
5.577 59.2909
5.578 59.3874
5.579 59.4841
5.58 59.581
5.581 59.678
5.582 59.7752
5.583 59.8725
5.584 59.97
5.585 60.0677
5.586 60.1656
5.587 60.2637
5.588 60.3619
5.589 60.4603
5.59 60.5588
5.591 60.6575
5.592 60.7564
5.593 60.8555
5.594 60.9548
5.595 61.0542
5.596 61.1538
5.597 61.2536
5.598 61.3535
5.599 61.4536
5.6 61.5539
5.601 61.6544
5.602 61.755
5.603 61.8559
5.604 61.9569
5.605 62.058
5.606 62.1594
5.607 62.2609
5.608 62.3626
5.609 62.4645
5.61 62.5666
5.611 62.6688
5.612 62.7713
5.613 62.8739
5.614 62.9767
5.615 63.0796
5.616 63.1828
5.617 63.2861
5.618 63.3896
5.619 63.4933
5.62 63.5972
5.621 63.7012
5.622 63.8055
5.623 63.9099
5.624 64.0145
5.625 64.1193
5.626 64.2243
5.627 64.3294
5.628 64.4348
5.629 64.5403
5.63 64.646
5.631 64.7519
5.632 64.858
5.633 64.9642
5.634 65.0707
5.635 65.1774
5.636 65.2842
5.637 65.3912
5.638 65.4984
5.639 65.6058
5.64 65.7134
5.641 65.8212
5.642 65.9291
5.643 66.0373
5.644 66.1456
5.645 66.2542
5.646 66.3629
5.647 66.4718
5.648 66.5809
5.649 66.6902
5.65 66.7997
5.651 66.9094
5.652 67.0193
5.653 67.1293
5.654 67.2396
5.655 67.3501
5.656 67.4607
5.657 67.5716
5.658 67.6826
5.659 67.7938
5.66 67.9053
5.661 68.0169
5.662 68.1287
5.663 68.2408
5.664 68.353
5.665 68.4654
5.666 68.578
5.667 68.6909
5.668 68.8039
5.669 68.9171
5.67 69.0305
5.671 69.1441
5.672 69.2579
5.673 69.3719
5.674 69.4862
5.675 69.6006
5.676 69.7152
5.677 69.83
5.678 69.9451
5.679 70.0603
5.68 70.1757
5.681 70.2913
5.682 70.4072
5.683 70.5232
5.684 70.6395
5.685 70.7559
5.686 70.8726
5.687 70.9895
5.688 71.1065
5.689 71.2238
5.69 71.3413
5.691 71.459
5.692 71.5769
5.693 71.695
5.694 71.8133
5.695 71.9318
5.696 72.0506
5.697 72.1695
5.698 72.2887
5.699 72.4081
5.7 72.5276
5.701 72.6474
5.702 72.7674
5.703 72.8876
5.704 73.0081
5.705 73.1287
5.706 73.2496
5.707 73.3706
5.708 73.4919
5.709 73.6134
5.71 73.7351
5.711 73.857
5.712 73.9792
5.713 74.1015
5.714 74.2241
5.715 74.3469
5.716 74.4699
5.717 74.5931
5.718 74.7166
5.719 74.8402
5.72 74.9641
5.721 75.0882
5.722 75.2126
5.723 75.3371
5.724 75.4619
5.725 75.5868
5.726 75.712
5.727 75.8375
5.728 75.9631
5.729 76.089
5.73 76.2151
5.731 76.3414
5.732 76.4679
5.733 76.5947
5.734 76.7217
5.735 76.8489
5.736 76.9764
5.737 77.104
5.738 77.2319
5.739 77.3601
5.74 77.4884
5.741 77.617
5.742 77.7458
5.743 77.8748
5.744 78.0041
5.745 78.1336
5.746 78.2633
5.747 78.3932
5.748 78.5234
5.749 78.6538
5.75 78.7845
5.751 78.9154
5.752 79.0465
5.753 79.1778
5.754 79.3094
5.755 79.4412
5.756 79.5732
5.757 79.7055
5.758 79.838
5.759 79.9708
5.76 80.1038
5.761 80.237
5.762 80.3704
5.763 80.5041
5.764 80.6381
5.765 80.7722
5.766 80.9066
5.767 81.0413
5.768 81.1762
5.769 81.3113
5.77 81.4467
5.771 81.5823
5.772 81.7181
5.773 81.8542
5.774 81.9906
5.775 82.1271
5.776 82.264
5.777 82.401
5.778 82.5383
5.779 82.6759
5.78 82.8137
5.781 82.9517
5.782 83.09
5.783 83.2285
5.784 83.3673
5.785 83.5063
5.786 83.6456
5.787 83.7851
5.788 83.9249
5.789 84.0649
5.79 84.2052
5.791 84.3457
5.792 84.4865
5.793 84.6275
5.794 84.7688
5.795 84.9103
5.796 85.0521
5.797 85.1941
5.798 85.3364
5.799 85.4789
5.8 85.6217
5.801 85.7648
5.802 85.9081
5.803 86.0516
5.804 86.1955
5.805 86.3395
5.806 86.4838
5.807 86.6284
5.808 86.7733
5.809 86.9184
5.81 87.0637
5.811 87.2094
5.812 87.3552
5.813 87.5014
5.814 87.6478
5.815 87.7944
5.816 87.9414
5.817 88.0885
5.818 88.236
5.819 88.3837
5.82 88.5317
5.821 88.6799
5.822 88.8284
5.823 88.9772
5.824 89.1262
5.825 89.2755
5.826 89.4251
5.827 89.5749
5.828 89.725
5.829 89.8754
5.83 90.0261
5.831 90.177
5.832 90.3281
5.833 90.4796
5.834 90.6313
5.835 90.7833
5.836 90.9356
5.837 91.0881
5.838 91.2409
5.839 91.394
5.84 91.5474
5.841 91.701
5.842 91.8549
5.843 92.0091
5.844 92.1636
5.845 92.3183
5.846 92.4733
5.847 92.6286
5.848 92.7842
5.849 92.94
5.85 93.0961
5.851 93.2525
5.852 93.4092
5.853 93.5662
5.854 93.7234
5.855 93.881
5.856 94.0388
5.857 94.1969
5.858 94.3553
5.859 94.5139
5.86 94.6729
5.861 94.8321
5.862 94.9916
5.863 95.1514
5.864 95.3115
5.865 95.4719
5.866 95.6325
5.867 95.7935
5.868 95.9547
5.869 96.1163
5.87 96.2781
5.871 96.4402
5.872 96.6026
5.873 96.7653
5.874 96.9283
5.875 97.0916
5.876 97.2551
5.877 97.419
5.878 97.5831
5.879 97.7476
5.88 97.9124
5.881 98.0774
5.882 98.2427
5.883 98.4084
5.884 98.5743
5.885 98.7405
5.886 98.9071
5.887 99.0739
5.888 99.241
5.889 99.4085
5.89 99.5762
5.891 99.7442
5.892 99.9126
5.893 100.081
5.894 100.25
5.895 100.419
5.896 100.589
5.897 100.759
5.898 100.929
5.899 101.099
5.9 101.27
5.901 101.441
5.902 101.613
5.903 101.784
5.904 101.956
5.905 102.129
5.906 102.301
5.907 102.474
5.908 102.647
5.909 102.821
5.91 102.995
5.911 103.169
5.912 103.344
5.913 103.518
5.914 103.694
5.915 103.869
5.916 104.045
5.917 104.221
5.918 104.397
5.919 104.574
5.92 104.751
5.921 104.928
5.922 105.106
5.923 105.284
5.924 105.462
5.925 105.641
5.926 105.82
5.927 105.999
5.928 106.179
5.929 106.359
5.93 106.539
5.931 106.719
5.932 106.9
5.933 107.082
5.934 107.263
5.935 107.445
5.936 107.627
5.937 107.81
5.938 107.993
5.939 108.176
5.94 108.359
5.941 108.543
5.942 108.727
5.943 108.912
5.944 109.097
5.945 109.282
5.946 109.467
5.947 109.653
5.948 109.839
5.949 110.026
5.95 110.213
5.951 110.4
5.952 110.588
5.953 110.775
5.954 110.964
5.955 111.152
5.956 111.341
5.957 111.53
5.958 111.72
5.959 111.91
5.96 112.1
5.961 112.291
5.962 112.482
5.963 112.673
5.964 112.865
5.965 113.057
5.966 113.249
5.967 113.442
5.968 113.635
5.969 113.828
5.97 114.022
5.971 114.216
5.972 114.41
5.973 114.605
5.974 114.8
5.975 114.996
5.976 115.192
5.977 115.388
5.978 115.584
5.979 115.781
5.98 115.979
5.981 116.176
5.982 116.374
5.983 116.573
5.984 116.771
5.985 116.97
5.986 117.17
5.987 117.37
5.988 117.57
5.989 117.77
5.99 117.971
5.991 118.172
5.992 118.374
5.993 118.576
5.994 118.778
5.995 118.981
5.996 119.184
5.997 119.387
5.998 119.591
5.999 119.795
