0 nan
0.001 6.90718
0.002 6.21346
0.003 5.80742
0.004 5.51917
0.005 5.29545
0.006 5.11256
0.007 4.95784
0.008 4.82375
0.009 4.7054
0.01 4.59948
0.011 4.50361
0.012 4.41604
0.013 4.33544
0.014 4.26078
0.015 4.19123
0.016 4.12614
0.017 4.06497
0.018 4.00726
0.019 3.95264
0.02 3.9008
0.021 3.85147
0.022 3.80441
0.023 3.75942
0.024 3.71632
0.025 3.67496
0.026 3.6352
0.027 3.59693
0.028 3.56002
0.029 3.5244
0.03 3.48997
0.031 3.45665
0.032 3.42438
0.033 3.39308
0.034 3.3627
0.035 3.3332
0.036 3.3045
0.037 3.27659
0.038 3.2494
0.039 3.22291
0.04 3.19708
0.041 3.17187
0.042 3.14726
0.043 3.12322
0.044 3.09973
0.045 3.07675
0.046 3.05426
0.047 3.03226
0.048 3.0107
0.049 2.98958
0.05 2.96888
0.051 2.94858
0.052 2.92867
0.053 2.90912
0.054 2.88994
0.055 2.8711
0.056 2.85259
0.057 2.8344
0.058 2.81653
0.059 2.79895
0.06 2.78166
0.061 2.76464
0.062 2.7479
0.063 2.73142
0.064 2.7152
0.065 2.69922
0.066 2.68348
0.067 2.66797
0.068 2.65268
0.069 2.63761
0.07 2.62275
0.071 2.6081
0.072 2.59365
0.073 2.57939
0.074 2.56533
0.075 2.55144
0.076 2.53774
0.077 2.52421
0.078 2.51085
0.079 2.49765
0.08 2.48462
0.081 2.47175
0.082 2.45903
0.083 2.44645
0.084 2.43403
0.085 2.42175
0.086 2.40961
0.087 2.39761
0.088 2.38573
0.089 2.37399
0.09 2.36238
0.091 2.3509
0.092 2.33953
0.093 2.32828
0.094 2.31716
0.095 2.30614
0.096 2.29524
0.097 2.28445
0.098 2.27377
0.099 2.26319
0.1 2.25271
0.101 2.24234
0.102 2.23207
0.103 2.22189
0.104 2.21181
0.105 2.20182
0.106 2.19193
0.107 2.18212
0.108 2.17241
0.109 2.16278
0.11 2.15324
0.111 2.14378
0.112 2.1344
0.113 2.12511
0.114 2.11589
0.115 2.10675
0.116 2.09769
0.117 2.08871
0.118 2.0798
0.119 2.07096
0.12 2.0622
0.121 2.05351
0.122 2.04488
0.123 2.03633
0.124 2.02784
0.125 2.01942
0.126 2.01106
0.127 2.00277
0.128 1.99454
0.129 1.98638
0.13 1.97827
0.131 1.97023
0.132 1.96224
0.133 1.95432
0.134 1.94645
0.135 1.93864
0.136 1.93089
0.137 1.92319
0.138 1.91554
0.139 1.90795
0.14 1.90042
0.141 1.89293
0.142 1.8855
0.143 1.87812
0.144 1.87079
0.145 1.8635
0.146 1.85627
0.147 1.84909
0.148 1.84195
0.149 1.83486
0.15 1.82781
0.151 1.82082
0.152 1.81386
0.153 1.80695
0.154 1.80009
0.155 1.79327
0.156 1.78649
0.157 1.77976
0.158 1.77306
0.159 1.76641
0.16 1.7598
0.161 1.75323
0.162 1.7467
0.163 1.74021
0.164 1.73375
0.165 1.72734
0.166 1.72096
0.167 1.71462
0.168 1.70832
0.169 1.70206
0.17 1.69583
0.171 1.68964
0.172 1.68348
0.173 1.67736
0.174 1.67127
0.175 1.66522
0.176 1.6592
0.177 1.65322
0.178 1.64727
0.179 1.64135
0.18 1.63546
0.181 1.62961
0.182 1.62378
0.183 1.61799
0.184 1.61223
0.185 1.6065
0.186 1.60081
0.187 1.59514
0.188 1.5895
0.189 1.58389
0.19 1.57831
0.191 1.57276
0.192 1.56724
0.193 1.56175
0.194 1.55628
0.195 1.55084
0.196 1.54543
0.197 1.54005
0.198 1.53469
0.199 1.52937
0.2 1.52406
0.201 1.51879
0.202 1.51354
0.203 1.50831
0.204 1.50312
0.205 1.49794
0.206 1.49279
0.207 1.48767
0.208 1.48257
0.209 1.4775
0.21 1.47245
0.211 1.46742
0.212 1.46242
0.213 1.45744
0.214 1.45248
0.215 1.44755
0.216 1.44264
0.217 1.43775
0.218 1.43289
0.219 1.42804
0.22 1.42322
0.221 1.41843
0.222 1.41365
0.223 1.40889
0.224 1.40416
0.225 1.39945
0.226 1.39476
0.227 1.39008
0.228 1.38543
0.229 1.3808
0.23 1.37619
0.231 1.3716
0.232 1.36704
0.233 1.36249
0.234 1.35796
0.235 1.35345
0.236 1.34895
0.237 1.34448
0.238 1.34003
0.239 1.33559
0.24 1.33118
0.241 1.32678
0.242 1.3224
0.243 1.31804
0.244 1.3137
0.245 1.30938
0.246 1.30507
0.247 1.30078
0.248 1.29651
0.249 1.29226
0.25 1.28802
0.251 1.2838
0.252 1.2796
0.253 1.27542
0.254 1.27125
0.255 1.2671
0.256 1.26296
0.257 1.25884
0.258 1.25474
0.259 1.25066
0.26 1.24659
0.261 1.24253
0.262 1.2385
0.263 1.23447
0.264 1.23047
0.265 1.22648
0.266 1.2225
0.267 1.21854
0.268 1.21459
0.269 1.21067
0.27 1.20675
0.271 1.20285
0.272 1.19896
0.273 1.19509
0.274 1.19124
0.275 1.1874
0.276 1.18357
0.277 1.17976
0.278 1.17596
0.279 1.17217
0.28 1.1684
0.281 1.16465
0.282 1.1609
0.283 1.15717
0.284 1.15346
0.285 1.14976
0.286 1.14607
0.287 1.14239
0.288 1.13873
0.289 1.13508
0.29 1.13145
0.291 1.12783
0.292 1.12422
0.293 1.12062
0.294 1.11704
0.295 1.11347
0.296 1.10991
0.297 1.10636
0.298 1.10283
0.299 1.09931
0.3 1.0958
0.301 1.0923
0.302 1.08882
0.303 1.08535
0.304 1.08189
0.305 1.07844
0.306 1.075
0.307 1.07158
0.308 1.06816
0.309 1.06476
0.31 1.06137
0.311 1.05799
0.312 1.05463
0.313 1.05127
0.314 1.04793
0.315 1.0446
0.316 1.04128
0.317 1.03797
0.318 1.03467
0.319 1.03138
0.32 1.0281
0.321 1.02483
0.322 1.02158
0.323 1.01833
0.324 1.0151
0.325 1.01188
0.326 1.00866
0.327 1.00546
0.328 1.00227
0.329 0.999088
0.33 0.995917
0.331 0.992756
0.332 0.989606
0.333 0.986465
0.334 0.983335
0.335 0.980215
0.336 0.977104
0.337 0.974004
0.338 0.970913
0.339 0.967833
0.34 0.964762
0.341 0.961701
0.342 0.95865
0.343 0.955608
0.344 0.952576
0.345 0.949553
0.346 0.94654
0.347 0.943536
0.348 0.940542
0.349 0.937557
0.35 0.934581
0.351 0.931615
0.352 0.928657
0.353 0.925709
0.354 0.92277
0.355 0.91984
0.356 0.916919
0.357 0.914007
0.358 0.911104
0.359 0.90821
0.36 0.905325
0.361 0.902448
0.362 0.89958
0.363 0.896721
0.364 0.893871
0.365 0.891029
0.366 0.888195
0.367 0.885371
0.368 0.882554
0.369 0.879746
0.37 0.876947
0.371 0.874156
0.372 0.871373
0.373 0.868598
0.374 0.865832
0.375 0.863074
0.376 0.860324
0.377 0.857582
0.378 0.854849
0.379 0.852123
0.38 0.849405
0.381 0.846696
0.382 0.843994
0.383 0.8413
0.384 0.838614
0.385 0.835936
0.386 0.833265
0.387 0.830603
0.388 0.827948
0.389 0.8253
0.39 0.822661
0.391 0.820029
0.392 0.817404
0.393 0.814788
0.394 0.812178
0.395 0.809576
0.396 0.806982
0.397 0.804395
0.398 0.801815
0.399 0.799243
0.4 0.796678
0.401 0.79412
0.402 0.79157
0.403 0.789026
0.404 0.78649
0.405 0.783961
0.406 0.781439
0.407 0.778925
0.408 0.776417
0.409 0.773916
0.41 0.771422
0.411 0.768936
0.412 0.766456
0.413 0.763983
0.414 0.761517
0.415 0.759058
0.416 0.756606
0.417 0.75416
0.418 0.751721
0.419 0.749289
0.42 0.746864
0.421 0.744445
0.422 0.742033
0.423 0.739628
0.424 0.737229
0.425 0.734836
0.426 0.732451
0.427 0.730071
0.428 0.727699
0.429 0.725332
0.43 0.722973
0.431 0.720619
0.432 0.718272
0.433 0.715931
0.434 0.713597
0.435 0.711269
0.436 0.708947
0.437 0.706632
0.438 0.704322
0.439 0.702019
0.44 0.699722
0.441 0.697431
0.442 0.695147
0.443 0.692868
0.444 0.690596
0.445 0.688329
0.446 0.686069
0.447 0.683814
0.448 0.681566
0.449 0.679324
0.45 0.677087
0.451 0.674857
0.452 0.672632
0.453 0.670413
0.454 0.6682
0.455 0.665993
0.456 0.663792
0.457 0.661596
0.458 0.659406
0.459 0.657222
0.46 0.655044
0.461 0.652871
0.462 0.650704
0.463 0.648543
0.464 0.646387
0.465 0.644237
0.466 0.642093
0.467 0.639954
0.468 0.63782
0.469 0.635692
0.47 0.63357
0.471 0.631453
0.472 0.629342
0.473 0.627236
0.474 0.625135
0.475 0.62304
0.476 0.620951
0.477 0.618866
0.478 0.616787
0.479 0.614714
0.48 0.612645
0.481 0.610582
0.482 0.608524
0.483 0.606472
0.484 0.604425
0.485 0.602382
0.486 0.600346
0.487 0.598314
0.488 0.596287
0.489 0.594266
0.49 0.59225
0.491 0.590238
0.492 0.588232
0.493 0.586231
0.494 0.584235
0.495 0.582245
0.496 0.580259
0.497 0.578278
0.498 0.576302
0.499 0.574331
0.5 0.572365
0.501 0.570404
0.502 0.568448
0.503 0.566497
0.504 0.56455
0.505 0.562609
0.506 0.560672
0.507 0.55874
0.508 0.556813
0.509 0.554891
0.51 0.552974
0.511 0.551061
0.512 0.549153
0.513 0.54725
0.514 0.545352
0.515 0.543458
0.516 0.541569
0.517 0.539685
0.518 0.537805
0.519 0.53593
0.52 0.53406
0.521 0.532194
0.522 0.530333
0.523 0.528476
0.524 0.526624
0.525 0.524777
0.526 0.522934
0.527 0.521096
0.528 0.519262
0.529 0.517433
0.53 0.515608
0.531 0.513787
0.532 0.511971
0.533 0.51016
0.534 0.508353
0.535 0.50655
0.536 0.504752
0.537 0.502958
0.538 0.501169
0.539 0.499383
0.54 0.497603
0.541 0.495826
0.542 0.494054
0.543 0.492286
0.544 0.490523
0.545 0.488763
0.546 0.487008
0.547 0.485258
0.548 0.483511
0.549 0.481769
0.55 0.480031
0.551 0.478297
0.552 0.476567
0.553 0.474842
0.554 0.47312
0.555 0.471403
0.556 0.46969
0.557 0.467981
0.558 0.466277
0.559 0.464576
0.56 0.462879
0.561 0.461187
0.562 0.459498
0.563 0.457814
0.564 0.456133
0.565 0.454457
0.566 0.452785
0.567 0.451116
0.568 0.449452
0.569 0.447792
0.57 0.446135
0.571 0.444483
0.572 0.442834
0.573 0.44119
0.574 0.439549
0.575 0.437912
0.576 0.43628
0.577 0.434651
0.578 0.433026
0.579 0.431404
0.58 0.429787
0.581 0.428174
0.582 0.426564
0.583 0.424958
0.584 0.423356
0.585 0.421758
0.586 0.420164
0.587 0.418573
0.588 0.416986
0.589 0.415403
0.59 0.413824
0.591 0.412248
0.592 0.410676
0.593 0.409108
0.594 0.407543
0.595 0.405983
0.596 0.404426
0.597 0.402872
0.598 0.401322
0.599 0.399776
0.6 0.398234
0.601 0.396695
0.602 0.39516
0.603 0.393628
0.604 0.3921
0.605 0.390576
0.606 0.389055
0.607 0.387538
0.608 0.386024
0.609 0.384514
0.61 0.383008
0.611 0.381505
0.612 0.380005
0.613 0.378509
0.614 0.377017
0.615 0.375528
0.616 0.374043
0.617 0.372561
0.618 0.371082
0.619 0.369607
0.62 0.368136
0.621 0.366668
0.622 0.365203
0.623 0.363742
0.624 0.362284
0.625 0.360829
0.626 0.359378
0.627 0.357931
0.628 0.356487
0.629 0.355046
0.63 0.353608
0.631 0.352174
0.632 0.350743
0.633 0.349316
0.634 0.347892
0.635 0.346471
0.636 0.345054
0.637 0.343639
0.638 0.342228
0.639 0.340821
0.64 0.339417
0.641 0.338016
0.642 0.336618
0.643 0.335223
0.644 0.333832
0.645 0.332444
0.646 0.331059
0.647 0.329678
0.648 0.328299
0.649 0.326924
0.65 0.325552
0.651 0.324183
0.652 0.322818
0.653 0.321455
0.654 0.320096
0.655 0.31874
0.656 0.317387
0.657 0.316037
0.658 0.314691
0.659 0.313347
0.66 0.312007
0.661 0.31067
0.662 0.309336
0.663 0.308004
0.664 0.306676
0.665 0.305352
0.666 0.30403
0.667 0.302711
0.668 0.301395
0.669 0.300083
0.67 0.298773
0.671 0.297467
0.672 0.296163
0.673 0.294863
0.674 0.293565
0.675 0.292271
0.676 0.290979
0.677 0.289691
0.678 0.288405
0.679 0.287123
0.68 0.285843
0.681 0.284567
0.682 0.283293
0.683 0.282023
0.684 0.280755
0.685 0.27949
0.686 0.278228
0.687 0.276969
0.688 0.275713
0.689 0.27446
0.69 0.27321
0.691 0.271963
0.692 0.270719
0.693 0.269477
0.694 0.268239
0.695 0.267003
0.696 0.26577
0.697 0.26454
0.698 0.263313
0.699 0.262089
0.7 0.260867
0.701 0.259649
0.702 0.258433
0.703 0.25722
0.704 0.25601
0.705 0.254802
0.706 0.253598
0.707 0.252396
0.708 0.251197
0.709 0.250001
0.71 0.248808
0.711 0.247617
0.712 0.246429
0.713 0.245244
0.714 0.244062
0.715 0.242882
0.716 0.241705
0.717 0.240531
0.718 0.23936
0.719 0.238191
0.72 0.237025
0.721 0.235862
0.722 0.234701
0.723 0.233544
0.724 0.232388
0.725 0.231236
0.726 0.230086
0.727 0.228939
0.728 0.227795
0.729 0.226653
0.73 0.225514
0.731 0.224377
0.732 0.223243
0.733 0.222112
0.734 0.220984
0.735 0.219858
0.736 0.218735
0.737 0.217614
0.738 0.216496
0.739 0.21538
0.74 0.214268
0.741 0.213157
0.742 0.21205
0.743 0.210945
0.744 0.209842
0.745 0.208742
0.746 0.207645
0.747 0.20655
0.748 0.205458
0.749 0.204368
0.75 0.203281
0.751 0.202196
0.752 0.201114
0.753 0.200035
0.754 0.198958
0.755 0.197883
0.756 0.196811
0.757 0.195742
0.758 0.194675
0.759 0.193611
0.76 0.192549
0.761 0.191489
0.762 0.190432
0.763 0.189378
0.764 0.188326
0.765 0.187276
0.766 0.186229
0.767 0.185184
0.768 0.184142
0.769 0.183102
0.77 0.182065
0.771 0.18103
0.772 0.179998
0.773 0.178968
0.774 0.17794
0.775 0.176915
0.776 0.175893
0.777 0.174872
0.778 0.173854
0.779 0.172839
0.78 0.171826
0.781 0.170815
0.782 0.169807
0.783 0.168801
0.784 0.167797
0.785 0.166796
0.786 0.165797
0.787 0.164801
0.788 0.163807
0.789 0.162815
0.79 0.161825
0.791 0.160838
0.792 0.159854
0.793 0.158871
0.794 0.157891
0.795 0.156914
0.796 0.155938
0.797 0.154965
0.798 0.153994
0.799 0.153026
0.8 0.15206
0.801 0.151096
0.802 0.150134
0.803 0.149175
0.804 0.148218
0.805 0.147263
0.806 0.146311
0.807 0.145361
0.808 0.144413
0.809 0.143467
0.81 0.142524
0.811 0.141583
0.812 0.140644
0.813 0.139707
0.814 0.138773
0.815 0.137841
0.816 0.136911
0.817 0.135983
0.818 0.135058
0.819 0.134135
0.82 0.133214
0.821 0.132295
0.822 0.131378
0.823 0.130464
0.824 0.129552
0.825 0.128642
0.826 0.127734
0.827 0.126828
0.828 0.125925
0.829 0.125024
0.83 0.124125
0.831 0.123228
0.832 0.122333
0.833 0.121441
0.834 0.12055
0.835 0.119662
0.836 0.118776
0.837 0.117892
0.838 0.11701
0.839 0.116131
0.84 0.115253
0.841 0.114378
0.842 0.113505
0.843 0.112634
0.844 0.111765
0.845 0.110898
0.846 0.110033
0.847 0.10917
0.848 0.10831
0.849 0.107451
0.85 0.106595
0.851 0.105741
0.852 0.104889
0.853 0.104039
0.854 0.103191
0.855 0.102345
0.856 0.101501
0.857 0.100659
0.858 0.0998197
0.859 0.0989821
0.86 0.0981466
0.861 0.0973131
0.862 0.0964817
0.863 0.0956523
0.864 0.094825
0.865 0.0939997
0.866 0.0931765
0.867 0.0923553
0.868 0.0915362
0.869 0.090719
0.87 0.0899039
0.871 0.0890909
0.872 0.0882798
0.873 0.0874708
0.874 0.0866637
0.875 0.0858587
0.876 0.0850557
0.877 0.0842547
0.878 0.0834557
0.879 0.0826586
0.88 0.0818636
0.881 0.0810706
0.882 0.0802795
0.883 0.0794905
0.884 0.0787034
0.885 0.0779182
0.886 0.0771351
0.887 0.0763539
0.888 0.0755747
0.889 0.0747975
0.89 0.0740222
0.891 0.0732488
0.892 0.0724774
0.893 0.071708
0.894 0.0709405
0.895 0.070175
0.896 0.0694114
0.897 0.0686497
0.898 0.0678899
0.899 0.0671321
0.9 0.0663762
0.901 0.0656223
0.902 0.0648702
0.903 0.0641201
0.904 0.0633719
0.905 0.0626256
0.906 0.0618812
0.907 0.0611387
0.908 0.0603981
0.909 0.0596594
0.91 0.0589226
0.911 0.0581876
0.912 0.0574546
0.913 0.0567235
0.914 0.0559942
0.915 0.0552668
0.916 0.0545413
0.917 0.0538177
0.918 0.0530959
0.919 0.052376
0.92 0.051658
0.921 0.0509418
0.922 0.0502275
0.923 0.049515
0.924 0.0488044
0.925 0.0480957
0.926 0.0473888
0.927 0.0466837
0.928 0.0459804
0.929 0.045279
0.93 0.0445795
0.931 0.0438817
0.932 0.0431858
0.933 0.0424918
0.934 0.0417995
0.935 0.0411091
0.936 0.0404204
0.937 0.0397336
0.938 0.0390486
0.939 0.0383654
0.94 0.037684
0.941 0.0370045
0.942 0.0363267
0.943 0.0356507
0.944 0.0349765
0.945 0.0343041
0.946 0.0336334
0.947 0.0329646
0.948 0.0322976
0.949 0.0316323
0.95 0.0309688
0.951 0.0303071
0.952 0.0296471
0.953 0.0289889
0.954 0.0283325
0.955 0.0276779
0.956 0.027025
0.957 0.0263738
0.958 0.0257244
0.959 0.0250768
0.96 0.0244309
0.961 0.0237868
0.962 0.0231444
0.963 0.0225037
0.964 0.0218648
0.965 0.0212277
0.966 0.0205922
0.967 0.0199585
0.968 0.0193265
0.969 0.0186963
0.97 0.0180677
0.971 0.0174409
0.972 0.0168158
0.973 0.0161924
0.974 0.0155708
0.975 0.0149508
0.976 0.0143325
0.977 0.013716
0.978 0.0131011
0.979 0.012488
0.98 0.0118765
0.981 0.0112668
0.982 0.0106587
0.983 0.0100523
0.984 0.00944765
0.985 0.00884465
0.986 0.00824333
0.987 0.00764368
0.988 0.00704571
0.989 0.00644942
0.99 0.0058548
0.991 0.00526185
0.992 0.00467056
0.993 0.00408094
0.994 0.00349298
0.995 0.00290668
0.996 0.00232204
0.997 0.00173905
0.998 0.00115772
0.999 0.000578032
1 -1.09351e-08
1.001 -0.000576405
1.002 -0.00115116
1.003 -0.00172427
1.004 -0.00229574
1.005 -0.00286558
1.006 -0.00343378
1.007 -0.00400036
1.008 -0.0045653
1.009 -0.00512862
1.01 -0.00569032
1.011 -0.00625039
1.012 -0.00680885
1.013 -0.00736569
1.014 -0.00792092
1.015 -0.00847453
1.016 -0.00902653
1.017 -0.00957693
1.018 -0.0101257
1.019 -0.0106729
1.02 -0.0112185
1.021 -0.0117625
1.022 -0.0123049
1.023 -0.0128457
1.024 -0.0133849
1.025 -0.0139225
1.026 -0.0144586
1.027 -0.014993
1.028 -0.0155259
1.029 -0.0160572
1.03 -0.0165869
1.031 -0.017115
1.032 -0.0176416
1.033 -0.0181665
1.034 -0.01869
1.035 -0.0192118
1.036 -0.0197321
1.037 -0.0202508
1.038 -0.020768
1.039 -0.0212836
1.04 -0.0217977
1.041 -0.0223102
1.042 -0.0228211
1.043 -0.0233305
1.044 -0.0238384
1.045 -0.0243447
1.046 -0.0248494
1.047 -0.0253526
1.048 -0.0258543
1.049 -0.0263545
1.05 -0.0268531
1.051 -0.0273502
1.052 -0.0278457
1.053 -0.0283397
1.054 -0.0288322
1.055 -0.0293232
1.056 -0.0298126
1.057 -0.0303006
1.058 -0.030787
1.059 -0.0312719
1.06 -0.0317553
1.061 -0.0322371
1.062 -0.0327175
1.063 -0.0331963
1.064 -0.0336737
1.065 -0.0341495
1.066 -0.0346239
1.067 -0.0350967
1.068 -0.0355681
1.069 -0.0360379
1.07 -0.0365063
1.071 -0.0369732
1.072 -0.0374385
1.073 -0.0379024
1.074 -0.0383648
1.075 -0.0388257
1.076 -0.0392852
1.077 -0.0397432
1.078 -0.0401996
1.079 -0.0406546
1.08 -0.0411082
1.081 -0.0415602
1.082 -0.0420108
1.083 -0.04246
1.084 -0.0429076
1.085 -0.0433538
1.086 -0.0437986
1.087 -0.0442418
1.088 -0.0446837
1.089 -0.045124
1.09 -0.0455629
1.091 -0.0460004
1.092 -0.0464364
1.093 -0.0468709
1.094 -0.0473041
1.095 -0.0477357
1.096 -0.0481659
1.097 -0.0485947
1.098 -0.0490221
1.099 -0.049448
1.1 -0.0498725
1.101 -0.0502955
1.102 -0.0507171
1.103 -0.0511373
1.104 -0.051556
1.105 -0.0519733
1.106 -0.0523892
1.107 -0.0528037
1.108 -0.0532168
1.109 -0.0536284
1.11 -0.0540386
1.111 -0.0544475
1.112 -0.0548548
1.113 -0.0552608
1.114 -0.0556654
1.115 -0.0560686
1.116 -0.0564703
1.117 -0.0568707
1.118 -0.0572696
1.119 -0.0576672
1.12 -0.0580633
1.121 -0.0584581
1.122 -0.0588515
1.123 -0.0592434
1.124 -0.059634
1.125 -0.0600232
1.126 -0.060411
1.127 -0.0607974
1.128 -0.0611824
1.129 -0.0615661
1.13 -0.0619483
1.131 -0.0623292
1.132 -0.0627087
1.133 -0.0630869
1.134 -0.0634636
1.135 -0.063839
1.136 -0.064213
1.137 -0.0645857
1.138 -0.0649569
1.139 -0.0653268
1.14 -0.0656954
1.141 -0.0660626
1.142 -0.0664284
1.143 -0.0667929
1.144 -0.067156
1.145 -0.0675177
1.146 -0.0678781
1.147 -0.0682372
1.148 -0.0685949
1.149 -0.0689512
1.15 -0.0693062
1.151 -0.0696599
1.152 -0.0700122
1.153 -0.0703632
1.154 -0.0707128
1.155 -0.0710611
1.156 -0.071408
1.157 -0.0717536
1.158 -0.0720979
1.159 -0.0724409
1.16 -0.0727825
1.161 -0.0731228
1.162 -0.0734617
1.163 -0.0737994
1.164 -0.0741357
1.165 -0.0744707
1.166 -0.0748043
1.167 -0.0751367
1.168 -0.0754677
1.169 -0.0757974
1.17 -0.0761258
1.171 -0.0764529
1.172 -0.0767787
1.173 -0.0771031
1.174 -0.0774263
1.175 -0.0777481
1.176 -0.0780687
1.177 -0.0783879
1.178 -0.0787059
1.179 -0.0790225
1.18 -0.0793378
1.181 -0.0796519
1.182 -0.0799646
1.183 -0.0802761
1.184 -0.0805862
1.185 -0.0808951
1.186 -0.0812027
1.187 -0.0815089
1.188 -0.0818139
1.189 -0.0821177
1.19 -0.0824201
1.191 -0.0827212
1.192 -0.0830211
1.193 -0.0833197
1.194 -0.083617
1.195 -0.083913
1.196 -0.0842078
1.197 -0.0845013
1.198 -0.0847935
1.199 -0.0850844
1.2 -0.0853741
1.201 -0.0856625
1.202 -0.0859496
1.203 -0.0862355
1.204 -0.0865201
1.205 -0.0868035
1.206 -0.0870856
1.207 -0.0873664
1.208 -0.087646
1.209 -0.0879243
1.21 -0.0882014
1.211 -0.0884772
1.212 -0.0887518
1.213 -0.0890251
1.214 -0.0892971
1.215 -0.0895679
1.216 -0.0898375
1.217 -0.0901058
1.218 -0.0903729
1.219 -0.0906388
1.22 -0.0909034
1.221 -0.0911667
1.222 -0.0914289
1.223 -0.0916898
1.224 -0.0919494
1.225 -0.0922078
1.226 -0.092465
1.227 -0.092721
1.228 -0.0929757
1.229 -0.0932292
1.23 -0.0934815
1.231 -0.0937326
1.232 -0.0939824
1.233 -0.094231
1.234 -0.0944784
1.235 -0.0947246
1.236 -0.0949695
1.237 -0.0952133
1.238 -0.0954558
1.239 -0.0956971
1.24 -0.0959372
1.241 -0.0961761
1.242 -0.0964138
1.243 -0.0966503
1.244 -0.0968855
1.245 -0.0971196
1.246 -0.0973524
1.247 -0.0975841
1.248 -0.0978145
1.249 -0.0980438
1.25 -0.0982718
1.251 -0.0984987
1.252 -0.0987244
1.253 -0.0989488
1.254 -0.0991721
1.255 -0.0993942
1.256 -0.0996151
1.257 -0.0998348
1.258 -0.100053
1.259 -0.100271
1.26 -0.100487
1.261 -0.100702
1.262 -0.100915
1.263 -0.101128
1.264 -0.101339
1.265 -0.10155
1.266 -0.101759
1.267 -0.101967
1.268 -0.102173
1.269 -0.102379
1.27 -0.102583
1.271 -0.102786
1.272 -0.102988
1.273 -0.103189
1.274 -0.103389
1.275 -0.103587
1.276 -0.103785
1.277 -0.103981
1.278 -0.104176
1.279 -0.10437
1.28 -0.104563
1.281 -0.104754
1.282 -0.104944
1.283 -0.105134
1.284 -0.105322
1.285 -0.105509
1.286 -0.105694
1.287 -0.105879
1.288 -0.106063
1.289 -0.106245
1.29 -0.106426
1.291 -0.106606
1.292 -0.106785
1.293 -0.106963
1.294 -0.107139
1.295 -0.107315
1.296 -0.107489
1.297 -0.107662
1.298 -0.107834
1.299 -0.108005
1.3 -0.108175
1.301 -0.108343
1.302 -0.108511
1.303 -0.108677
1.304 -0.108843
1.305 -0.109007
1.306 -0.10917
1.307 -0.109331
1.308 -0.109492
1.309 -0.109652
1.31 -0.10981
1.311 -0.109968
1.312 -0.110124
1.313 -0.110279
1.314 -0.110433
1.315 -0.110586
1.316 -0.110738
1.317 -0.110888
1.318 -0.111038
1.319 -0.111186
1.32 -0.111333
1.321 -0.11148
1.322 -0.111625
1.323 -0.111769
1.324 -0.111911
1.325 -0.112053
1.326 -0.112194
1.327 -0.112333
1.328 -0.112472
1.329 -0.112609
1.33 -0.112745
1.331 -0.112881
1.332 -0.113015
1.333 -0.113148
1.334 -0.113279
1.335 -0.11341
1.336 -0.11354
1.337 -0.113668
1.338 -0.113796
1.339 -0.113922
1.34 -0.114048
1.341 -0.114172
1.342 -0.114295
1.343 -0.114417
1.344 -0.114538
1.345 -0.114658
1.346 -0.114777
1.347 -0.114894
1.348 -0.115011
1.349 -0.115126
1.35 -0.115241
1.351 -0.115354
1.352 -0.115467
1.353 -0.115578
1.354 -0.115688
1.355 -0.115797
1.356 -0.115905
1.357 -0.116012
1.358 -0.116118
1.359 -0.116223
1.36 -0.116327
1.361 -0.116429
1.362 -0.116531
1.363 -0.116631
1.364 -0.116731
1.365 -0.116829
1.366 -0.116927
1.367 -0.117023
1.368 -0.117118
1.369 -0.117212
1.37 -0.117305
1.371 -0.117398
1.372 -0.117489
1.373 -0.117579
1.374 -0.117667
1.375 -0.117755
1.376 -0.117842
1.377 -0.117928
1.378 -0.118013
1.379 -0.118096
1.38 -0.118179
1.381 -0.11826
1.382 -0.118341
1.383 -0.11842
1.384 -0.118499
1.385 -0.118576
1.386 -0.118653
1.387 -0.118728
1.388 -0.118802
1.389 -0.118875
1.39 -0.118948
1.391 -0.119019
1.392 -0.119089
1.393 -0.119158
1.394 -0.119226
1.395 -0.119293
1.396 -0.119359
1.397 -0.119424
1.398 -0.119488
1.399 -0.119551
1.4 -0.119613
1.401 -0.119674
1.402 -0.119734
1.403 -0.119792
1.404 -0.11985
1.405 -0.119907
1.406 -0.119963
1.407 -0.120018
1.408 -0.120071
1.409 -0.120124
1.41 -0.120176
1.411 -0.120226
1.412 -0.120276
1.413 -0.120325
1.414 -0.120372
1.415 -0.120419
1.416 -0.120465
1.417 -0.120509
1.418 -0.120553
1.419 -0.120595
1.42 -0.120637
1.421 -0.120677
1.422 -0.120717
1.423 -0.120756
1.424 -0.120793
1.425 -0.12083
1.426 -0.120865
1.427 -0.1209
1.428 -0.120933
1.429 -0.120966
1.43 -0.120997
1.431 -0.121028
1.432 -0.121058
1.433 -0.121086
1.434 -0.121114
1.435 -0.12114
1.436 -0.121166
1.437 -0.121191
1.438 -0.121214
1.439 -0.121237
1.44 -0.121258
1.441 -0.121279
1.442 -0.121299
1.443 -0.121317
1.444 -0.121335
1.445 -0.121352
1.446 -0.121367
1.447 -0.121382
1.448 -0.121396
1.449 -0.121409
1.45 -0.121421
1.451 -0.121431
1.452 -0.121441
1.453 -0.12145
1.454 -0.121458
1.455 -0.121465
1.456 -0.121471
1.457 -0.121476
1.458 -0.12148
1.459 -0.121483
1.46 -0.121485
1.461 -0.121486
1.462 -0.121486
1.463 -0.121485
1.464 -0.121484
1.465 -0.121481
1.466 -0.121477
1.467 -0.121472
1.468 -0.121467
1.469 -0.12146
1.47 -0.121453
1.471 -0.121444
1.472 -0.121434
1.473 -0.121424
1.474 -0.121413
1.475 -0.1214
1.476 -0.121387
1.477 -0.121373
1.478 -0.121357
1.479 -0.121341
1.48 -0.121324
1.481 -0.121306
1.482 -0.121287
1.483 -0.121267
1.484 -0.121246
1.485 -0.121224
1.486 -0.121201
1.487 -0.121177
1.488 -0.121153
1.489 -0.121127
1.49 -0.1211
1.491 -0.121073
1.492 -0.121044
1.493 -0.121015
1.494 -0.120984
1.495 -0.120953
1.496 -0.120921
1.497 -0.120888
1.498 -0.120853
1.499 -0.120818
1.5 -0.120782
1.501 -0.120745
1.502 -0.120707
1.503 -0.120669
1.504 -0.120629
1.505 -0.120588
1.506 -0.120547
1.507 -0.120504
1.508 -0.12046
1.509 -0.120416
1.51 -0.120371
1.511 -0.120324
1.512 -0.120277
1.513 -0.120229
1.514 -0.12018
1.515 -0.12013
1.516 -0.120079
1.517 -0.120028
1.518 -0.119975
1.519 -0.119921
1.52 -0.119867
1.521 -0.119811
1.522 -0.119755
1.523 -0.119697
1.524 -0.119639
1.525 -0.11958
1.526 -0.11952
1.527 -0.119459
1.528 -0.119397
1.529 -0.119334
1.53 -0.119271
1.531 -0.119206
1.532 -0.11914
1.533 -0.119074
1.534 -0.119007
1.535 -0.118938
1.536 -0.118869
1.537 -0.118799
1.538 -0.118728
1.539 -0.118656
1.54 -0.118583
1.541 -0.11851
1.542 -0.118435
1.543 -0.11836
1.544 -0.118283
1.545 -0.118206
1.546 -0.118128
1.547 -0.118049
1.548 -0.117969
1.549 -0.117888
1.55 -0.117806
1.551 -0.117723
1.552 -0.11764
1.553 -0.117555
1.554 -0.11747
1.555 -0.117384
1.556 -0.117297
1.557 -0.117209
1.558 -0.11712
1.559 -0.11703
1.56 -0.116939
1.561 -0.116848
1.562 -0.116755
1.563 -0.116662
1.564 -0.116568
1.565 -0.116473
1.566 -0.116377
1.567 -0.11628
1.568 -0.116182
1.569 -0.116083
1.57 -0.115984
1.571 -0.115883
1.572 -0.115782
1.573 -0.11568
1.574 -0.115577
1.575 -0.115473
1.576 -0.115368
1.577 -0.115262
1.578 -0.115156
1.579 -0.115048
1.58 -0.11494
1.581 -0.114831
1.582 -0.114721
1.583 -0.11461
1.584 -0.114498
1.585 -0.114386
1.586 -0.114272
1.587 -0.114158
1.588 -0.114042
1.589 -0.113926
1.59 -0.113809
1.591 -0.113691
1.592 -0.113573
1.593 -0.113453
1.594 -0.113333
1.595 -0.113211
1.596 -0.113089
1.597 -0.112966
1.598 -0.112842
1.599 -0.112717
1.6 -0.112592
1.601 -0.112465
1.602 -0.112338
1.603 -0.11221
1.604 -0.112081
1.605 -0.111951
1.606 -0.11182
1.607 -0.111688
1.608 -0.111556
1.609 -0.111423
1.61 -0.111288
1.611 -0.111153
1.612 -0.111018
1.613 -0.110881
1.614 -0.110743
1.615 -0.110605
1.616 -0.110466
1.617 -0.110325
1.618 -0.110185
1.619 -0.110043
1.62 -0.1099
1.621 -0.109757
1.622 -0.109612
1.623 -0.109467
1.624 -0.109321
1.625 -0.109174
1.626 -0.109026
1.627 -0.108878
1.628 -0.108728
1.629 -0.108578
1.63 -0.108427
1.631 -0.108275
1.632 -0.108123
1.633 -0.107969
1.634 -0.107815
1.635 -0.107659
1.636 -0.107503
1.637 -0.107346
1.638 -0.107189
1.639 -0.10703
1.64 -0.106871
1.641 -0.10671
1.642 -0.106549
1.643 -0.106387
1.644 -0.106225
1.645 -0.106061
1.646 -0.105897
1.647 -0.105731
1.648 -0.105565
1.649 -0.105398
1.65 -0.105231
1.651 -0.105062
1.652 -0.104893
1.653 -0.104723
1.654 -0.104552
1.655 -0.10438
1.656 -0.104207
1.657 -0.104034
1.658 -0.10386
1.659 -0.103684
1.66 -0.103508
1.661 -0.103332
1.662 -0.103154
1.663 -0.102976
1.664 -0.102797
1.665 -0.102617
1.666 -0.102436
1.667 -0.102254
1.668 -0.102072
1.669 -0.101889
1.67 -0.101704
1.671 -0.10152
1.672 -0.101334
1.673 -0.101147
1.674 -0.10096
1.675 -0.100772
1.676 -0.100583
1.677 -0.100393
1.678 -0.100203
1.679 -0.100011
1.68 -0.0998192
1.681 -0.0996262
1.682 -0.0994325
1.683 -0.0992379
1.684 -0.0990425
1.685 -0.0988463
1.686 -0.0986494
1.687 -0.0984516
1.688 -0.098253
1.689 -0.0980536
1.69 -0.0978534
1.691 -0.0976524
1.692 -0.0974507
1.693 -0.0972481
1.694 -0.0970447
1.695 -0.0968405
1.696 -0.0966355
1.697 -0.0964298
1.698 -0.0962232
1.699 -0.0960159
1.7 -0.0958077
1.701 -0.0955988
1.702 -0.095389
1.703 -0.0951785
1.704 -0.0949672
1.705 -0.0947551
1.706 -0.0945422
1.707 -0.0943285
1.708 -0.094114
1.709 -0.0938987
1.71 -0.0936827
1.711 -0.0934658
1.712 -0.0932482
1.713 -0.0930298
1.714 -0.0928106
1.715 -0.0925906
1.716 -0.0923698
1.717 -0.0921483
1.718 -0.0919259
1.719 -0.0917028
1.72 -0.0914789
1.721 -0.0912542
1.722 -0.0910288
1.723 -0.0908025
1.724 -0.0905755
1.725 -0.0903477
1.726 -0.0901191
1.727 -0.0898897
1.728 -0.0896596
1.729 -0.0894287
1.73 -0.089197
1.731 -0.0889645
1.732 -0.0887313
1.733 -0.0884973
1.734 -0.0882625
1.735 -0.0880269
1.736 -0.0877906
1.737 -0.0875535
1.738 -0.0873156
1.739 -0.087077
1.74 -0.0868376
1.741 -0.0865974
1.742 -0.0863564
1.743 -0.0861147
1.744 -0.0858722
1.745 -0.0856289
1.746 -0.0853849
1.747 -0.0851401
1.748 -0.0848945
1.749 -0.0846482
1.75 -0.0844011
1.751 -0.0841533
1.752 -0.0839047
1.753 -0.0836553
1.754 -0.0834051
1.755 -0.0831542
1.756 -0.0829026
1.757 -0.0826501
1.758 -0.0823969
1.759 -0.082143
1.76 -0.0818883
1.761 -0.0816328
1.762 -0.0813766
1.763 -0.0811196
1.764 -0.0808619
1.765 -0.0806034
1.766 -0.0803441
1.767 -0.0800841
1.768 -0.0798234
1.769 -0.0795619
1.77 -0.0792996
1.771 -0.0790366
1.772 -0.0787728
1.773 -0.0785083
1.774 -0.078243
1.775 -0.077977
1.776 -0.0777102
1.777 -0.0774427
1.778 -0.0771744
1.779 -0.0769054
1.78 -0.0766356
1.781 -0.0763651
1.782 -0.0760938
1.783 -0.0758218
1.784 -0.0755491
1.785 -0.0752755
1.786 -0.0750013
1.787 -0.0747263
1.788 -0.0744506
1.789 -0.0741741
1.79 -0.0738969
1.791 -0.0736189
1.792 -0.0733402
1.793 -0.0730607
1.794 -0.0727805
1.795 -0.0724996
1.796 -0.0722179
1.797 -0.0719355
1.798 -0.0716524
1.799 -0.0713685
1.8 -0.0710839
1.801 -0.0707985
1.802 -0.0705124
1.803 -0.0702256
1.804 -0.069938
1.805 -0.0696497
1.806 -0.0693607
1.807 -0.0690709
1.808 -0.0687804
1.809 -0.0684892
1.81 -0.0681972
1.811 -0.0679045
1.812 -0.0676111
1.813 -0.0673169
1.814 -0.067022
1.815 -0.0667264
1.816 -0.06643
1.817 -0.066133
1.818 -0.0658352
1.819 -0.0655366
1.82 -0.0652374
1.821 -0.0649374
1.822 -0.0646366
1.823 -0.0643352
1.824 -0.064033
1.825 -0.0637301
1.826 -0.0634265
1.827 -0.0631222
1.828 -0.0628171
1.829 -0.0625113
1.83 -0.0622048
1.831 -0.0618976
1.832 -0.0615897
1.833 -0.061281
1.834 -0.0609716
1.835 -0.0606615
1.836 -0.0603507
1.837 -0.0600391
1.838 -0.0597268
1.839 -0.0594139
1.84 -0.0591002
1.841 -0.0587857
1.842 -0.0584706
1.843 -0.0581548
1.844 -0.0578382
1.845 -0.0575209
1.846 -0.0572029
1.847 -0.0568842
1.848 -0.0565648
1.849 -0.0562447
1.85 -0.0559238
1.851 -0.0556023
1.852 -0.05528
1.853 -0.054957
1.854 -0.0546333
1.855 -0.0543089
1.856 -0.0539838
1.857 -0.053658
1.858 -0.0533315
1.859 -0.0530043
1.86 -0.0526763
1.861 -0.0523477
1.862 -0.0520183
1.863 -0.0516883
1.864 -0.0513575
1.865 -0.051026
1.866 -0.0506939
1.867 -0.050361
1.868 -0.0500274
1.869 -0.0496931
1.87 -0.0493581
1.871 -0.0490225
1.872 -0.0486861
1.873 -0.048349
1.874 -0.0480112
1.875 -0.0476727
1.876 -0.0473335
1.877 -0.0469936
1.878 -0.046653
1.879 -0.0463117
1.88 -0.0459698
1.881 -0.0456271
1.882 -0.0452837
1.883 -0.0449396
1.884 -0.0445949
1.885 -0.0442494
1.886 -0.0439032
1.887 -0.0435564
1.888 -0.0432088
1.889 -0.0428606
1.89 -0.0425116
1.891 -0.042162
1.892 -0.0418117
1.893 -0.0414607
1.894 -0.041109
1.895 -0.0407566
1.896 -0.0404035
1.897 -0.0400497
1.898 -0.0396953
1.899 -0.0393401
1.9 -0.0389843
1.901 -0.0386278
1.902 -0.0382705
1.903 -0.0379126
1.904 -0.037554
1.905 -0.0371948
1.906 -0.0368348
1.907 -0.0364742
1.908 -0.0361128
1.909 -0.0357508
1.91 -0.0353881
1.911 -0.0350247
1.912 -0.0346607
1.913 -0.0342959
1.914 -0.0339305
1.915 -0.0335644
1.916 -0.0331976
1.917 -0.0328301
1.918 -0.032462
1.919 -0.0320931
1.92 -0.0317236
1.921 -0.0313534
1.922 -0.0309825
1.923 -0.030611
1.924 -0.0302388
1.925 -0.0298659
1.926 -0.0294923
1.927 -0.029118
1.928 -0.0287431
1.929 -0.0283675
1.93 -0.0279912
1.931 -0.0276143
1.932 -0.0272366
1.933 -0.0268583
1.934 -0.0264793
1.935 -0.0260997
1.936 -0.0257194
1.937 -0.0253384
1.938 -0.0249567
1.939 -0.0245744
1.94 -0.0241914
1.941 -0.0238077
1.942 -0.0234233
1.943 -0.0230383
1.944 -0.0226526
1.945 -0.0222663
1.946 -0.0218793
1.947 -0.0214916
1.948 -0.0211032
1.949 -0.0207142
1.95 -0.0203245
1.951 -0.0199342
1.952 -0.0195431
1.953 -0.0191514
1.954 -0.0187591
1.955 -0.0183661
1.956 -0.0179724
1.957 -0.0175781
1.958 -0.0171831
1.959 -0.0167874
1.96 -0.0163911
1.961 -0.0159941
1.962 -0.0155964
1.963 -0.0151981
1.964 -0.0147991
1.965 -0.0143995
1.966 -0.0139992
1.967 -0.0135983
1.968 -0.0131967
1.969 -0.0127944
1.97 -0.0123915
1.971 -0.0119879
1.972 -0.0115837
1.973 -0.0111788
1.974 -0.0107732
1.975 -0.010367
1.976 -0.00996015
1.977 -0.00955264
1.978 -0.00914447
1.979 -0.00873564
1.98 -0.00832616
1.981 -0.00791603
1.982 -0.00750525
1.983 -0.00709381
1.984 -0.00668173
1.985 -0.00626899
1.986 -0.0058556
1.987 -0.00544156
1.988 -0.00502687
1.989 -0.00461153
1.99 -0.00419554
1.991 -0.0037789
1.992 -0.00336161
1.993 -0.00294367
1.994 -0.00252509
1.995 -0.00210586
1.996 -0.00168598
1.997 -0.00126546
1.998 -0.000844285
1.999 -0.000422468
2 -6.47047e-09
2.001 0.000423096
2.002 0.000846847
2.003 0.00127124
2.004 0.00169628
2.005 0.00212196
2.006 0.00254829
2.007 0.00297526
2.008 0.00340287
2.009 0.00383112
2.01 0.00426001
2.011 0.00468955
2.012 0.00511972
2.013 0.00555054
2.014 0.00598199
2.015 0.00641408
2.016 0.00684682
2.017 0.00728019
2.018 0.0077142
2.019 0.00814884
2.02 0.00858413
2.021 0.00902005
2.022 0.00945661
2.023 0.0098938
2.024 0.0103316
2.025 0.0107701
2.026 0.0112092
2.027 0.0116489
2.028 0.0120893
2.029 0.0125303
2.03 0.0129719
2.031 0.0134142
2.032 0.0138571
2.033 0.0143006
2.034 0.0147448
2.035 0.0151896
2.036 0.015635
2.037 0.0160811
2.038 0.0165278
2.039 0.0169751
2.04 0.0174231
2.041 0.0178716
2.042 0.0183208
2.043 0.0187707
2.044 0.0192211
2.045 0.0196722
2.046 0.0201239
2.047 0.0205763
2.048 0.0210293
2.049 0.0214829
2.05 0.0219371
2.051 0.0223919
2.052 0.0228474
2.053 0.0233035
2.054 0.0237602
2.055 0.0242176
2.056 0.0246755
2.057 0.0251341
2.058 0.0255933
2.059 0.0260532
2.06 0.0265136
2.061 0.0269747
2.062 0.0274364
2.063 0.0278988
2.064 0.0283617
2.065 0.0288253
2.066 0.0292894
2.067 0.0297542
2.068 0.0302197
2.069 0.0306857
2.07 0.0311524
2.071 0.0316196
2.072 0.0320875
2.073 0.032556
2.074 0.0330252
2.075 0.0334949
2.076 0.0339653
2.077 0.0344362
2.078 0.0349078
2.079 0.03538
2.08 0.0358529
2.081 0.0363263
2.082 0.0368003
2.083 0.037275
2.084 0.0377503
2.085 0.0382262
2.086 0.0387027
2.087 0.0391798
2.088 0.0396575
2.089 0.0401358
2.09 0.0406148
2.091 0.0410943
2.092 0.0415745
2.093 0.0420553
2.094 0.0425366
2.095 0.0430186
2.096 0.0435012
2.097 0.0439845
2.098 0.0444683
2.099 0.0449527
2.1 0.0454377
2.101 0.0459234
2.102 0.0464096
2.103 0.0468965
2.104 0.0473839
2.105 0.047872
2.106 0.0483607
2.107 0.0488499
2.108 0.0493398
2.109 0.0498303
2.11 0.0503214
2.111 0.0508131
2.112 0.0513054
2.113 0.0517982
2.114 0.0522917
2.115 0.0527858
2.116 0.0532805
2.117 0.0537758
2.118 0.0542717
2.119 0.0547682
2.12 0.0552653
2.121 0.055763
2.122 0.0562613
2.123 0.0567602
2.124 0.0572597
2.125 0.0577598
2.126 0.0582605
2.127 0.0587618
2.128 0.0592637
2.129 0.0597662
2.13 0.0602693
2.131 0.060773
2.132 0.0612772
2.133 0.0617821
2.134 0.0622876
2.135 0.0627936
2.136 0.0633003
2.137 0.0638076
2.138 0.0643154
2.139 0.0648238
2.14 0.0653329
2.141 0.0658425
2.142 0.0663527
2.143 0.0668635
2.144 0.0673749
2.145 0.0678869
2.146 0.0683995
2.147 0.0689127
2.148 0.0694264
2.149 0.0699408
2.15 0.0704557
2.151 0.0709713
2.152 0.0714874
2.153 0.0720041
2.154 0.0725214
2.155 0.0730393
2.156 0.0735578
2.157 0.0740768
2.158 0.0745965
2.159 0.0751167
2.16 0.0756375
2.161 0.0761589
2.162 0.0766809
2.163 0.0772035
2.164 0.0777267
2.165 0.0782504
2.166 0.0787748
2.167 0.0792997
2.168 0.0798252
2.169 0.0803513
2.17 0.0808779
2.171 0.0814052
2.172 0.081933
2.173 0.0824614
2.174 0.0829904
2.175 0.08352
2.176 0.0840502
2.177 0.0845809
2.178 0.0851122
2.179 0.0856441
2.18 0.0861766
2.181 0.0867097
2.182 0.0872433
2.183 0.0877775
2.184 0.0883123
2.185 0.0888477
2.186 0.0893836
2.187 0.0899202
2.188 0.0904573
2.189 0.090995
2.19 0.0915332
2.191 0.0920721
2.192 0.0926115
2.193 0.0931515
2.194 0.093692
2.195 0.0942332
2.196 0.0947749
2.197 0.0953172
2.198 0.09586
2.199 0.0964035
2.2 0.0969475
2.201 0.097492
2.202 0.0980372
2.203 0.0985829
2.204 0.0991292
2.205 0.0996761
2.206 0.100224
2.207 0.100772
2.208 0.10132
2.209 0.101869
2.21 0.102419
2.211 0.102969
2.212 0.10352
2.213 0.104072
2.214 0.104624
2.215 0.105176
2.216 0.105729
2.217 0.106283
2.218 0.106837
2.219 0.107392
2.22 0.107947
2.221 0.108503
2.222 0.10906
2.223 0.109617
2.224 0.110175
2.225 0.110733
2.226 0.111292
2.227 0.111851
2.228 0.112411
2.229 0.112972
2.23 0.113533
2.231 0.114094
2.232 0.114656
2.233 0.115219
2.234 0.115783
2.235 0.116346
2.236 0.116911
2.237 0.117476
2.238 0.118041
2.239 0.118607
2.24 0.119174
2.241 0.119741
2.242 0.120309
2.243 0.120878
2.244 0.121446
2.245 0.122016
2.246 0.122586
2.247 0.123157
2.248 0.123728
2.249 0.124299
2.25 0.124872
2.251 0.125445
2.252 0.126018
2.253 0.126592
2.254 0.127166
2.255 0.127741
2.256 0.128317
2.257 0.128893
2.258 0.12947
2.259 0.130047
2.26 0.130625
2.261 0.131203
2.262 0.131782
2.263 0.132362
2.264 0.132942
2.265 0.133522
2.266 0.134104
2.267 0.134685
2.268 0.135268
2.269 0.13585
2.27 0.136434
2.271 0.137018
2.272 0.137602
2.273 0.138187
2.274 0.138773
2.275 0.139359
2.276 0.139945
2.277 0.140533
2.278 0.14112
2.279 0.141709
2.28 0.142298
2.281 0.142887
2.282 0.143477
2.283 0.144067
2.284 0.144658
2.285 0.14525
2.286 0.145842
2.287 0.146435
2.288 0.147028
2.289 0.147622
2.29 0.148216
2.291 0.148811
2.292 0.149407
2.293 0.150002
2.294 0.150599
2.295 0.151196
2.296 0.151794
2.297 0.152392
2.298 0.15299
2.299 0.15359
2.3 0.154189
2.301 0.15479
2.302 0.155391
2.303 0.155992
2.304 0.156594
2.305 0.157196
2.306 0.157799
2.307 0.158403
2.308 0.159007
2.309 0.159612
2.31 0.160217
2.311 0.160823
2.312 0.161429
2.313 0.162036
2.314 0.162643
2.315 0.163251
2.316 0.163859
2.317 0.164468
2.318 0.165078
2.319 0.165688
2.32 0.166298
2.321 0.166909
2.322 0.167521
2.323 0.168133
2.324 0.168746
2.325 0.169359
2.326 0.169973
2.327 0.170587
2.328 0.171202
2.329 0.171818
2.33 0.172433
2.331 0.17305
2.332 0.173667
2.333 0.174284
2.334 0.174903
2.335 0.175521
2.336 0.17614
2.337 0.17676
2.338 0.17738
2.339 0.178001
2.34 0.178622
2.341 0.179244
2.342 0.179866
2.343 0.180489
2.344 0.181112
2.345 0.181736
2.346 0.182361
2.347 0.182986
2.348 0.183611
2.349 0.184237
2.35 0.184864
2.351 0.185491
2.352 0.186118
2.353 0.186747
2.354 0.187375
2.355 0.188004
2.356 0.188634
2.357 0.189264
2.358 0.189895
2.359 0.190526
2.36 0.191158
2.361 0.191791
2.362 0.192423
2.363 0.193057
2.364 0.193691
2.365 0.194325
2.366 0.19496
2.367 0.195596
2.368 0.196232
2.369 0.196868
2.37 0.197505
2.371 0.198143
2.372 0.198781
2.373 0.19942
2.374 0.200059
2.375 0.200698
2.376 0.201339
2.377 0.201979
2.378 0.202621
2.379 0.203262
2.38 0.203905
2.381 0.204547
2.382 0.205191
2.383 0.205835
2.384 0.206479
2.385 0.207124
2.386 0.207769
2.387 0.208415
2.388 0.209062
2.389 0.209709
2.39 0.210356
2.391 0.211004
2.392 0.211653
2.393 0.212302
2.394 0.212951
2.395 0.213601
2.396 0.214252
2.397 0.214903
2.398 0.215555
2.399 0.216207
2.4 0.216859
2.401 0.217512
2.402 0.218166
2.403 0.21882
2.404 0.219475
2.405 0.22013
2.406 0.220786
2.407 0.221442
2.408 0.222099
2.409 0.222756
2.41 0.223414
2.411 0.224072
2.412 0.224731
2.413 0.22539
2.414 0.22605
2.415 0.226711
2.416 0.227371
2.417 0.228033
2.418 0.228695
2.419 0.229357
2.42 0.23002
2.421 0.230683
2.422 0.231347
2.423 0.232012
2.424 0.232677
2.425 0.233342
2.426 0.234008
2.427 0.234675
2.428 0.235342
2.429 0.236009
2.43 0.236677
2.431 0.237345
2.432 0.238014
2.433 0.238684
2.434 0.239354
2.435 0.240025
2.436 0.240696
2.437 0.241367
2.438 0.242039
2.439 0.242712
2.44 0.243385
2.441 0.244058
2.442 0.244732
2.443 0.245407
2.444 0.246082
2.445 0.246758
2.446 0.247434
2.447 0.24811
2.448 0.248787
2.449 0.249465
2.45 0.250143
2.451 0.250822
2.452 0.251501
2.453 0.25218
2.454 0.25286
2.455 0.253541
2.456 0.254222
2.457 0.254904
2.458 0.255586
2.459 0.256268
2.46 0.256951
2.461 0.257635
2.462 0.258319
2.463 0.259004
2.464 0.259689
2.465 0.260374
2.466 0.261061
2.467 0.261747
2.468 0.262434
2.469 0.263122
2.47 0.26381
2.471 0.264498
2.472 0.265188
2.473 0.265877
2.474 0.266567
2.475 0.267258
2.476 0.267949
2.477 0.26864
2.478 0.269333
2.479 0.270025
2.48 0.270718
2.481 0.271412
2.482 0.272106
2.483 0.2728
2.484 0.273495
2.485 0.274191
2.486 0.274887
2.487 0.275583
2.488 0.27628
2.489 0.276978
2.49 0.277676
2.491 0.278374
2.492 0.279073
2.493 0.279773
2.494 0.280473
2.495 0.281173
2.496 0.281874
2.497 0.282576
2.498 0.283278
2.499 0.28398
2.5 0.284683
2.501 0.285386
2.502 0.28609
2.503 0.286795
2.504 0.287499
2.505 0.288205
2.506 0.288911
2.507 0.289617
2.508 0.290324
2.509 0.291031
2.51 0.291739
2.511 0.292447
2.512 0.293156
2.513 0.293865
2.514 0.294575
2.515 0.295285
2.516 0.295996
2.517 0.296707
2.518 0.297419
2.519 0.298131
2.52 0.298844
2.521 0.299557
2.522 0.300271
2.523 0.300985
2.524 0.301699
2.525 0.302414
2.526 0.30313
2.527 0.303846
2.528 0.304563
2.529 0.30528
2.53 0.305997
2.531 0.306715
2.532 0.307434
2.533 0.308153
2.534 0.308872
2.535 0.309592
2.536 0.310312
2.537 0.311033
2.538 0.311755
2.539 0.312477
2.54 0.313199
2.541 0.313922
2.542 0.314645
2.543 0.315369
2.544 0.316093
2.545 0.316818
2.546 0.317543
2.547 0.318269
2.548 0.318995
2.549 0.319722
2.55 0.320449
2.551 0.321176
2.552 0.321905
2.553 0.322633
2.554 0.323362
2.555 0.324092
2.556 0.324822
2.557 0.325552
2.558 0.326283
2.559 0.327015
2.56 0.327747
2.561 0.328479
2.562 0.329212
2.563 0.329945
2.564 0.330679
2.565 0.331413
2.566 0.332148
2.567 0.332883
2.568 0.333619
2.569 0.334355
2.57 0.335092
2.571 0.335829
2.572 0.336567
2.573 0.337305
2.574 0.338043
2.575 0.338782
2.576 0.339522
2.577 0.340262
2.578 0.341002
2.579 0.341743
2.58 0.342485
2.581 0.343227
2.582 0.343969
2.583 0.344712
2.584 0.345455
2.585 0.346199
2.586 0.346943
2.587 0.347688
2.588 0.348433
2.589 0.349179
2.59 0.349925
2.591 0.350671
2.592 0.351418
2.593 0.352166
2.594 0.352914
2.595 0.353662
2.596 0.354411
2.597 0.355161
2.598 0.355911
2.599 0.356661
2.6 0.357412
2.601 0.358163
2.602 0.358915
2.603 0.359667
2.604 0.36042
2.605 0.361173
2.606 0.361927
2.607 0.362681
2.608 0.363435
2.609 0.36419
2.61 0.364946
2.611 0.365702
2.612 0.366458
2.613 0.367215
2.614 0.367972
2.615 0.36873
2.616 0.369488
2.617 0.370247
2.618 0.371006
2.619 0.371766
2.62 0.372526
2.621 0.373287
2.622 0.374048
2.623 0.374809
2.624 0.375571
2.625 0.376334
2.626 0.377097
2.627 0.37786
2.628 0.378624
2.629 0.379388
2.63 0.380153
2.631 0.380918
2.632 0.381684
2.633 0.38245
2.634 0.383216
2.635 0.383984
2.636 0.384751
2.637 0.385519
2.638 0.386287
2.639 0.387056
2.64 0.387826
2.641 0.388596
2.642 0.389366
2.643 0.390137
2.644 0.390908
2.645 0.391679
2.646 0.392452
2.647 0.393224
2.648 0.393997
2.649 0.394771
2.65 0.395545
2.651 0.396319
2.652 0.397094
2.653 0.397869
2.654 0.398645
2.655 0.399421
2.656 0.400198
2.657 0.400975
2.658 0.401753
2.659 0.402531
2.66 0.403309
2.661 0.404088
2.662 0.404867
2.663 0.405647
2.664 0.406428
2.665 0.407208
2.666 0.40799
2.667 0.408771
2.668 0.409554
2.669 0.410336
2.67 0.411119
2.671 0.411903
2.672 0.412687
2.673 0.413471
2.674 0.414256
2.675 0.415041
2.676 0.415827
2.677 0.416613
2.678 0.4174
2.679 0.418187
2.68 0.418975
2.681 0.419763
2.682 0.420551
2.683 0.42134
2.684 0.422129
2.685 0.422919
2.686 0.423709
2.687 0.4245
2.688 0.425291
2.689 0.426083
2.69 0.426875
2.691 0.427668
2.692 0.428461
2.693 0.429254
2.694 0.430048
2.695 0.430842
2.696 0.431637
2.697 0.432432
2.698 0.433228
2.699 0.434024
2.7 0.434821
2.701 0.435618
2.702 0.436415
2.703 0.437213
2.704 0.438011
2.705 0.43881
2.706 0.439609
2.707 0.440409
2.708 0.441209
2.709 0.44201
2.71 0.442811
2.711 0.443612
2.712 0.444414
2.713 0.445216
2.714 0.446019
2.715 0.446822
2.716 0.447626
2.717 0.44843
2.718 0.449235
2.719 0.45004
2.72 0.450845
2.721 0.451651
2.722 0.452458
2.723 0.453264
2.724 0.454072
2.725 0.454879
2.726 0.455687
2.727 0.456496
2.728 0.457305
2.729 0.458115
2.73 0.458924
2.731 0.459735
2.732 0.460546
2.733 0.461357
2.734 0.462168
2.735 0.46298
2.736 0.463793
2.737 0.464606
2.738 0.465419
2.739 0.466233
2.74 0.467048
2.741 0.467862
2.742 0.468677
2.743 0.469493
2.744 0.470309
2.745 0.471126
2.746 0.471943
2.747 0.47276
2.748 0.473578
2.749 0.474396
2.75 0.475215
2.751 0.476034
2.752 0.476853
2.753 0.477673
2.754 0.478494
2.755 0.479315
2.756 0.480136
2.757 0.480958
2.758 0.48178
2.759 0.482602
2.76 0.483426
2.761 0.484249
2.762 0.485073
2.763 0.485897
2.764 0.486722
2.765 0.487547
2.766 0.488373
2.767 0.489199
2.768 0.490026
2.769 0.490853
2.77 0.49168
2.771 0.492508
2.772 0.493336
2.773 0.494165
2.774 0.494994
2.775 0.495823
2.776 0.496653
2.777 0.497484
2.778 0.498315
2.779 0.499146
2.78 0.499978
2.781 0.50081
2.782 0.501643
2.783 0.502476
2.784 0.503309
2.785 0.504143
2.786 0.504977
2.787 0.505812
2.788 0.506647
2.789 0.507483
2.79 0.508319
2.791 0.509155
2.792 0.509992
2.793 0.510829
2.794 0.511667
2.795 0.512505
2.796 0.513344
2.797 0.514183
2.798 0.515023
2.799 0.515862
2.8 0.516703
2.801 0.517544
2.802 0.518385
2.803 0.519226
2.804 0.520068
2.805 0.520911
2.806 0.521754
2.807 0.522597
2.808 0.523441
2.809 0.524285
2.81 0.52513
2.811 0.525975
2.812 0.52682
2.813 0.527666
2.814 0.528512
2.815 0.529359
2.816 0.530206
2.817 0.531054
2.818 0.531902
2.819 0.53275
2.82 0.533599
2.821 0.534448
2.822 0.535298
2.823 0.536148
2.824 0.536999
2.825 0.53785
2.826 0.538701
2.827 0.539553
2.828 0.540405
2.829 0.541258
2.83 0.542111
2.831 0.542965
2.832 0.543819
2.833 0.544673
2.834 0.545528
2.835 0.546383
2.836 0.547239
2.837 0.548095
2.838 0.548951
2.839 0.549808
2.84 0.550665
2.841 0.551523
2.842 0.552381
2.843 0.55324
2.844 0.554099
2.845 0.554958
2.846 0.555818
2.847 0.556678
2.848 0.557539
2.849 0.5584
2.85 0.559262
2.851 0.560124
2.852 0.560986
2.853 0.561849
2.854 0.562712
2.855 0.563576
2.856 0.56444
2.857 0.565304
2.858 0.566169
2.859 0.567034
2.86 0.5679
2.861 0.568766
2.862 0.569633
2.863 0.5705
2.864 0.571367
2.865 0.572235
2.866 0.573103
2.867 0.573972
2.868 0.574841
2.869 0.57571
2.87 0.57658
2.871 0.577451
2.872 0.578321
2.873 0.579192
2.874 0.580064
2.875 0.580936
2.876 0.581808
2.877 0.582681
2.878 0.583554
2.879 0.584428
2.88 0.585302
2.881 0.586176
2.882 0.587051
2.883 0.587927
2.884 0.588802
2.885 0.589678
2.886 0.590555
2.887 0.591432
2.888 0.592309
2.889 0.593187
2.89 0.594065
2.891 0.594944
2.892 0.595823
2.893 0.596702
2.894 0.597582
2.895 0.598462
2.896 0.599343
2.897 0.600224
2.898 0.601105
2.899 0.601987
2.9 0.60287
2.901 0.603752
2.902 0.604635
2.903 0.605519
2.904 0.606403
2.905 0.607287
2.906 0.608172
2.907 0.609057
2.908 0.609943
2.909 0.610829
2.91 0.611715
2.911 0.612602
2.912 0.613489
2.913 0.614377
2.914 0.615265
2.915 0.616153
2.916 0.617042
2.917 0.617931
2.918 0.618821
2.919 0.619711
2.92 0.620602
2.921 0.621492
2.922 0.622384
2.923 0.623275
2.924 0.624168
2.925 0.62506
2.926 0.625953
2.927 0.626846
2.928 0.62774
2.929 0.628634
2.93 0.629529
2.931 0.630424
2.932 0.631319
2.933 0.632215
2.934 0.633111
2.935 0.634008
2.936 0.634905
2.937 0.635802
2.938 0.6367
2.939 0.637598
2.94 0.638497
2.941 0.639396
2.942 0.640295
2.943 0.641195
2.944 0.642095
2.945 0.642996
2.946 0.643897
2.947 0.644798
2.948 0.6457
2.949 0.646602
2.95 0.647505
2.951 0.648408
2.952 0.649311
2.953 0.650215
2.954 0.651119
2.955 0.652024
2.956 0.652929
2.957 0.653835
2.958 0.65474
2.959 0.655647
2.96 0.656553
2.961 0.65746
2.962 0.658368
2.963 0.659276
2.964 0.660184
2.965 0.661093
2.966 0.662002
2.967 0.662911
2.968 0.663821
2.969 0.664731
2.97 0.665642
2.971 0.666553
2.972 0.667465
2.973 0.668376
2.974 0.669289
2.975 0.670201
2.976 0.671114
2.977 0.672028
2.978 0.672942
2.979 0.673856
2.98 0.674771
2.981 0.675686
2.982 0.676601
2.983 0.677517
2.984 0.678433
2.985 0.67935
2.986 0.680267
2.987 0.681184
2.988 0.682102
2.989 0.68302
2.99 0.683939
2.991 0.684858
2.992 0.685778
2.993 0.686697
2.994 0.687618
2.995 0.688538
2.996 0.689459
2.997 0.690381
2.998 0.691302
2.999 0.692225
3 0.693147
3.001 0.69407
3.002 0.694994
3.003 0.695917
3.004 0.696841
3.005 0.697766
3.006 0.698691
3.007 0.699616
3.008 0.700542
3.009 0.701468
3.01 0.702395
3.011 0.703322
3.012 0.704249
3.013 0.705177
3.014 0.706105
3.015 0.707033
3.016 0.707962
3.017 0.708891
3.018 0.709821
3.019 0.710751
3.02 0.711682
3.021 0.712612
3.022 0.713544
3.023 0.714475
3.024 0.715407
3.025 0.71634
3.026 0.717273
3.027 0.718206
3.028 0.719139
3.029 0.720073
3.03 0.721008
3.031 0.721942
3.032 0.722878
3.033 0.723813
3.034 0.724749
3.035 0.725685
3.036 0.726622
3.037 0.727559
3.038 0.728497
3.039 0.729435
3.04 0.730373
3.041 0.731312
3.042 0.732251
3.043 0.73319
3.044 0.73413
3.045 0.73507
3.046 0.736011
3.047 0.736952
3.048 0.737893
3.049 0.738835
3.05 0.739777
3.051 0.740719
3.052 0.741662
3.053 0.742606
3.054 0.743549
3.055 0.744493
3.056 0.745438
3.057 0.746383
3.058 0.747328
3.059 0.748274
3.06 0.74922
3.061 0.750166
3.062 0.751113
3.063 0.75206
3.064 0.753008
3.065 0.753955
3.066 0.754904
3.067 0.755853
3.068 0.756802
3.069 0.757751
3.07 0.758701
3.071 0.759651
3.072 0.760602
3.073 0.761553
3.074 0.762504
3.075 0.763456
3.076 0.764408
3.077 0.765361
3.078 0.766314
3.079 0.767267
3.08 0.768221
3.081 0.769175
3.082 0.770129
3.083 0.771084
3.084 0.772039
3.085 0.772995
3.086 0.773951
3.087 0.774907
3.088 0.775864
3.089 0.776821
3.09 0.777779
3.091 0.778737
3.092 0.779695
3.093 0.780654
3.094 0.781613
3.095 0.782572
3.096 0.783532
3.097 0.784492
3.098 0.785453
3.099 0.786414
3.1 0.787375
3.101 0.788337
3.102 0.789299
3.103 0.790261
3.104 0.791224
3.105 0.792187
3.106 0.793151
3.107 0.794115
3.108 0.795079
3.109 0.796044
3.11 0.797009
3.111 0.797975
3.112 0.798941
3.113 0.799907
3.114 0.800874
3.115 0.801841
3.116 0.802808
3.117 0.803776
3.118 0.804744
3.119 0.805713
3.12 0.806681
3.121 0.807651
3.122 0.80862
3.123 0.80959
3.124 0.810561
3.125 0.811532
3.126 0.812503
3.127 0.813474
3.128 0.814446
3.129 0.815419
3.13 0.816391
3.131 0.817364
3.132 0.818338
3.133 0.819312
3.134 0.820286
3.135 0.82126
3.136 0.822235
3.137 0.823211
3.138 0.824186
3.139 0.825162
3.14 0.826139
3.141 0.827115
3.142 0.828093
3.143 0.82907
3.144 0.830048
3.145 0.831026
3.146 0.832005
3.147 0.832984
3.148 0.833964
3.149 0.834943
3.15 0.835924
3.151 0.836904
3.152 0.837885
3.153 0.838866
3.154 0.839848
3.155 0.84083
3.156 0.841812
3.157 0.842795
3.158 0.843778
3.159 0.844762
3.16 0.845746
3.161 0.84673
3.162 0.847715
3.163 0.8487
3.164 0.849685
3.165 0.850671
3.166 0.851657
3.167 0.852643
3.168 0.85363
3.169 0.854617
3.17 0.855605
3.171 0.856593
3.172 0.857581
3.173 0.85857
3.174 0.859559
3.175 0.860549
3.176 0.861538
3.177 0.862529
3.178 0.863519
3.179 0.86451
3.18 0.865501
3.181 0.866493
3.182 0.867485
3.183 0.868478
3.184 0.86947
3.185 0.870464
3.186 0.871457
3.187 0.872451
3.188 0.873445
3.189 0.87444
3.19 0.875435
3.191 0.87643
3.192 0.877426
3.193 0.878422
3.194 0.879418
3.195 0.880415
3.196 0.881412
3.197 0.88241
3.198 0.883408
3.199 0.884406
3.2 0.885405
3.201 0.886404
3.202 0.887403
3.203 0.888403
3.204 0.889403
3.205 0.890404
3.206 0.891404
3.207 0.892406
3.208 0.893407
3.209 0.894409
3.21 0.895412
3.211 0.896414
3.212 0.897417
3.213 0.898421
3.214 0.899424
3.215 0.900429
3.216 0.901433
3.217 0.902438
3.218 0.903443
3.219 0.904449
3.22 0.905455
3.221 0.906461
3.222 0.907468
3.223 0.908475
3.224 0.909482
3.225 0.91049
3.226 0.911498
3.227 0.912507
3.228 0.913515
3.229 0.914525
3.23 0.915534
3.231 0.916544
3.232 0.917554
3.233 0.918565
3.234 0.919576
3.235 0.920588
3.236 0.921599
3.237 0.922611
3.238 0.923624
3.239 0.924637
3.24 0.92565
3.241 0.926664
3.242 0.927678
3.243 0.928692
3.244 0.929706
3.245 0.930721
3.246 0.931737
3.247 0.932753
3.248 0.933769
3.249 0.934785
3.25 0.935802
3.251 0.936819
3.252 0.937837
3.253 0.938855
3.254 0.939873
3.255 0.940891
3.256 0.94191
3.257 0.94293
3.258 0.943949
3.259 0.944969
3.26 0.94599
3.261 0.947011
3.262 0.948032
3.263 0.949053
3.264 0.950075
3.265 0.951097
3.266 0.95212
3.267 0.953143
3.268 0.954166
3.269 0.95519
3.27 0.956214
3.271 0.957238
3.272 0.958263
3.273 0.959288
3.274 0.960313
3.275 0.961339
3.276 0.962365
3.277 0.963391
3.278 0.964418
3.279 0.965445
3.28 0.966473
3.281 0.967501
3.282 0.968529
3.283 0.969558
3.284 0.970587
3.285 0.971616
3.286 0.972646
3.287 0.973676
3.288 0.974706
3.289 0.975737
3.29 0.976768
3.291 0.977799
3.292 0.978831
3.293 0.979863
3.294 0.980896
3.295 0.981929
3.296 0.982962
3.297 0.983996
3.298 0.98503
3.299 0.986064
3.3 0.987099
3.301 0.988134
3.302 0.989169
3.303 0.990205
3.304 0.991241
3.305 0.992277
3.306 0.993314
3.307 0.994351
3.308 0.995388
3.309 0.996426
3.31 0.997464
3.311 0.998503
3.312 0.999542
3.313 1.00058
3.314 1.00162
3.315 1.00266
3.316 1.0037
3.317 1.00474
3.318 1.00578
3.319 1.00682
3.32 1.00787
3.321 1.00891
3.322 1.00995
3.323 1.01099
3.324 1.01204
3.325 1.01308
3.326 1.01412
3.327 1.01517
3.328 1.01621
3.329 1.01726
3.33 1.0183
3.331 1.01935
3.332 1.02039
3.333 1.02144
3.334 1.02249
3.335 1.02353
3.336 1.02458
3.337 1.02563
3.338 1.02668
3.339 1.02772
3.34 1.02877
3.341 1.02982
3.342 1.03087
3.343 1.03192
3.344 1.03297
3.345 1.03402
3.346 1.03507
3.347 1.03612
3.348 1.03718
3.349 1.03823
3.35 1.03928
3.351 1.04033
3.352 1.04138
3.353 1.04244
3.354 1.04349
3.355 1.04455
3.356 1.0456
3.357 1.04665
3.358 1.04771
3.359 1.04876
3.36 1.04982
3.361 1.05088
3.362 1.05193
3.363 1.05299
3.364 1.05405
3.365 1.0551
3.366 1.05616
3.367 1.05722
3.368 1.05828
3.369 1.05934
3.37 1.0604
3.371 1.06145
3.372 1.06251
3.373 1.06357
3.374 1.06464
3.375 1.0657
3.376 1.06676
3.377 1.06782
3.378 1.06888
3.379 1.06994
3.38 1.07101
3.381 1.07207
3.382 1.07313
3.383 1.07419
3.384 1.07526
3.385 1.07632
3.386 1.07739
3.387 1.07845
3.388 1.07952
3.389 1.08058
3.39 1.08165
3.391 1.08272
3.392 1.08378
3.393 1.08485
3.394 1.08592
3.395 1.08698
3.396 1.08805
3.397 1.08912
3.398 1.09019
3.399 1.09126
3.4 1.09233
3.401 1.0934
3.402 1.09447
3.403 1.09554
3.404 1.09661
3.405 1.09768
3.406 1.09875
3.407 1.09982
3.408 1.1009
3.409 1.10197
3.41 1.10304
3.411 1.10411
3.412 1.10519
3.413 1.10626
3.414 1.10734
3.415 1.10841
3.416 1.10948
3.417 1.11056
3.418 1.11164
3.419 1.11271
3.42 1.11379
3.421 1.11486
3.422 1.11594
3.423 1.11702
3.424 1.1181
3.425 1.11917
3.426 1.12025
3.427 1.12133
3.428 1.12241
3.429 1.12349
3.43 1.12457
3.431 1.12565
3.432 1.12673
3.433 1.12781
3.434 1.12889
3.435 1.12997
3.436 1.13105
3.437 1.13213
3.438 1.13322
3.439 1.1343
3.44 1.13538
3.441 1.13647
3.442 1.13755
3.443 1.13863
3.444 1.13972
3.445 1.1408
3.446 1.14189
3.447 1.14297
3.448 1.14406
3.449 1.14514
3.45 1.14623
3.451 1.14732
3.452 1.1484
3.453 1.14949
3.454 1.15058
3.455 1.15167
3.456 1.15276
3.457 1.15384
3.458 1.15493
3.459 1.15602
3.46 1.15711
3.461 1.1582
3.462 1.15929
3.463 1.16038
3.464 1.16147
3.465 1.16257
3.466 1.16366
3.467 1.16475
3.468 1.16584
3.469 1.16694
3.47 1.16803
3.471 1.16912
3.472 1.17022
3.473 1.17131
3.474 1.1724
3.475 1.1735
3.476 1.17459
3.477 1.17569
3.478 1.17678
3.479 1.17788
3.48 1.17898
3.481 1.18007
3.482 1.18117
3.483 1.18227
3.484 1.18337
3.485 1.18446
3.486 1.18556
3.487 1.18666
3.488 1.18776
3.489 1.18886
3.49 1.18996
3.491 1.19106
3.492 1.19216
3.493 1.19326
3.494 1.19436
3.495 1.19546
3.496 1.19656
3.497 1.19767
3.498 1.19877
3.499 1.19987
3.5 1.20097
3.501 1.20208
3.502 1.20318
3.503 1.20428
3.504 1.20539
3.505 1.20649
3.506 1.2076
3.507 1.2087
3.508 1.20981
3.509 1.21092
3.51 1.21202
3.511 1.21313
3.512 1.21424
3.513 1.21534
3.514 1.21645
3.515 1.21756
3.516 1.21867
3.517 1.21977
3.518 1.22088
3.519 1.22199
3.52 1.2231
3.521 1.22421
3.522 1.22532
3.523 1.22643
3.524 1.22754
3.525 1.22866
3.526 1.22977
3.527 1.23088
3.528 1.23199
3.529 1.2331
3.53 1.23422
3.531 1.23533
3.532 1.23644
3.533 1.23756
3.534 1.23867
3.535 1.23979
3.536 1.2409
3.537 1.24202
3.538 1.24313
3.539 1.24425
3.54 1.24536
3.541 1.24648
3.542 1.2476
3.543 1.24871
3.544 1.24983
3.545 1.25095
3.546 1.25207
3.547 1.25318
3.548 1.2543
3.549 1.25542
3.55 1.25654
3.551 1.25766
3.552 1.25878
3.553 1.2599
3.554 1.26102
3.555 1.26214
3.556 1.26327
3.557 1.26439
3.558 1.26551
3.559 1.26663
3.56 1.26775
3.561 1.26888
3.562 1.27
3.563 1.27112
3.564 1.27225
3.565 1.27337
3.566 1.2745
3.567 1.27562
3.568 1.27675
3.569 1.27787
3.57 1.279
3.571 1.28012
3.572 1.28125
3.573 1.28238
3.574 1.2835
3.575 1.28463
3.576 1.28576
3.577 1.28689
3.578 1.28802
3.579 1.28915
3.58 1.29027
3.581 1.2914
3.582 1.29253
3.583 1.29366
3.584 1.29479
3.585 1.29592
3.586 1.29706
3.587 1.29819
3.588 1.29932
3.589 1.30045
3.59 1.30158
3.591 1.30272
3.592 1.30385
3.593 1.30498
3.594 1.30612
3.595 1.30725
3.596 1.30838
3.597 1.30952
3.598 1.31065
3.599 1.31179
3.6 1.31292
3.601 1.31406
3.602 1.3152
3.603 1.31633
3.604 1.31747
3.605 1.31861
3.606 1.31974
3.607 1.32088
3.608 1.32202
3.609 1.32316
3.61 1.3243
3.611 1.32543
3.612 1.32657
3.613 1.32771
3.614 1.32885
3.615 1.32999
3.616 1.33113
3.617 1.33228
3.618 1.33342
3.619 1.33456
3.62 1.3357
3.621 1.33684
3.622 1.33799
3.623 1.33913
3.624 1.34027
3.625 1.34141
3.626 1.34256
3.627 1.3437
3.628 1.34485
3.629 1.34599
3.63 1.34714
3.631 1.34828
3.632 1.34943
3.633 1.35057
3.634 1.35172
3.635 1.35287
3.636 1.35401
3.637 1.35516
3.638 1.35631
3.639 1.35746
3.64 1.3586
3.641 1.35975
3.642 1.3609
3.643 1.36205
3.644 1.3632
3.645 1.36435
3.646 1.3655
3.647 1.36665
3.648 1.3678
3.649 1.36895
3.65 1.3701
3.651 1.37126
3.652 1.37241
3.653 1.37356
3.654 1.37471
3.655 1.37587
3.656 1.37702
3.657 1.37817
3.658 1.37933
3.659 1.38048
3.66 1.38164
3.661 1.38279
3.662 1.38395
3.663 1.3851
3.664 1.38626
3.665 1.38741
3.666 1.38857
3.667 1.38973
3.668 1.39088
3.669 1.39204
3.67 1.3932
3.671 1.39436
3.672 1.39551
3.673 1.39667
3.674 1.39783
3.675 1.39899
3.676 1.40015
3.677 1.40131
3.678 1.40247
3.679 1.40363
3.68 1.40479
3.681 1.40595
3.682 1.40711
3.683 1.40828
3.684 1.40944
3.685 1.4106
3.686 1.41176
3.687 1.41293
3.688 1.41409
3.689 1.41525
3.69 1.41642
3.691 1.41758
3.692 1.41875
3.693 1.41991
3.694 1.42107
3.695 1.42224
3.696 1.42341
3.697 1.42457
3.698 1.42574
3.699 1.42691
3.7 1.42807
3.701 1.42924
3.702 1.43041
3.703 1.43158
3.704 1.43274
3.705 1.43391
3.706 1.43508
3.707 1.43625
3.708 1.43742
3.709 1.43859
3.71 1.43976
3.711 1.44093
3.712 1.4421
3.713 1.44327
3.714 1.44444
3.715 1.44561
3.716 1.44679
3.717 1.44796
3.718 1.44913
3.719 1.4503
3.72 1.45148
3.721 1.45265
3.722 1.45382
3.723 1.455
3.724 1.45617
3.725 1.45735
3.726 1.45852
3.727 1.4597
3.728 1.46087
3.729 1.46205
3.73 1.46323
3.731 1.4644
3.732 1.46558
3.733 1.46676
3.734 1.46793
3.735 1.46911
3.736 1.47029
3.737 1.47147
3.738 1.47265
3.739 1.47383
3.74 1.47501
3.741 1.47619
3.742 1.47737
3.743 1.47855
3.744 1.47973
3.745 1.48091
3.746 1.48209
3.747 1.48327
3.748 1.48445
3.749 1.48563
3.75 1.48682
3.751 1.488
3.752 1.48918
3.753 1.49036
3.754 1.49155
3.755 1.49273
3.756 1.49392
3.757 1.4951
3.758 1.49629
3.759 1.49747
3.76 1.49866
3.761 1.49984
3.762 1.50103
3.763 1.50221
3.764 1.5034
3.765 1.50459
3.766 1.50578
3.767 1.50696
3.768 1.50815
3.769 1.50934
3.77 1.51053
3.771 1.51172
3.772 1.51291
3.773 1.51409
3.774 1.51528
3.775 1.51647
3.776 1.51766
3.777 1.51886
3.778 1.52005
3.779 1.52124
3.78 1.52243
3.781 1.52362
3.782 1.52481
3.783 1.52601
3.784 1.5272
3.785 1.52839
3.786 1.52958
3.787 1.53078
3.788 1.53197
3.789 1.53317
3.79 1.53436
3.791 1.53556
3.792 1.53675
3.793 1.53795
3.794 1.53914
3.795 1.54034
3.796 1.54153
3.797 1.54273
3.798 1.54393
3.799 1.54512
3.8 1.54632
3.801 1.54752
3.802 1.54872
3.803 1.54992
3.804 1.55112
3.805 1.55231
3.806 1.55351
3.807 1.55471
3.808 1.55591
3.809 1.55711
3.81 1.55831
3.811 1.55951
3.812 1.56072
3.813 1.56192
3.814 1.56312
3.815 1.56432
3.816 1.56552
3.817 1.56673
3.818 1.56793
3.819 1.56913
3.82 1.57034
3.821 1.57154
3.822 1.57274
3.823 1.57395
3.824 1.57515
3.825 1.57636
3.826 1.57756
3.827 1.57877
3.828 1.57998
3.829 1.58118
3.83 1.58239
3.831 1.58359
3.832 1.5848
3.833 1.58601
3.834 1.58722
3.835 1.58842
3.836 1.58963
3.837 1.59084
3.838 1.59205
3.839 1.59326
3.84 1.59447
3.841 1.59568
3.842 1.59689
3.843 1.5981
3.844 1.59931
3.845 1.60052
3.846 1.60173
3.847 1.60294
3.848 1.60416
3.849 1.60537
3.85 1.60658
3.851 1.60779
3.852 1.60901
3.853 1.61022
3.854 1.61143
3.855 1.61265
3.856 1.61386
3.857 1.61508
3.858 1.61629
3.859 1.61751
3.86 1.61872
3.861 1.61994
3.862 1.62115
3.863 1.62237
3.864 1.62359
3.865 1.6248
3.866 1.62602
3.867 1.62724
3.868 1.62846
3.869 1.62967
3.87 1.63089
3.871 1.63211
3.872 1.63333
3.873 1.63455
3.874 1.63577
3.875 1.63699
3.876 1.63821
3.877 1.63943
3.878 1.64065
3.879 1.64187
3.88 1.64309
3.881 1.64431
3.882 1.64554
3.883 1.64676
3.884 1.64798
3.885 1.6492
3.886 1.65043
3.887 1.65165
3.888 1.65287
3.889 1.6541
3.89 1.65532
3.891 1.65655
3.892 1.65777
3.893 1.659
3.894 1.66022
3.895 1.66145
3.896 1.66267
3.897 1.6639
3.898 1.66513
3.899 1.66635
3.9 1.66758
3.901 1.66881
3.902 1.67004
3.903 1.67126
3.904 1.67249
3.905 1.67372
3.906 1.67495
3.907 1.67618
3.908 1.67741
3.909 1.67864
3.91 1.67987
3.911 1.6811
3.912 1.68233
3.913 1.68356
3.914 1.68479
3.915 1.68602
3.916 1.68725
3.917 1.68849
3.918 1.68972
3.919 1.69095
3.92 1.69219
3.921 1.69342
3.922 1.69465
3.923 1.69589
3.924 1.69712
3.925 1.69835
3.926 1.69959
3.927 1.70082
3.928 1.70206
3.929 1.7033
3.93 1.70453
3.931 1.70577
3.932 1.707
3.933 1.70824
3.934 1.70948
3.935 1.71072
3.936 1.71195
3.937 1.71319
3.938 1.71443
3.939 1.71567
3.94 1.71691
3.941 1.71815
3.942 1.71938
3.943 1.72062
3.944 1.72186
3.945 1.7231
3.946 1.72435
3.947 1.72559
3.948 1.72683
3.949 1.72807
3.95 1.72931
3.951 1.73055
3.952 1.73179
3.953 1.73304
3.954 1.73428
3.955 1.73552
3.956 1.73677
3.957 1.73801
3.958 1.73925
3.959 1.7405
3.96 1.74174
3.961 1.74299
3.962 1.74423
3.963 1.74548
3.964 1.74672
3.965 1.74797
3.966 1.74922
3.967 1.75046
3.968 1.75171
3.969 1.75296
3.97 1.7542
3.971 1.75545
3.972 1.7567
3.973 1.75795
3.974 1.7592
3.975 1.76045
3.976 1.76169
3.977 1.76294
3.978 1.76419
3.979 1.76544
3.98 1.76669
3.981 1.76794
3.982 1.7692
3.983 1.77045
3.984 1.7717
3.985 1.77295
3.986 1.7742
3.987 1.77545
3.988 1.77671
3.989 1.77796
3.99 1.77921
3.991 1.78047
3.992 1.78172
3.993 1.78297
3.994 1.78423
3.995 1.78548
3.996 1.78674
3.997 1.78799
3.998 1.78925
3.999 1.7905
4 1.79176
4.001 1.79302
4.002 1.79427
4.003 1.79553
4.004 1.79679
4.005 1.79804
4.006 1.7993
4.007 1.80056
4.008 1.80182
4.009 1.80308
4.01 1.80433
4.011 1.80559
4.012 1.80685
4.013 1.80811
4.014 1.80937
4.015 1.81063
4.016 1.81189
4.017 1.81315
4.018 1.81442
4.019 1.81568
4.02 1.81694
4.021 1.8182
4.022 1.81946
4.023 1.82073
4.024 1.82199
4.025 1.82325
4.026 1.82451
4.027 1.82578
4.028 1.82704
4.029 1.82831
4.03 1.82957
4.031 1.83084
4.032 1.8321
4.033 1.83337
4.034 1.83463
4.035 1.8359
4.036 1.83716
4.037 1.83843
4.038 1.8397
4.039 1.84096
4.04 1.84223
4.041 1.8435
4.042 1.84477
4.043 1.84603
4.044 1.8473
4.045 1.84857
4.046 1.84984
4.047 1.85111
4.048 1.85238
4.049 1.85365
4.05 1.85492
4.051 1.85619
4.052 1.85746
4.053 1.85873
4.054 1.86
4.055 1.86127
4.056 1.86254
4.057 1.86382
4.058 1.86509
4.059 1.86636
4.06 1.86763
4.061 1.86891
4.062 1.87018
4.063 1.87145
4.064 1.87273
4.065 1.874
4.066 1.87528
4.067 1.87655
4.068 1.87783
4.069 1.8791
4.07 1.88038
4.071 1.88165
4.072 1.88293
4.073 1.88421
4.074 1.88548
4.075 1.88676
4.076 1.88804
4.077 1.88932
4.078 1.89059
4.079 1.89187
4.08 1.89315
4.081 1.89443
4.082 1.89571
4.083 1.89699
4.084 1.89827
4.085 1.89955
4.086 1.90083
4.087 1.90211
4.088 1.90339
4.089 1.90467
4.09 1.90595
4.091 1.90723
4.092 1.90851
4.093 1.9098
4.094 1.91108
4.095 1.91236
4.096 1.91364
4.097 1.91493
4.098 1.91621
4.099 1.91749
4.1 1.91878
4.101 1.92006
4.102 1.92135
4.103 1.92263
4.104 1.92392
4.105 1.9252
4.106 1.92649
4.107 1.92777
4.108 1.92906
4.109 1.93035
4.11 1.93163
4.111 1.93292
4.112 1.93421
4.113 1.93549
4.114 1.93678
4.115 1.93807
4.116 1.93936
4.117 1.94065
4.118 1.94194
4.119 1.94322
4.12 1.94451
4.121 1.9458
4.122 1.94709
4.123 1.94838
4.124 1.94968
4.125 1.95097
4.126 1.95226
4.127 1.95355
4.128 1.95484
4.129 1.95613
4.13 1.95742
4.131 1.95872
4.132 1.96001
4.133 1.9613
4.134 1.9626
4.135 1.96389
4.136 1.96518
4.137 1.96648
4.138 1.96777
4.139 1.96907
4.14 1.97036
4.141 1.97166
4.142 1.97295
4.143 1.97425
4.144 1.97554
4.145 1.97684
4.146 1.97814
4.147 1.97943
4.148 1.98073
4.149 1.98203
4.15 1.98333
4.151 1.98462
4.152 1.98592
4.153 1.98722
4.154 1.98852
4.155 1.98982
4.156 1.99112
4.157 1.99242
4.158 1.99372
4.159 1.99502
4.16 1.99632
4.161 1.99762
4.162 1.99892
4.163 2.00022
4.164 2.00152
4.165 2.00282
4.166 2.00413
4.167 2.00543
4.168 2.00673
4.169 2.00803
4.17 2.00934
4.171 2.01064
4.172 2.01194
4.173 2.01325
4.174 2.01455
4.175 2.01586
4.176 2.01716
4.177 2.01847
4.178 2.01977
4.179 2.02108
4.18 2.02238
4.181 2.02369
4.182 2.025
4.183 2.0263
4.184 2.02761
4.185 2.02892
4.186 2.03022
4.187 2.03153
4.188 2.03284
4.189 2.03415
4.19 2.03546
4.191 2.03676
4.192 2.03807
4.193 2.03938
4.194 2.04069
4.195 2.042
4.196 2.04331
4.197 2.04462
4.198 2.04593
4.199 2.04724
4.2 2.04856
4.201 2.04987
4.202 2.05118
4.203 2.05249
4.204 2.0538
4.205 2.05512
4.206 2.05643
4.207 2.05774
4.208 2.05905
4.209 2.06037
4.21 2.06168
4.211 2.063
4.212 2.06431
4.213 2.06563
4.214 2.06694
4.215 2.06826
4.216 2.06957
4.217 2.07089
4.218 2.0722
4.219 2.07352
4.22 2.07484
4.221 2.07615
4.222 2.07747
4.223 2.07879
4.224 2.0801
4.225 2.08142
4.226 2.08274
4.227 2.08406
4.228 2.08538
4.229 2.0867
4.23 2.08802
4.231 2.08934
4.232 2.09066
4.233 2.09198
4.234 2.0933
4.235 2.09462
4.236 2.09594
4.237 2.09726
4.238 2.09858
4.239 2.0999
4.24 2.10122
4.241 2.10255
4.242 2.10387
4.243 2.10519
4.244 2.10651
4.245 2.10784
4.246 2.10916
4.247 2.11048
4.248 2.11181
4.249 2.11313
4.25 2.11446
4.251 2.11578
4.252 2.11711
4.253 2.11843
4.254 2.11976
4.255 2.12108
4.256 2.12241
4.257 2.12374
4.258 2.12506
4.259 2.12639
4.26 2.12772
4.261 2.12904
4.262 2.13037
4.263 2.1317
4.264 2.13303
4.265 2.13436
4.266 2.13569
4.267 2.13701
4.268 2.13834
4.269 2.13967
4.27 2.141
4.271 2.14233
4.272 2.14366
4.273 2.14499
4.274 2.14633
4.275 2.14766
4.276 2.14899
4.277 2.15032
4.278 2.15165
4.279 2.15298
4.28 2.15432
4.281 2.15565
4.282 2.15698
4.283 2.15832
4.284 2.15965
4.285 2.16098
4.286 2.16232
4.287 2.16365
4.288 2.16499
4.289 2.16632
4.29 2.16766
4.291 2.16899
4.292 2.17033
4.293 2.17166
4.294 2.173
4.295 2.17434
4.296 2.17567
4.297 2.17701
4.298 2.17835
4.299 2.17968
4.3 2.18102
4.301 2.18236
4.302 2.1837
4.303 2.18504
4.304 2.18637
4.305 2.18771
4.306 2.18905
4.307 2.19039
4.308 2.19173
4.309 2.19307
4.31 2.19441
4.311 2.19575
4.312 2.19709
4.313 2.19844
4.314 2.19978
4.315 2.20112
4.316 2.20246
4.317 2.2038
4.318 2.20514
4.319 2.20649
4.32 2.20783
4.321 2.20917
4.322 2.21052
4.323 2.21186
4.324 2.2132
4.325 2.21455
4.326 2.21589
4.327 2.21724
4.328 2.21858
4.329 2.21993
4.33 2.22127
4.331 2.22262
4.332 2.22397
4.333 2.22531
4.334 2.22666
4.335 2.22801
4.336 2.22935
4.337 2.2307
4.338 2.23205
4.339 2.2334
4.34 2.23474
4.341 2.23609
4.342 2.23744
4.343 2.23879
4.344 2.24014
4.345 2.24149
4.346 2.24284
4.347 2.24419
4.348 2.24554
4.349 2.24689
4.35 2.24824
4.351 2.24959
4.352 2.25094
4.353 2.25229
4.354 2.25364
4.355 2.255
4.356 2.25635
4.357 2.2577
4.358 2.25905
4.359 2.26041
4.36 2.26176
4.361 2.26311
4.362 2.26447
4.363 2.26582
4.364 2.26718
4.365 2.26853
4.366 2.26989
4.367 2.27124
4.368 2.2726
4.369 2.27395
4.37 2.27531
4.371 2.27666
4.372 2.27802
4.373 2.27938
4.374 2.28073
4.375 2.28209
4.376 2.28345
4.377 2.28481
4.378 2.28616
4.379 2.28752
4.38 2.28888
4.381 2.29024
4.382 2.2916
4.383 2.29296
4.384 2.29432
4.385 2.29568
4.386 2.29704
4.387 2.2984
4.388 2.29976
4.389 2.30112
4.39 2.30248
4.391 2.30384
4.392 2.3052
4.393 2.30656
4.394 2.30793
4.395 2.30929
4.396 2.31065
4.397 2.31201
4.398 2.31338
4.399 2.31474
4.4 2.3161
4.401 2.31747
4.402 2.31883
4.403 2.3202
4.404 2.32156
4.405 2.32293
4.406 2.32429
4.407 2.32566
4.408 2.32702
4.409 2.32839
4.41 2.32975
4.411 2.33112
4.412 2.33249
4.413 2.33385
4.414 2.33522
4.415 2.33659
4.416 2.33796
4.417 2.33932
4.418 2.34069
4.419 2.34206
4.42 2.34343
4.421 2.3448
4.422 2.34617
4.423 2.34754
4.424 2.34891
4.425 2.35028
4.426 2.35165
4.427 2.35302
4.428 2.35439
4.429 2.35576
4.43 2.35713
4.431 2.3585
4.432 2.35987
4.433 2.36124
4.434 2.36262
4.435 2.36399
4.436 2.36536
4.437 2.36673
4.438 2.36811
4.439 2.36948
4.44 2.37085
4.441 2.37223
4.442 2.3736
4.443 2.37498
4.444 2.37635
4.445 2.37773
4.446 2.3791
4.447 2.38048
4.448 2.38185
4.449 2.38323
4.45 2.38461
4.451 2.38598
4.452 2.38736
4.453 2.38874
4.454 2.39011
4.455 2.39149
4.456 2.39287
4.457 2.39425
4.458 2.39562
4.459 2.397
4.46 2.39838
4.461 2.39976
4.462 2.40114
4.463 2.40252
4.464 2.4039
4.465 2.40528
4.466 2.40666
4.467 2.40804
4.468 2.40942
4.469 2.4108
4.47 2.41218
4.471 2.41356
4.472 2.41495
4.473 2.41633
4.474 2.41771
4.475 2.41909
4.476 2.42048
4.477 2.42186
4.478 2.42324
4.479 2.42463
4.48 2.42601
4.481 2.42739
4.482 2.42878
4.483 2.43016
4.484 2.43155
4.485 2.43293
4.486 2.43432
4.487 2.4357
4.488 2.43709
4.489 2.43847
4.49 2.43986
4.491 2.44125
4.492 2.44263
4.493 2.44402
4.494 2.44541
4.495 2.4468
4.496 2.44818
4.497 2.44957
4.498 2.45096
4.499 2.45235
4.5 2.45374
4.501 2.45513
4.502 2.45651
4.503 2.4579
4.504 2.45929
4.505 2.46068
4.506 2.46207
4.507 2.46346
4.508 2.46486
4.509 2.46625
4.51 2.46764
4.511 2.46903
4.512 2.47042
4.513 2.47181
4.514 2.47321
4.515 2.4746
4.516 2.47599
4.517 2.47738
4.518 2.47878
4.519 2.48017
4.52 2.48156
4.521 2.48296
4.522 2.48435
4.523 2.48575
4.524 2.48714
4.525 2.48854
4.526 2.48993
4.527 2.49133
4.528 2.49272
4.529 2.49412
4.53 2.49551
4.531 2.49691
4.532 2.49831
4.533 2.4997
4.534 2.5011
4.535 2.5025
4.536 2.5039
4.537 2.50529
4.538 2.50669
4.539 2.50809
4.54 2.50949
4.541 2.51089
4.542 2.51229
4.543 2.51369
4.544 2.51509
4.545 2.51649
4.546 2.51789
4.547 2.51929
4.548 2.52069
4.549 2.52209
4.55 2.52349
4.551 2.52489
4.552 2.52629
4.553 2.52769
4.554 2.5291
4.555 2.5305
4.556 2.5319
4.557 2.5333
4.558 2.53471
4.559 2.53611
4.56 2.53751
4.561 2.53892
4.562 2.54032
4.563 2.54173
4.564 2.54313
4.565 2.54454
4.566 2.54594
4.567 2.54735
4.568 2.54875
4.569 2.55016
4.57 2.55156
4.571 2.55297
4.572 2.55438
4.573 2.55578
4.574 2.55719
4.575 2.5586
4.576 2.56
4.577 2.56141
4.578 2.56282
4.579 2.56423
4.58 2.56564
4.581 2.56705
4.582 2.56845
4.583 2.56986
4.584 2.57127
4.585 2.57268
4.586 2.57409
4.587 2.5755
4.588 2.57691
4.589 2.57832
4.59 2.57973
4.591 2.58115
4.592 2.58256
4.593 2.58397
4.594 2.58538
4.595 2.58679
4.596 2.58821
4.597 2.58962
4.598 2.59103
4.599 2.59244
4.6 2.59386
4.601 2.59527
4.602 2.59668
4.603 2.5981
4.604 2.59951
4.605 2.60093
4.606 2.60234
4.607 2.60376
4.608 2.60517
4.609 2.60659
4.61 2.608
4.611 2.60942
4.612 2.61084
4.613 2.61225
4.614 2.61367
4.615 2.61509
4.616 2.6165
4.617 2.61792
4.618 2.61934
4.619 2.62076
4.62 2.62217
4.621 2.62359
4.622 2.62501
4.623 2.62643
4.624 2.62785
4.625 2.62927
4.626 2.63069
4.627 2.63211
4.628 2.63353
4.629 2.63495
4.63 2.63637
4.631 2.63779
4.632 2.63921
4.633 2.64063
4.634 2.64205
4.635 2.64348
4.636 2.6449
4.637 2.64632
4.638 2.64774
4.639 2.64917
4.64 2.65059
4.641 2.65201
4.642 2.65344
4.643 2.65486
4.644 2.65628
4.645 2.65771
4.646 2.65913
4.647 2.66056
4.648 2.66198
4.649 2.66341
4.65 2.66483
4.651 2.66626
4.652 2.66768
4.653 2.66911
4.654 2.67054
4.655 2.67196
4.656 2.67339
4.657 2.67482
4.658 2.67624
4.659 2.67767
4.66 2.6791
4.661 2.68053
4.662 2.68195
4.663 2.68338
4.664 2.68481
4.665 2.68624
4.666 2.68767
4.667 2.6891
4.668 2.69053
4.669 2.69196
4.67 2.69339
4.671 2.69482
4.672 2.69625
4.673 2.69768
4.674 2.69911
4.675 2.70054
4.676 2.70198
4.677 2.70341
4.678 2.70484
4.679 2.70627
4.68 2.7077
4.681 2.70914
4.682 2.71057
4.683 2.712
4.684 2.71344
4.685 2.71487
4.686 2.7163
4.687 2.71774
4.688 2.71917
4.689 2.72061
4.69 2.72204
4.691 2.72348
4.692 2.72491
4.693 2.72635
4.694 2.72778
4.695 2.72922
4.696 2.73066
4.697 2.73209
4.698 2.73353
4.699 2.73497
4.7 2.73641
4.701 2.73784
4.702 2.73928
4.703 2.74072
4.704 2.74216
4.705 2.7436
4.706 2.74503
4.707 2.74647
4.708 2.74791
4.709 2.74935
4.71 2.75079
4.711 2.75223
4.712 2.75367
4.713 2.75511
4.714 2.75655
4.715 2.75799
4.716 2.75943
4.717 2.76088
4.718 2.76232
4.719 2.76376
4.72 2.7652
4.721 2.76664
4.722 2.76809
4.723 2.76953
4.724 2.77097
4.725 2.77241
4.726 2.77386
4.727 2.7753
4.728 2.77675
4.729 2.77819
4.73 2.77963
4.731 2.78108
4.732 2.78252
4.733 2.78397
4.734 2.78541
4.735 2.78686
4.736 2.78831
4.737 2.78975
4.738 2.7912
4.739 2.79264
4.74 2.79409
4.741 2.79554
4.742 2.79699
4.743 2.79843
4.744 2.79988
4.745 2.80133
4.746 2.80278
4.747 2.80422
4.748 2.80567
4.749 2.80712
4.75 2.80857
4.751 2.81002
4.752 2.81147
4.753 2.81292
4.754 2.81437
4.755 2.81582
4.756 2.81727
4.757 2.81872
4.758 2.82017
4.759 2.82162
4.76 2.82308
4.761 2.82453
4.762 2.82598
4.763 2.82743
4.764 2.82888
4.765 2.83034
4.766 2.83179
4.767 2.83324
4.768 2.83469
4.769 2.83615
4.77 2.8376
4.771 2.83906
4.772 2.84051
4.773 2.84196
4.774 2.84342
4.775 2.84487
4.776 2.84633
4.777 2.84779
4.778 2.84924
4.779 2.8507
4.78 2.85215
4.781 2.85361
4.782 2.85507
4.783 2.85652
4.784 2.85798
4.785 2.85944
4.786 2.86089
4.787 2.86235
4.788 2.86381
4.789 2.86527
4.79 2.86673
4.791 2.86819
4.792 2.86964
4.793 2.8711
4.794 2.87256
4.795 2.87402
4.796 2.87548
4.797 2.87694
4.798 2.8784
4.799 2.87986
4.8 2.88132
4.801 2.88278
4.802 2.88425
4.803 2.88571
4.804 2.88717
4.805 2.88863
4.806 2.89009
4.807 2.89155
4.808 2.89302
4.809 2.89448
4.81 2.89594
4.811 2.89741
4.812 2.89887
4.813 2.90033
4.814 2.9018
4.815 2.90326
4.816 2.90473
4.817 2.90619
4.818 2.90766
4.819 2.90912
4.82 2.91059
4.821 2.91205
4.822 2.91352
4.823 2.91498
4.824 2.91645
4.825 2.91792
4.826 2.91938
4.827 2.92085
4.828 2.92232
4.829 2.92378
4.83 2.92525
4.831 2.92672
4.832 2.92819
4.833 2.92966
4.834 2.93113
4.835 2.93259
4.836 2.93406
4.837 2.93553
4.838 2.937
4.839 2.93847
4.84 2.93994
4.841 2.94141
4.842 2.94288
4.843 2.94435
4.844 2.94582
4.845 2.9473
4.846 2.94877
4.847 2.95024
4.848 2.95171
4.849 2.95318
4.85 2.95465
4.851 2.95613
4.852 2.9576
4.853 2.95907
4.854 2.96055
4.855 2.96202
4.856 2.96349
4.857 2.96497
4.858 2.96644
4.859 2.96791
4.86 2.96939
4.861 2.97086
4.862 2.97234
4.863 2.97381
4.864 2.97529
4.865 2.97677
4.866 2.97824
4.867 2.97972
4.868 2.98119
4.869 2.98267
4.87 2.98415
4.871 2.98562
4.872 2.9871
4.873 2.98858
4.874 2.99006
4.875 2.99153
4.876 2.99301
4.877 2.99449
4.878 2.99597
4.879 2.99745
4.88 2.99893
4.881 3.00041
4.882 3.00189
4.883 3.00337
4.884 3.00485
4.885 3.00633
4.886 3.00781
4.887 3.00929
4.888 3.01077
4.889 3.01225
4.89 3.01373
4.891 3.01521
4.892 3.01669
4.893 3.01818
4.894 3.01966
4.895 3.02114
4.896 3.02262
4.897 3.02411
4.898 3.02559
4.899 3.02707
4.9 3.02856
4.901 3.03004
4.902 3.03152
4.903 3.03301
4.904 3.03449
4.905 3.03598
4.906 3.03746
4.907 3.03895
4.908 3.04043
4.909 3.04192
4.91 3.04341
4.911 3.04489
4.912 3.04638
4.913 3.04786
4.914 3.04935
4.915 3.05084
4.916 3.05233
4.917 3.05381
4.918 3.0553
4.919 3.05679
4.92 3.05828
4.921 3.05977
4.922 3.06125
4.923 3.06274
4.924 3.06423
4.925 3.06572
4.926 3.06721
4.927 3.0687
4.928 3.07019
4.929 3.07168
4.93 3.07317
4.931 3.07466
4.932 3.07615
4.933 3.07764
4.934 3.07913
4.935 3.08063
4.936 3.08212
4.937 3.08361
4.938 3.0851
4.939 3.08659
4.94 3.08809
4.941 3.08958
4.942 3.09107
4.943 3.09257
4.944 3.09406
4.945 3.09555
4.946 3.09705
4.947 3.09854
4.948 3.10004
4.949 3.10153
4.95 3.10303
4.951 3.10452
4.952 3.10602
4.953 3.10751
4.954 3.10901
4.955 3.1105
4.956 3.112
4.957 3.1135
4.958 3.11499
4.959 3.11649
4.96 3.11799
4.961 3.11948
4.962 3.12098
4.963 3.12248
4.964 3.12398
4.965 3.12548
4.966 3.12697
4.967 3.12847
4.968 3.12997
4.969 3.13147
4.97 3.13297
4.971 3.13447
4.972 3.13597
4.973 3.13747
4.974 3.13897
4.975 3.14047
4.976 3.14197
4.977 3.14347
4.978 3.14497
4.979 3.14647
4.98 3.14798
4.981 3.14948
4.982 3.15098
4.983 3.15248
4.984 3.15398
4.985 3.15549
4.986 3.15699
4.987 3.15849
4.988 3.16
4.989 3.1615
4.99 3.163
4.991 3.16451
4.992 3.16601
4.993 3.16752
4.994 3.16902
4.995 3.17053
4.996 3.17203
4.997 3.17354
4.998 3.17504
4.999 3.17655
5 3.17805
5.001 3.17956
5.002 3.18107
5.003 3.18257
5.004 3.18408
5.005 3.18559
5.006 3.18709
5.007 3.1886
5.008 3.19011
5.009 3.19162
5.01 3.19313
5.011 3.19463
5.012 3.19614
5.013 3.19765
5.014 3.19916
5.015 3.20067
5.016 3.20218
5.017 3.20369
5.018 3.2052
5.019 3.20671
5.02 3.20822
5.021 3.20973
5.022 3.21124
5.023 3.21275
5.024 3.21426
5.025 3.21578
5.026 3.21729
5.027 3.2188
5.028 3.22031
5.029 3.22182
5.03 3.22334
5.031 3.22485
5.032 3.22636
5.033 3.22788
5.034 3.22939
5.035 3.2309
5.036 3.23242
5.037 3.23393
5.038 3.23545
5.039 3.23696
5.04 3.23848
5.041 3.23999
5.042 3.24151
5.043 3.24302
5.044 3.24454
5.045 3.24605
5.046 3.24757
5.047 3.24908
5.048 3.2506
5.049 3.25212
5.05 3.25364
5.051 3.25515
5.052 3.25667
5.053 3.25819
5.054 3.25971
5.055 3.26122
5.056 3.26274
5.057 3.26426
5.058 3.26578
5.059 3.2673
5.06 3.26882
5.061 3.27034
5.062 3.27186
5.063 3.27338
5.064 3.2749
5.065 3.27642
5.066 3.27794
5.067 3.27946
5.068 3.28098
5.069 3.2825
5.07 3.28402
5.071 3.28554
5.072 3.28706
5.073 3.28859
5.074 3.29011
5.075 3.29163
5.076 3.29315
5.077 3.29468
5.078 3.2962
5.079 3.29772
5.08 3.29925
5.081 3.30077
5.082 3.3023
5.083 3.30382
5.084 3.30534
5.085 3.30687
5.086 3.30839
5.087 3.30992
5.088 3.31144
5.089 3.31297
5.09 3.31449
5.091 3.31602
5.092 3.31755
5.093 3.31907
5.094 3.3206
5.095 3.32213
5.096 3.32365
5.097 3.32518
5.098 3.32671
5.099 3.32824
5.1 3.32976
5.101 3.33129
5.102 3.33282
5.103 3.33435
5.104 3.33588
5.105 3.33741
5.106 3.33894
5.107 3.34047
5.108 3.342
5.109 3.34353
5.11 3.34506
5.111 3.34659
5.112 3.34812
5.113 3.34965
5.114 3.35118
5.115 3.35271
5.116 3.35424
5.117 3.35577
5.118 3.3573
5.119 3.35884
5.12 3.36037
5.121 3.3619
5.122 3.36343
5.123 3.36497
5.124 3.3665
5.125 3.36803
5.126 3.36957
5.127 3.3711
5.128 3.37263
5.129 3.37417
5.13 3.3757
5.131 3.37724
5.132 3.37877
5.133 3.38031
5.134 3.38184
5.135 3.38338
5.136 3.38491
5.137 3.38645
5.138 3.38798
5.139 3.38952
5.14 3.39106
5.141 3.39259
5.142 3.39413
5.143 3.39567
5.144 3.39721
5.145 3.39874
5.146 3.40028
5.147 3.40182
5.148 3.40336
5.149 3.4049
5.15 3.40643
5.151 3.40797
5.152 3.40951
5.153 3.41105
5.154 3.41259
5.155 3.41413
5.156 3.41567
5.157 3.41721
5.158 3.41875
5.159 3.42029
5.16 3.42183
5.161 3.42337
5.162 3.42492
5.163 3.42646
5.164 3.428
5.165 3.42954
5.166 3.43108
5.167 3.43262
5.168 3.43417
5.169 3.43571
5.17 3.43725
5.171 3.4388
5.172 3.44034
5.173 3.44188
5.174 3.44343
5.175 3.44497
5.176 3.44651
5.177 3.44806
5.178 3.4496
5.179 3.45115
5.18 3.45269
5.181 3.45424
5.182 3.45578
5.183 3.45733
5.184 3.45888
5.185 3.46042
5.186 3.46197
5.187 3.46352
5.188 3.46506
5.189 3.46661
5.19 3.46816
5.191 3.4697
5.192 3.47125
5.193 3.4728
5.194 3.47435
5.195 3.4759
5.196 3.47744
5.197 3.47899
5.198 3.48054
5.199 3.48209
5.2 3.48364
5.201 3.48519
5.202 3.48674
5.203 3.48829
5.204 3.48984
5.205 3.49139
5.206 3.49294
5.207 3.49449
5.208 3.49604
5.209 3.49759
5.21 3.49915
5.211 3.5007
5.212 3.50225
5.213 3.5038
5.214 3.50535
5.215 3.50691
5.216 3.50846
5.217 3.51001
5.218 3.51156
5.219 3.51312
5.22 3.51467
5.221 3.51622
5.222 3.51778
5.223 3.51933
5.224 3.52089
5.225 3.52244
5.226 3.524
5.227 3.52555
5.228 3.52711
5.229 3.52866
5.23 3.53022
5.231 3.53177
5.232 3.53333
5.233 3.53489
5.234 3.53644
5.235 3.538
5.236 3.53956
5.237 3.54111
5.238 3.54267
5.239 3.54423
5.24 3.54579
5.241 3.54734
5.242 3.5489
5.243 3.55046
5.244 3.55202
5.245 3.55358
5.246 3.55514
5.247 3.5567
5.248 3.55826
5.249 3.55982
5.25 3.56138
5.251 3.56294
5.252 3.5645
5.253 3.56606
5.254 3.56762
5.255 3.56918
5.256 3.57074
5.257 3.5723
5.258 3.57386
5.259 3.57542
5.26 3.57699
5.261 3.57855
5.262 3.58011
5.263 3.58167
5.264 3.58324
5.265 3.5848
5.266 3.58636
5.267 3.58793
5.268 3.58949
5.269 3.59105
5.27 3.59262
5.271 3.59418
5.272 3.59575
5.273 3.59731
5.274 3.59888
5.275 3.60044
5.276 3.60201
5.277 3.60357
5.278 3.60514
5.279 3.6067
5.28 3.60827
5.281 3.60984
5.282 3.6114
5.283 3.61297
5.284 3.61454
5.285 3.6161
5.286 3.61767
5.287 3.61924
5.288 3.62081
5.289 3.62237
5.29 3.62394
5.291 3.62551
5.292 3.62708
5.293 3.62865
5.294 3.63022
5.295 3.63179
5.296 3.63336
5.297 3.63493
5.298 3.6365
5.299 3.63807
5.3 3.63964
5.301 3.64121
5.302 3.64278
5.303 3.64435
5.304 3.64592
5.305 3.64749
5.306 3.64906
5.307 3.65063
5.308 3.65221
5.309 3.65378
5.31 3.65535
5.311 3.65692
5.312 3.6585
5.313 3.66007
5.314 3.66164
5.315 3.66322
5.316 3.66479
5.317 3.66636
5.318 3.66794
5.319 3.66951
5.32 3.67109
5.321 3.67266
5.322 3.67424
5.323 3.67581
5.324 3.67739
5.325 3.67896
5.326 3.68054
5.327 3.68211
5.328 3.68369
5.329 3.68527
5.33 3.68684
5.331 3.68842
5.332 3.69
5.333 3.69157
5.334 3.69315
5.335 3.69473
5.336 3.69631
5.337 3.69788
5.338 3.69946
5.339 3.70104
5.34 3.70262
5.341 3.7042
5.342 3.70578
5.343 3.70736
5.344 3.70893
5.345 3.71051
5.346 3.71209
5.347 3.71367
5.348 3.71525
5.349 3.71683
5.35 3.71842
5.351 3.72
5.352 3.72158
5.353 3.72316
5.354 3.72474
5.355 3.72632
5.356 3.7279
5.357 3.72949
5.358 3.73107
5.359 3.73265
5.36 3.73423
5.361 3.73582
5.362 3.7374
5.363 3.73898
5.364 3.74057
5.365 3.74215
5.366 3.74373
5.367 3.74532
5.368 3.7469
5.369 3.74849
5.37 3.75007
5.371 3.75166
5.372 3.75324
5.373 3.75483
5.374 3.75641
5.375 3.758
5.376 3.75958
5.377 3.76117
5.378 3.76276
5.379 3.76434
5.38 3.76593
5.381 3.76752
5.382 3.7691
5.383 3.77069
5.384 3.77228
5.385 3.77387
5.386 3.77545
5.387 3.77704
5.388 3.77863
5.389 3.78022
5.39 3.78181
5.391 3.7834
5.392 3.78499
5.393 3.78658
5.394 3.78817
5.395 3.78976
5.396 3.79135
5.397 3.79294
5.398 3.79453
5.399 3.79612
5.4 3.79771
5.401 3.7993
5.402 3.80089
5.403 3.80248
5.404 3.80407
5.405 3.80567
5.406 3.80726
5.407 3.80885
5.408 3.81044
5.409 3.81203
5.41 3.81363
5.411 3.81522
5.412 3.81681
5.413 3.81841
5.414 3.82
5.415 3.8216
5.416 3.82319
5.417 3.82478
5.418 3.82638
5.419 3.82797
5.42 3.82957
5.421 3.83116
5.422 3.83276
5.423 3.83435
5.424 3.83595
5.425 3.83755
5.426 3.83914
5.427 3.84074
5.428 3.84233
5.429 3.84393
5.43 3.84553
5.431 3.84713
5.432 3.84872
5.433 3.85032
5.434 3.85192
5.435 3.85352
5.436 3.85511
5.437 3.85671
5.438 3.85831
5.439 3.85991
5.44 3.86151
5.441 3.86311
5.442 3.86471
5.443 3.86631
5.444 3.86791
5.445 3.86951
5.446 3.87111
5.447 3.87271
5.448 3.87431
5.449 3.87591
5.45 3.87751
5.451 3.87911
5.452 3.88071
5.453 3.88231
5.454 3.88392
5.455 3.88552
5.456 3.88712
5.457 3.88872
5.458 3.89032
5.459 3.89193
5.46 3.89353
5.461 3.89513
5.462 3.89674
5.463 3.89834
5.464 3.89994
5.465 3.90155
5.466 3.90315
5.467 3.90476
5.468 3.90636
5.469 3.90797
5.47 3.90957
5.471 3.91118
5.472 3.91278
5.473 3.91439
5.474 3.91599
5.475 3.9176
5.476 3.91921
5.477 3.92081
5.478 3.92242
5.479 3.92403
5.48 3.92563
5.481 3.92724
5.482 3.92885
5.483 3.93045
5.484 3.93206
5.485 3.93367
5.486 3.93528
5.487 3.93689
5.488 3.9385
5.489 3.9401
5.49 3.94171
5.491 3.94332
5.492 3.94493
5.493 3.94654
5.494 3.94815
5.495 3.94976
5.496 3.95137
5.497 3.95298
5.498 3.95459
5.499 3.9562
5.5 3.95781
5.501 3.95943
5.502 3.96104
5.503 3.96265
5.504 3.96426
5.505 3.96587
5.506 3.96748
5.507 3.9691
5.508 3.97071
5.509 3.97232
5.51 3.97393
5.511 3.97555
5.512 3.97716
5.513 3.97878
5.514 3.98039
5.515 3.982
5.516 3.98362
5.517 3.98523
5.518 3.98685
5.519 3.98846
5.52 3.99008
5.521 3.99169
5.522 3.99331
5.523 3.99492
5.524 3.99654
5.525 3.99815
5.526 3.99977
5.527 4.00139
5.528 4.003
5.529 4.00462
5.53 4.00624
5.531 4.00785
5.532 4.00947
5.533 4.01109
5.534 4.01271
5.535 4.01432
5.536 4.01594
5.537 4.01756
5.538 4.01918
5.539 4.0208
5.54 4.02242
5.541 4.02404
5.542 4.02566
5.543 4.02727
5.544 4.02889
5.545 4.03051
5.546 4.03213
5.547 4.03375
5.548 4.03538
5.549 4.037
5.55 4.03862
5.551 4.04024
5.552 4.04186
5.553 4.04348
5.554 4.0451
5.555 4.04672
5.556 4.04835
5.557 4.04997
5.558 4.05159
5.559 4.05321
5.56 4.05484
5.561 4.05646
5.562 4.05808
5.563 4.05971
5.564 4.06133
5.565 4.06295
5.566 4.06458
5.567 4.0662
5.568 4.06783
5.569 4.06945
5.57 4.07108
5.571 4.0727
5.572 4.07433
5.573 4.07595
5.574 4.07758
5.575 4.0792
5.576 4.08083
5.577 4.08246
5.578 4.08408
5.579 4.08571
5.58 4.08734
5.581 4.08896
5.582 4.09059
5.583 4.09222
5.584 4.09385
5.585 4.09547
5.586 4.0971
5.587 4.09873
5.588 4.10036
5.589 4.10199
5.59 4.10361
5.591 4.10524
5.592 4.10687
5.593 4.1085
5.594 4.11013
5.595 4.11176
5.596 4.11339
5.597 4.11502
5.598 4.11665
5.599 4.11828
5.6 4.11991
5.601 4.12154
5.602 4.12318
5.603 4.12481
5.604 4.12644
5.605 4.12807
5.606 4.1297
5.607 4.13133
5.608 4.13297
5.609 4.1346
5.61 4.13623
5.611 4.13786
5.612 4.1395
5.613 4.14113
5.614 4.14276
5.615 4.1444
5.616 4.14603
5.617 4.14767
5.618 4.1493
5.619 4.15093
5.62 4.15257
5.621 4.1542
5.622 4.15584
5.623 4.15747
5.624 4.15911
5.625 4.16075
5.626 4.16238
5.627 4.16402
5.628 4.16565
5.629 4.16729
5.63 4.16893
5.631 4.17056
5.632 4.1722
5.633 4.17384
5.634 4.17547
5.635 4.17711
5.636 4.17875
5.637 4.18039
5.638 4.18203
5.639 4.18366
5.64 4.1853
5.641 4.18694
5.642 4.18858
5.643 4.19022
5.644 4.19186
5.645 4.1935
5.646 4.19514
5.647 4.19678
5.648 4.19842
5.649 4.20006
5.65 4.2017
5.651 4.20334
5.652 4.20498
5.653 4.20662
5.654 4.20826
5.655 4.2099
5.656 4.21155
5.657 4.21319
5.658 4.21483
5.659 4.21647
5.66 4.21811
5.661 4.21976
5.662 4.2214
5.663 4.22304
5.664 4.22469
5.665 4.22633
5.666 4.22797
5.667 4.22962
5.668 4.23126
5.669 4.2329
5.67 4.23455
5.671 4.23619
5.672 4.23784
5.673 4.23948
5.674 4.24113
5.675 4.24277
5.676 4.24442
5.677 4.24606
5.678 4.24771
5.679 4.24936
5.68 4.251
5.681 4.25265
5.682 4.2543
5.683 4.25594
5.684 4.25759
5.685 4.25924
5.686 4.26088
5.687 4.26253
5.688 4.26418
5.689 4.26583
5.69 4.26748
5.691 4.26912
5.692 4.27077
5.693 4.27242
5.694 4.27407
5.695 4.27572
5.696 4.27737
5.697 4.27902
5.698 4.28067
5.699 4.28232
5.7 4.28397
5.701 4.28562
5.702 4.28727
5.703 4.28892
5.704 4.29057
5.705 4.29222
5.706 4.29387
5.707 4.29552
5.708 4.29718
5.709 4.29883
5.71 4.30048
5.711 4.30213
5.712 4.30378
5.713 4.30544
5.714 4.30709
5.715 4.30874
5.716 4.3104
5.717 4.31205
5.718 4.3137
5.719 4.31536
5.72 4.31701
5.721 4.31866
5.722 4.32032
5.723 4.32197
5.724 4.32363
5.725 4.32528
5.726 4.32694
5.727 4.32859
5.728 4.33025
5.729 4.3319
5.73 4.33356
5.731 4.33522
5.732 4.33687
5.733 4.33853
5.734 4.34018
5.735 4.34184
5.736 4.3435
5.737 4.34516
5.738 4.34681
5.739 4.34847
5.74 4.35013
5.741 4.35179
5.742 4.35344
5.743 4.3551
5.744 4.35676
5.745 4.35842
5.746 4.36008
5.747 4.36174
5.748 4.3634
5.749 4.36506
5.75 4.36672
5.751 4.36838
5.752 4.37004
5.753 4.3717
5.754 4.37336
5.755 4.37502
5.756 4.37668
5.757 4.37834
5.758 4.38
5.759 4.38166
5.76 4.38332
5.761 4.38498
5.762 4.38665
5.763 4.38831
5.764 4.38997
5.765 4.39163
5.766 4.3933
5.767 4.39496
5.768 4.39662
5.769 4.39829
5.77 4.39995
5.771 4.40161
5.772 4.40328
5.773 4.40494
5.774 4.4066
5.775 4.40827
5.776 4.40993
5.777 4.4116
5.778 4.41326
5.779 4.41493
5.78 4.41659
5.781 4.41826
5.782 4.41992
5.783 4.42159
5.784 4.42326
5.785 4.42492
5.786 4.42659
5.787 4.42826
5.788 4.42992
5.789 4.43159
5.79 4.43326
5.791 4.43492
5.792 4.43659
5.793 4.43826
5.794 4.43993
5.795 4.4416
5.796 4.44326
5.797 4.44493
5.798 4.4466
5.799 4.44827
5.8 4.44994
5.801 4.45161
5.802 4.45328
5.803 4.45495
5.804 4.45662
5.805 4.45829
5.806 4.45996
5.807 4.46163
5.808 4.4633
5.809 4.46497
5.81 4.46664
5.811 4.46831
5.812 4.46998
5.813 4.47165
5.814 4.47333
5.815 4.475
5.816 4.47667
5.817 4.47834
5.818 4.48001
5.819 4.48169
5.82 4.48336
5.821 4.48503
5.822 4.48671
5.823 4.48838
5.824 4.49005
5.825 4.49173
5.826 4.4934
5.827 4.49508
5.828 4.49675
5.829 4.49842
5.83 4.5001
5.831 4.50177
5.832 4.50345
5.833 4.50512
5.834 4.5068
5.835 4.50848
5.836 4.51015
5.837 4.51183
5.838 4.5135
5.839 4.51518
5.84 4.51686
5.841 4.51853
5.842 4.52021
5.843 4.52189
5.844 4.52356
5.845 4.52524
5.846 4.52692
5.847 4.5286
5.848 4.53028
5.849 4.53195
5.85 4.53363
5.851 4.53531
5.852 4.53699
5.853 4.53867
5.854 4.54035
5.855 4.54203
5.856 4.54371
5.857 4.54539
5.858 4.54707
5.859 4.54875
5.86 4.55043
5.861 4.55211
5.862 4.55379
5.863 4.55547
5.864 4.55715
5.865 4.55883
5.866 4.56051
5.867 4.56219
5.868 4.56388
5.869 4.56556
5.87 4.56724
5.871 4.56892
5.872 4.57061
5.873 4.57229
5.874 4.57397
5.875 4.57565
5.876 4.57734
5.877 4.57902
5.878 4.5807
5.879 4.58239
5.88 4.58407
5.881 4.58576
5.882 4.58744
5.883 4.58913
5.884 4.59081
5.885 4.5925
5.886 4.59418
5.887 4.59587
5.888 4.59755
5.889 4.59924
5.89 4.60092
5.891 4.60261
5.892 4.6043
5.893 4.60598
5.894 4.60767
5.895 4.60936
5.896 4.61104
5.897 4.61273
5.898 4.61442
5.899 4.6161
5.9 4.61779
5.901 4.61948
5.902 4.62117
5.903 4.62286
5.904 4.62454
5.905 4.62623
5.906 4.62792
5.907 4.62961
5.908 4.6313
5.909 4.63299
5.91 4.63468
5.911 4.63637
5.912 4.63806
5.913 4.63975
5.914 4.64144
5.915 4.64313
5.916 4.64482
5.917 4.64651
5.918 4.6482
5.919 4.64989
5.92 4.65159
5.921 4.65328
5.922 4.65497
5.923 4.65666
5.924 4.65835
5.925 4.66005
5.926 4.66174
5.927 4.66343
5.928 4.66512
5.929 4.66682
5.93 4.66851
5.931 4.6702
5.932 4.6719
5.933 4.67359
5.934 4.67528
5.935 4.67698
5.936 4.67867
5.937 4.68037
5.938 4.68206
5.939 4.68376
5.94 4.68545
5.941 4.68715
5.942 4.68884
5.943 4.69054
5.944 4.69223
5.945 4.69393
5.946 4.69563
5.947 4.69732
5.948 4.69902
5.949 4.70072
5.95 4.70241
5.951 4.70411
5.952 4.70581
5.953 4.70751
5.954 4.7092
5.955 4.7109
5.956 4.7126
5.957 4.7143
5.958 4.716
5.959 4.71769
5.96 4.71939
5.961 4.72109
5.962 4.72279
5.963 4.72449
5.964 4.72619
5.965 4.72789
5.966 4.72959
5.967 4.73129
5.968 4.73299
5.969 4.73469
5.97 4.73639
5.971 4.73809
5.972 4.73979
5.973 4.74149
5.974 4.74319
5.975 4.7449
5.976 4.7466
5.977 4.7483
5.978 4.75
5.979 4.7517
5.98 4.75341
5.981 4.75511
5.982 4.75681
5.983 4.75851
5.984 4.76022
5.985 4.76192
5.986 4.76362
5.987 4.76533
5.988 4.76703
5.989 4.76874
5.99 4.77044
5.991 4.77214
5.992 4.77385
5.993 4.77555
5.994 4.77726
5.995 4.77896
5.996 4.78067
5.997 4.78237
5.998 4.78408
5.999 4.78579
6 4.78749
6.001 4.7892
6.002 4.7909
6.003 4.79261
6.004 4.79432
6.005 4.79602
6.006 4.79773
6.007 4.79944
6.008 4.80115
6.009 4.80285
6.01 4.80456
6.011 4.80627
6.012 4.80798
6.013 4.80969
6.014 4.8114
6.015 4.8131
6.016 4.81481
6.017 4.81652
6.018 4.81823
6.019 4.81994
6.02 4.82165
6.021 4.82336
6.022 4.82507
6.023 4.82678
6.024 4.82849
6.025 4.8302
6.026 4.83191
6.027 4.83362
6.028 4.83533
6.029 4.83705
6.03 4.83876
6.031 4.84047
6.032 4.84218
6.033 4.84389
6.034 4.8456
6.035 4.84732
6.036 4.84903
6.037 4.85074
6.038 4.85245
6.039 4.85417
6.04 4.85588
6.041 4.85759
6.042 4.85931
6.043 4.86102
6.044 4.86274
6.045 4.86445
6.046 4.86616
6.047 4.86788
6.048 4.86959
6.049 4.87131
6.05 4.87302
6.051 4.87474
6.052 4.87645
6.053 4.87817
6.054 4.87989
6.055 4.8816
6.056 4.88332
6.057 4.88503
6.058 4.88675
6.059 4.88847
6.06 4.89018
6.061 4.8919
6.062 4.89362
6.063 4.89534
6.064 4.89705
6.065 4.89877
6.066 4.90049
6.067 4.90221
6.068 4.90393
6.069 4.90564
6.07 4.90736
6.071 4.90908
6.072 4.9108
6.073 4.91252
6.074 4.91424
6.075 4.91596
6.076 4.91768
6.077 4.9194
6.078 4.92112
6.079 4.92284
6.08 4.92456
6.081 4.92628
6.082 4.928
6.083 4.92972
6.084 4.93144
6.085 4.93316
6.086 4.93488
6.087 4.93661
6.088 4.93833
6.089 4.94005
6.09 4.94177
6.091 4.9435
6.092 4.94522
6.093 4.94694
6.094 4.94866
6.095 4.95039
6.096 4.95211
6.097 4.95383
6.098 4.95556
6.099 4.95728
6.1 4.959
6.101 4.96073
6.102 4.96245
6.103 4.96418
6.104 4.9659
6.105 4.96763
6.106 4.96935
6.107 4.97108
6.108 4.9728
6.109 4.97453
6.11 4.97625
6.111 4.97798
6.112 4.97971
6.113 4.98143
6.114 4.98316
6.115 4.98489
6.116 4.98661
6.117 4.98834
6.118 4.99007
6.119 4.99179
6.12 4.99352
6.121 4.99525
6.122 4.99698
6.123 4.99871
6.124 5.00043
6.125 5.00216
6.126 5.00389
6.127 5.00562
6.128 5.00735
6.129 5.00908
6.13 5.01081
6.131 5.01254
6.132 5.01427
6.133 5.016
6.134 5.01773
6.135 5.01946
6.136 5.02119
6.137 5.02292
6.138 5.02465
6.139 5.02638
6.14 5.02811
6.141 5.02984
6.142 5.03157
6.143 5.0333
6.144 5.03504
6.145 5.03677
6.146 5.0385
6.147 5.04023
6.148 5.04197
6.149 5.0437
6.15 5.04543
6.151 5.04716
6.152 5.0489
6.153 5.05063
6.154 5.05236
6.155 5.0541
6.156 5.05583
6.157 5.05757
6.158 5.0593
6.159 5.06103
6.16 5.06277
6.161 5.0645
6.162 5.06624
6.163 5.06797
6.164 5.06971
6.165 5.07145
6.166 5.07318
6.167 5.07492
6.168 5.07665
6.169 5.07839
6.17 5.08013
6.171 5.08186
6.172 5.0836
6.173 5.08534
6.174 5.08707
6.175 5.08881
6.176 5.09055
6.177 5.09229
6.178 5.09402
6.179 5.09576
6.18 5.0975
6.181 5.09924
6.182 5.10098
6.183 5.10271
6.184 5.10445
6.185 5.10619
6.186 5.10793
6.187 5.10967
6.188 5.11141
6.189 5.11315
6.19 5.11489
6.191 5.11663
6.192 5.11837
6.193 5.12011
6.194 5.12185
6.195 5.12359
6.196 5.12533
6.197 5.12707
6.198 5.12882
6.199 5.13056
6.2 5.1323
6.201 5.13404
6.202 5.13578
6.203 5.13752
6.204 5.13927
6.205 5.14101
6.206 5.14275
6.207 5.1445
6.208 5.14624
6.209 5.14798
6.21 5.14972
6.211 5.15147
6.212 5.15321
6.213 5.15496
6.214 5.1567
6.215 5.15844
6.216 5.16019
6.217 5.16193
6.218 5.16368
6.219 5.16542
6.22 5.16717
6.221 5.16891
6.222 5.17066
6.223 5.17241
6.224 5.17415
6.225 5.1759
6.226 5.17764
6.227 5.17939
6.228 5.18114
6.229 5.18288
6.23 5.18463
6.231 5.18638
6.232 5.18812
6.233 5.18987
6.234 5.19162
6.235 5.19337
6.236 5.19511
6.237 5.19686
6.238 5.19861
6.239 5.20036
6.24 5.20211
6.241 5.20386
6.242 5.20561
6.243 5.20736
6.244 5.2091
6.245 5.21085
6.246 5.2126
6.247 5.21435
6.248 5.2161
6.249 5.21785
6.25 5.2196
6.251 5.22135
6.252 5.22311
6.253 5.22486
6.254 5.22661
6.255 5.22836
6.256 5.23011
6.257 5.23186
6.258 5.23361
6.259 5.23537
6.26 5.23712
6.261 5.23887
6.262 5.24062
6.263 5.24237
6.264 5.24413
6.265 5.24588
6.266 5.24763
6.267 5.24939
6.268 5.25114
6.269 5.25289
6.27 5.25465
6.271 5.2564
6.272 5.25816
6.273 5.25991
6.274 5.26166
6.275 5.26342
6.276 5.26517
6.277 5.26693
6.278 5.26868
6.279 5.27044
6.28 5.2722
6.281 5.27395
6.282 5.27571
6.283 5.27746
6.284 5.27922
6.285 5.28098
6.286 5.28273
6.287 5.28449
6.288 5.28625
6.289 5.288
6.29 5.28976
6.291 5.29152
6.292 5.29328
6.293 5.29503
6.294 5.29679
6.295 5.29855
6.296 5.30031
6.297 5.30207
6.298 5.30383
6.299 5.30558
6.3 5.30734
6.301 5.3091
6.302 5.31086
6.303 5.31262
6.304 5.31438
6.305 5.31614
6.306 5.3179
6.307 5.31966
6.308 5.32142
6.309 5.32318
6.31 5.32494
6.311 5.3267
6.312 5.32846
6.313 5.33023
6.314 5.33199
6.315 5.33375
6.316 5.33551
6.317 5.33727
6.318 5.33903
6.319 5.3408
6.32 5.34256
6.321 5.34432
6.322 5.34608
6.323 5.34785
6.324 5.34961
6.325 5.35137
6.326 5.35314
6.327 5.3549
6.328 5.35666
6.329 5.35843
6.33 5.36019
6.331 5.36196
6.332 5.36372
6.333 5.36549
6.334 5.36725
6.335 5.36902
6.336 5.37078
6.337 5.37255
6.338 5.37431
6.339 5.37608
6.34 5.37784
6.341 5.37961
6.342 5.38138
6.343 5.38314
6.344 5.38491
6.345 5.38668
6.346 5.38844
6.347 5.39021
6.348 5.39198
6.349 5.39374
6.35 5.39551
6.351 5.39728
6.352 5.39905
6.353 5.40082
6.354 5.40258
6.355 5.40435
6.356 5.40612
6.357 5.40789
6.358 5.40966
6.359 5.41143
6.36 5.4132
6.361 5.41497
6.362 5.41674
6.363 5.41851
6.364 5.42028
6.365 5.42205
6.366 5.42382
6.367 5.42559
6.368 5.42736
6.369 5.42913
6.37 5.4309
6.371 5.43267
6.372 5.43444
6.373 5.43621
6.374 5.43798
6.375 5.43976
6.376 5.44153
6.377 5.4433
6.378 5.44507
6.379 5.44685
6.38 5.44862
6.381 5.45039
6.382 5.45216
6.383 5.45394
6.384 5.45571
6.385 5.45748
6.386 5.45926
6.387 5.46103
6.388 5.46281
6.389 5.46458
6.39 5.46635
6.391 5.46813
6.392 5.4699
6.393 5.47168
6.394 5.47345
6.395 5.47523
6.396 5.477
6.397 5.47878
6.398 5.48056
6.399 5.48233
6.4 5.48411
6.401 5.48588
6.402 5.48766
6.403 5.48944
6.404 5.49121
6.405 5.49299
6.406 5.49477
6.407 5.49654
6.408 5.49832
6.409 5.5001
6.41 5.50188
6.411 5.50365
6.412 5.50543
6.413 5.50721
6.414 5.50899
6.415 5.51077
6.416 5.51255
6.417 5.51433
6.418 5.5161
6.419 5.51788
6.42 5.51966
6.421 5.52144
6.422 5.52322
6.423 5.525
6.424 5.52678
6.425 5.52856
6.426 5.53034
6.427 5.53212
6.428 5.53391
6.429 5.53569
6.43 5.53747
6.431 5.53925
6.432 5.54103
6.433 5.54281
6.434 5.54459
6.435 5.54638
6.436 5.54816
6.437 5.54994
6.438 5.55172
6.439 5.5535
6.44 5.55529
6.441 5.55707
6.442 5.55885
6.443 5.56064
6.444 5.56242
6.445 5.5642
6.446 5.56599
6.447 5.56777
6.448 5.56956
6.449 5.57134
6.45 5.57312
6.451 5.57491
6.452 5.57669
6.453 5.57848
6.454 5.58026
6.455 5.58205
6.456 5.58384
6.457 5.58562
6.458 5.58741
6.459 5.58919
6.46 5.59098
6.461 5.59277
6.462 5.59455
6.463 5.59634
6.464 5.59813
6.465 5.59991
6.466 5.6017
6.467 5.60349
6.468 5.60527
6.469 5.60706
6.47 5.60885
6.471 5.61064
6.472 5.61243
6.473 5.61421
6.474 5.616
6.475 5.61779
6.476 5.61958
6.477 5.62137
6.478 5.62316
6.479 5.62495
6.48 5.62674
6.481 5.62853
6.482 5.63032
6.483 5.63211
6.484 5.6339
6.485 5.63569
6.486 5.63748
6.487 5.63927
6.488 5.64106
6.489 5.64285
6.49 5.64464
6.491 5.64643
6.492 5.64822
6.493 5.65002
6.494 5.65181
6.495 5.6536
6.496 5.65539
6.497 5.65718
6.498 5.65898
6.499 5.66077
6.5 5.66256
6.501 5.66436
6.502 5.66615
6.503 5.66794
6.504 5.66974
6.505 5.67153
6.506 5.67332
6.507 5.67512
6.508 5.67691
6.509 5.6787
6.51 5.6805
6.511 5.68229
6.512 5.68409
6.513 5.68588
6.514 5.68768
6.515 5.68947
6.516 5.69127
6.517 5.69307
6.518 5.69486
6.519 5.69666
6.52 5.69845
6.521 5.70025
6.522 5.70205
6.523 5.70384
6.524 5.70564
6.525 5.70744
6.526 5.70923
6.527 5.71103
6.528 5.71283
6.529 5.71463
6.53 5.71642
6.531 5.71822
6.532 5.72002
6.533 5.72182
6.534 5.72362
6.535 5.72542
6.536 5.72721
6.537 5.72901
6.538 5.73081
6.539 5.73261
6.54 5.73441
6.541 5.73621
6.542 5.73801
6.543 5.73981
6.544 5.74161
6.545 5.74341
6.546 5.74521
6.547 5.74701
6.548 5.74881
6.549 5.75061
6.55 5.75241
6.551 5.75422
6.552 5.75602
6.553 5.75782
6.554 5.75962
6.555 5.76142
6.556 5.76323
6.557 5.76503
6.558 5.76683
6.559 5.76863
6.56 5.77044
6.561 5.77224
6.562 5.77404
6.563 5.77584
6.564 5.77765
6.565 5.77945
6.566 5.78126
6.567 5.78306
6.568 5.78486
6.569 5.78667
6.57 5.78847
6.571 5.79028
6.572 5.79208
6.573 5.79389
6.574 5.79569
6.575 5.7975
6.576 5.7993
6.577 5.80111
6.578 5.80291
6.579 5.80472
6.58 5.80652
6.581 5.80833
6.582 5.81014
6.583 5.81194
6.584 5.81375
6.585 5.81556
6.586 5.81736
6.587 5.81917
6.588 5.82098
6.589 5.82279
6.59 5.82459
6.591 5.8264
6.592 5.82821
6.593 5.83002
6.594 5.83183
6.595 5.83364
6.596 5.83544
6.597 5.83725
6.598 5.83906
6.599 5.84087
6.6 5.84268
6.601 5.84449
6.602 5.8463
6.603 5.84811
6.604 5.84992
6.605 5.85173
6.606 5.85354
6.607 5.85535
6.608 5.85716
6.609 5.85897
6.61 5.86078
6.611 5.86259
6.612 5.8644
6.613 5.86622
6.614 5.86803
6.615 5.86984
6.616 5.87165
6.617 5.87346
6.618 5.87528
6.619 5.87709
6.62 5.8789
6.621 5.88071
6.622 5.88253
6.623 5.88434
6.624 5.88615
6.625 5.88797
6.626 5.88978
6.627 5.89159
6.628 5.89341
6.629 5.89522
6.63 5.89704
6.631 5.89885
6.632 5.90066
6.633 5.90248
6.634 5.90429
6.635 5.90611
6.636 5.90792
6.637 5.90974
6.638 5.91156
6.639 5.91337
6.64 5.91519
6.641 5.917
6.642 5.91882
6.643 5.92064
6.644 5.92245
6.645 5.92427
6.646 5.92609
6.647 5.9279
6.648 5.92972
6.649 5.93154
6.65 5.93335
6.651 5.93517
6.652 5.93699
6.653 5.93881
6.654 5.94063
6.655 5.94244
6.656 5.94426
6.657 5.94608
6.658 5.9479
6.659 5.94972
6.66 5.95154
6.661 5.95336
6.662 5.95518
6.663 5.957
6.664 5.95882
6.665 5.96064
6.666 5.96246
6.667 5.96428
6.668 5.9661
6.669 5.96792
6.67 5.96974
6.671 5.97156
6.672 5.97338
6.673 5.9752
6.674 5.97702
6.675 5.97884
6.676 5.98067
6.677 5.98249
6.678 5.98431
6.679 5.98613
6.68 5.98795
6.681 5.98978
6.682 5.9916
6.683 5.99342
6.684 5.99524
6.685 5.99707
6.686 5.99889
6.687 6.00071
6.688 6.00254
6.689 6.00436
6.69 6.00619
6.691 6.00801
6.692 6.00983
6.693 6.01166
6.694 6.01348
6.695 6.01531
6.696 6.01713
6.697 6.01896
6.698 6.02078
6.699 6.02261
6.7 6.02443
6.701 6.02626
6.702 6.02809
6.703 6.02991
6.704 6.03174
6.705 6.03356
6.706 6.03539
6.707 6.03722
6.708 6.03904
6.709 6.04087
6.71 6.0427
6.711 6.04453
6.712 6.04635
6.713 6.04818
6.714 6.05001
6.715 6.05184
6.716 6.05366
6.717 6.05549
6.718 6.05732
6.719 6.05915
6.72 6.06098
6.721 6.06281
6.722 6.06464
6.723 6.06647
6.724 6.0683
6.725 6.07012
6.726 6.07195
6.727 6.07378
6.728 6.07561
6.729 6.07744
6.73 6.07927
6.731 6.08111
6.732 6.08294
6.733 6.08477
6.734 6.0866
6.735 6.08843
6.736 6.09026
6.737 6.09209
6.738 6.09392
6.739 6.09576
6.74 6.09759
6.741 6.09942
6.742 6.10125
6.743 6.10308
6.744 6.10492
6.745 6.10675
6.746 6.10858
6.747 6.11042
6.748 6.11225
6.749 6.11408
6.75 6.11592
6.751 6.11775
6.752 6.11958
6.753 6.12142
6.754 6.12325
6.755 6.12509
6.756 6.12692
6.757 6.12876
6.758 6.13059
6.759 6.13243
6.76 6.13426
6.761 6.1361
6.762 6.13793
6.763 6.13977
6.764 6.1416
6.765 6.14344
6.766 6.14527
6.767 6.14711
6.768 6.14895
6.769 6.15078
6.77 6.15262
6.771 6.15446
6.772 6.15629
6.773 6.15813
6.774 6.15997
6.775 6.16181
6.776 6.16364
6.777 6.16548
6.778 6.16732
6.779 6.16916
6.78 6.171
6.781 6.17284
6.782 6.17467
6.783 6.17651
6.784 6.17835
6.785 6.18019
6.786 6.18203
6.787 6.18387
6.788 6.18571
6.789 6.18755
6.79 6.18939
6.791 6.19123
6.792 6.19307
6.793 6.19491
6.794 6.19675
6.795 6.19859
6.796 6.20043
6.797 6.20227
6.798 6.20411
6.799 6.20596
6.8 6.2078
6.801 6.20964
6.802 6.21148
6.803 6.21332
6.804 6.21516
6.805 6.21701
6.806 6.21885
6.807 6.22069
6.808 6.22253
6.809 6.22438
6.81 6.22622
6.811 6.22806
6.812 6.22991
6.813 6.23175
6.814 6.23359
6.815 6.23544
6.816 6.23728
6.817 6.23913
6.818 6.24097
6.819 6.24282
6.82 6.24466
6.821 6.24651
6.822 6.24835
6.823 6.2502
6.824 6.25204
6.825 6.25389
6.826 6.25573
6.827 6.25758
6.828 6.25942
6.829 6.26127
6.83 6.26312
6.831 6.26496
6.832 6.26681
6.833 6.26866
6.834 6.2705
6.835 6.27235
6.836 6.2742
6.837 6.27604
6.838 6.27789
6.839 6.27974
6.84 6.28159
6.841 6.28344
6.842 6.28528
6.843 6.28713
6.844 6.28898
6.845 6.29083
6.846 6.29268
6.847 6.29453
6.848 6.29638
6.849 6.29822
6.85 6.30007
6.851 6.30192
6.852 6.30377
6.853 6.30562
6.854 6.30747
6.855 6.30932
6.856 6.31117
6.857 6.31302
6.858 6.31488
6.859 6.31673
6.86 6.31858
6.861 6.32043
6.862 6.32228
6.863 6.32413
6.864 6.32598
6.865 6.32783
6.866 6.32969
6.867 6.33154
6.868 6.33339
6.869 6.33524
6.87 6.3371
6.871 6.33895
6.872 6.3408
6.873 6.34265
6.874 6.34451
6.875 6.34636
6.876 6.34821
6.877 6.35007
6.878 6.35192
6.879 6.35378
6.88 6.35563
6.881 6.35748
6.882 6.35934
6.883 6.36119
6.884 6.36305
6.885 6.3649
6.886 6.36676
6.887 6.36861
6.888 6.37047
6.889 6.37232
6.89 6.37418
6.891 6.37603
6.892 6.37789
6.893 6.37975
6.894 6.3816
6.895 6.38346
6.896 6.38532
6.897 6.38717
6.898 6.38903
6.899 6.39089
6.9 6.39274
6.901 6.3946
6.902 6.39646
6.903 6.39832
6.904 6.40017
6.905 6.40203
6.906 6.40389
6.907 6.40575
6.908 6.40761
6.909 6.40947
6.91 6.41133
6.911 6.41318
6.912 6.41504
6.913 6.4169
6.914 6.41876
6.915 6.42062
6.916 6.42248
6.917 6.42434
6.918 6.4262
6.919 6.42806
6.92 6.42992
6.921 6.43178
6.922 6.43364
6.923 6.4355
6.924 6.43736
6.925 6.43923
6.926 6.44109
6.927 6.44295
6.928 6.44481
6.929 6.44667
6.93 6.44853
6.931 6.4504
6.932 6.45226
6.933 6.45412
6.934 6.45598
6.935 6.45785
6.936 6.45971
6.937 6.46157
6.938 6.46343
6.939 6.4653
6.94 6.46716
6.941 6.46902
6.942 6.47089
6.943 6.47275
6.944 6.47462
6.945 6.47648
6.946 6.47835
6.947 6.48021
6.948 6.48207
6.949 6.48394
6.95 6.4858
6.951 6.48767
6.952 6.48953
6.953 6.4914
6.954 6.49327
6.955 6.49513
6.956 6.497
6.957 6.49886
6.958 6.50073
6.959 6.5026
6.96 6.50446
6.961 6.50633
6.962 6.5082
6.963 6.51006
6.964 6.51193
6.965 6.5138
6.966 6.51567
6.967 6.51753
6.968 6.5194
6.969 6.52127
6.97 6.52314
6.971 6.52501
6.972 6.52687
6.973 6.52874
6.974 6.53061
6.975 6.53248
6.976 6.53435
6.977 6.53622
6.978 6.53809
6.979 6.53996
6.98 6.54183
6.981 6.5437
6.982 6.54557
6.983 6.54744
6.984 6.54931
6.985 6.55118
6.986 6.55305
6.987 6.55492
6.988 6.55679
6.989 6.55866
6.99 6.56053
6.991 6.5624
6.992 6.56427
6.993 6.56615
6.994 6.56802
6.995 6.56989
6.996 6.57176
6.997 6.57363
6.998 6.57551
6.999 6.57738
7 6.57925
7.001 6.58112
7.002 6.583
7.003 6.58487
7.004 6.58674
7.005 6.58862
7.006 6.59049
7.007 6.59236
7.008 6.59424
7.009 6.59611
7.01 6.59799
7.011 6.59986
7.012 6.60174
7.013 6.60361
7.014 6.60549
7.015 6.60736
7.016 6.60924
7.017 6.61111
7.018 6.61299
7.019 6.61486
7.02 6.61674
7.021 6.61861
7.022 6.62049
7.023 6.62237
7.024 6.62424
7.025 6.62612
7.026 6.628
7.027 6.62987
7.028 6.63175
7.029 6.63363
7.03 6.6355
7.031 6.63738
7.032 6.63926
7.033 6.64114
7.034 6.64301
7.035 6.64489
7.036 6.64677
7.037 6.64865
7.038 6.65053
7.039 6.65241
7.04 6.65429
7.041 6.65616
7.042 6.65804
7.043 6.65992
7.044 6.6618
7.045 6.66368
7.046 6.66556
7.047 6.66744
7.048 6.66932
7.049 6.6712
7.05 6.67308
7.051 6.67496
7.052 6.67684
7.053 6.67872
7.054 6.6806
7.055 6.68249
7.056 6.68437
7.057 6.68625
7.058 6.68813
7.059 6.69001
7.06 6.69189
7.061 6.69378
7.062 6.69566
7.063 6.69754
7.064 6.69942
7.065 6.70131
7.066 6.70319
7.067 6.70507
7.068 6.70695
7.069 6.70884
7.07 6.71072
7.071 6.7126
7.072 6.71449
7.073 6.71637
7.074 6.71826
7.075 6.72014
7.076 6.72202
7.077 6.72391
7.078 6.72579
7.079 6.72768
7.08 6.72956
7.081 6.73145
7.082 6.73333
7.083 6.73522
7.084 6.7371
7.085 6.73899
7.086 6.74088
7.087 6.74276
7.088 6.74465
7.089 6.74653
7.09 6.74842
7.091 6.75031
7.092 6.75219
7.093 6.75408
7.094 6.75597
7.095 6.75786
7.096 6.75974
7.097 6.76163
7.098 6.76352
7.099 6.76541
7.1 6.76729
7.101 6.76918
7.102 6.77107
7.103 6.77296
7.104 6.77485
7.105 6.77674
7.106 6.77862
7.107 6.78051
7.108 6.7824
7.109 6.78429
7.11 6.78618
7.111 6.78807
7.112 6.78996
7.113 6.79185
7.114 6.79374
7.115 6.79563
7.116 6.79752
7.117 6.79941
7.118 6.8013
7.119 6.80319
7.12 6.80508
7.121 6.80698
7.122 6.80887
7.123 6.81076
7.124 6.81265
7.125 6.81454
7.126 6.81643
7.127 6.81833
7.128 6.82022
7.129 6.82211
7.13 6.824
7.131 6.82589
7.132 6.82779
7.133 6.82968
7.134 6.83157
7.135 6.83347
7.136 6.83536
7.137 6.83725
7.138 6.83915
7.139 6.84104
7.14 6.84294
7.141 6.84483
7.142 6.84672
7.143 6.84862
7.144 6.85051
7.145 6.85241
7.146 6.8543
7.147 6.8562
7.148 6.85809
7.149 6.85999
7.15 6.86188
7.151 6.86378
7.152 6.86567
7.153 6.86757
7.154 6.86947
7.155 6.87136
7.156 6.87326
7.157 6.87516
7.158 6.87705
7.159 6.87895
7.16 6.88085
7.161 6.88274
7.162 6.88464
7.163 6.88654
7.164 6.88844
7.165 6.89033
7.166 6.89223
7.167 6.89413
7.168 6.89603
7.169 6.89793
7.17 6.89982
7.171 6.90172
7.172 6.90362
7.173 6.90552
7.174 6.90742
7.175 6.90932
7.176 6.91122
7.177 6.91312
7.178 6.91502
7.179 6.91692
7.18 6.91882
7.181 6.92072
7.182 6.92262
7.183 6.92452
7.184 6.92642
7.185 6.92832
7.186 6.93022
7.187 6.93212
7.188 6.93402
7.189 6.93592
7.19 6.93783
7.191 6.93973
7.192 6.94163
7.193 6.94353
7.194 6.94543
7.195 6.94733
7.196 6.94924
7.197 6.95114
7.198 6.95304
7.199 6.95495
7.2 6.95685
7.201 6.95875
7.202 6.96065
7.203 6.96256
7.204 6.96446
7.205 6.96637
7.206 6.96827
7.207 6.97017
7.208 6.97208
7.209 6.97398
7.21 6.97589
7.211 6.97779
7.212 6.9797
7.213 6.9816
7.214 6.98351
7.215 6.98541
7.216 6.98732
7.217 6.98922
7.218 6.99113
7.219 6.99303
7.22 6.99494
7.221 6.99684
7.222 6.99875
7.223 7.00066
7.224 7.00256
7.225 7.00447
7.226 7.00638
7.227 7.00828
7.228 7.01019
7.229 7.0121
7.23 7.01401
7.231 7.01591
7.232 7.01782
7.233 7.01973
7.234 7.02164
7.235 7.02355
7.236 7.02545
7.237 7.02736
7.238 7.02927
7.239 7.03118
7.24 7.03309
7.241 7.035
7.242 7.03691
7.243 7.03882
7.244 7.04073
7.245 7.04264
7.246 7.04454
7.247 7.04645
7.248 7.04836
7.249 7.05028
7.25 7.05219
7.251 7.0541
7.252 7.05601
7.253 7.05792
7.254 7.05983
7.255 7.06174
7.256 7.06365
7.257 7.06556
7.258 7.06747
7.259 7.06939
7.26 7.0713
7.261 7.07321
7.262 7.07512
7.263 7.07703
7.264 7.07895
7.265 7.08086
7.266 7.08277
7.267 7.08468
7.268 7.0866
7.269 7.08851
7.27 7.09042
7.271 7.09234
7.272 7.09425
7.273 7.09616
7.274 7.09808
7.275 7.09999
7.276 7.10191
7.277 7.10382
7.278 7.10574
7.279 7.10765
7.28 7.10957
7.281 7.11148
7.282 7.1134
7.283 7.11531
7.284 7.11723
7.285 7.11914
7.286 7.12106
7.287 7.12297
7.288 7.12489
7.289 7.12681
7.29 7.12872
7.291 7.13064
7.292 7.13255
7.293 7.13447
7.294 7.13639
7.295 7.13831
7.296 7.14022
7.297 7.14214
7.298 7.14406
7.299 7.14597
7.3 7.14789
7.301 7.14981
7.302 7.15173
7.303 7.15365
7.304 7.15556
7.305 7.15748
7.306 7.1594
7.307 7.16132
7.308 7.16324
7.309 7.16516
7.31 7.16708
7.311 7.169
7.312 7.17092
7.313 7.17284
7.314 7.17476
7.315 7.17668
7.316 7.1786
7.317 7.18052
7.318 7.18244
7.319 7.18436
7.32 7.18628
7.321 7.1882
7.322 7.19012
7.323 7.19204
7.324 7.19396
7.325 7.19588
7.326 7.19781
7.327 7.19973
7.328 7.20165
7.329 7.20357
7.33 7.20549
7.331 7.20742
7.332 7.20934
7.333 7.21126
7.334 7.21318
7.335 7.21511
7.336 7.21703
7.337 7.21895
7.338 7.22088
7.339 7.2228
7.34 7.22472
7.341 7.22665
7.342 7.22857
7.343 7.23049
7.344 7.23242
7.345 7.23434
7.346 7.23627
7.347 7.23819
7.348 7.24012
7.349 7.24204
7.35 7.24397
7.351 7.24589
7.352 7.24782
7.353 7.24974
7.354 7.25167
7.355 7.25359
7.356 7.25552
7.357 7.25745
7.358 7.25937
7.359 7.2613
7.36 7.26323
7.361 7.26515
7.362 7.26708
7.363 7.26901
7.364 7.27093
7.365 7.27286
7.366 7.27479
7.367 7.27671
7.368 7.27864
7.369 7.28057
7.37 7.2825
7.371 7.28443
7.372 7.28635
7.373 7.28828
7.374 7.29021
7.375 7.29214
7.376 7.29407
7.377 7.296
7.378 7.29793
7.379 7.29986
7.38 7.30179
7.381 7.30372
7.382 7.30565
7.383 7.30758
7.384 7.30951
7.385 7.31144
7.386 7.31337
7.387 7.3153
7.388 7.31723
7.389 7.31916
7.39 7.32109
7.391 7.32302
7.392 7.32495
7.393 7.32688
7.394 7.32881
7.395 7.33074
7.396 7.33268
7.397 7.33461
7.398 7.33654
7.399 7.33847
7.4 7.3404
7.401 7.34234
7.402 7.34427
7.403 7.3462
7.404 7.34814
7.405 7.35007
7.406 7.352
7.407 7.35394
7.408 7.35587
7.409 7.3578
7.41 7.35974
7.411 7.36167
7.412 7.3636
7.413 7.36554
7.414 7.36747
7.415 7.36941
7.416 7.37134
7.417 7.37328
7.418 7.37521
7.419 7.37715
7.42 7.37908
7.421 7.38102
7.422 7.38295
7.423 7.38489
7.424 7.38682
7.425 7.38876
7.426 7.3907
7.427 7.39263
7.428 7.39457
7.429 7.39651
7.43 7.39844
7.431 7.40038
7.432 7.40232
7.433 7.40425
7.434 7.40619
7.435 7.40813
7.436 7.41006
7.437 7.412
7.438 7.41394
7.439 7.41588
7.44 7.41782
7.441 7.41975
7.442 7.42169
7.443 7.42363
7.444 7.42557
7.445 7.42751
7.446 7.42945
7.447 7.43139
7.448 7.43333
7.449 7.43527
7.45 7.43721
7.451 7.43914
7.452 7.44108
7.453 7.44302
7.454 7.44496
7.455 7.4469
7.456 7.44885
7.457 7.45079
7.458 7.45273
7.459 7.45467
7.46 7.45661
7.461 7.45855
7.462 7.46049
7.463 7.46243
7.464 7.46437
7.465 7.46632
7.466 7.46826
7.467 7.4702
7.468 7.47214
7.469 7.47408
7.47 7.47603
7.471 7.47797
7.472 7.47991
7.473 7.48185
7.474 7.4838
7.475 7.48574
7.476 7.48768
7.477 7.48963
7.478 7.49157
7.479 7.49351
7.48 7.49546
7.481 7.4974
7.482 7.49935
7.483 7.50129
7.484 7.50323
7.485 7.50518
7.486 7.50712
7.487 7.50907
7.488 7.51101
7.489 7.51296
7.49 7.5149
7.491 7.51685
7.492 7.51879
7.493 7.52074
7.494 7.52269
7.495 7.52463
7.496 7.52658
7.497 7.52852
7.498 7.53047
7.499 7.53242
7.5 7.53436
7.501 7.53631
7.502 7.53826
7.503 7.54021
7.504 7.54215
7.505 7.5441
7.506 7.54605
7.507 7.548
7.508 7.54994
7.509 7.55189
7.51 7.55384
7.511 7.55579
7.512 7.55774
7.513 7.55968
7.514 7.56163
7.515 7.56358
7.516 7.56553
7.517 7.56748
7.518 7.56943
7.519 7.57138
7.52 7.57333
7.521 7.57528
7.522 7.57723
7.523 7.57918
7.524 7.58113
7.525 7.58308
7.526 7.58503
7.527 7.58698
7.528 7.58893
7.529 7.59088
7.53 7.59283
7.531 7.59478
7.532 7.59673
7.533 7.59868
7.534 7.60064
7.535 7.60259
7.536 7.60454
7.537 7.60649
7.538 7.60844
7.539 7.6104
7.54 7.61235
7.541 7.6143
7.542 7.61625
7.543 7.61821
7.544 7.62016
7.545 7.62211
7.546 7.62407
7.547 7.62602
7.548 7.62797
7.549 7.62993
7.55 7.63188
7.551 7.63383
7.552 7.63579
7.553 7.63774
7.554 7.6397
7.555 7.64165
7.556 7.64361
7.557 7.64556
7.558 7.64752
7.559 7.64947
7.56 7.65143
7.561 7.65338
7.562 7.65534
7.563 7.65729
7.564 7.65925
7.565 7.6612
7.566 7.66316
7.567 7.66512
7.568 7.66707
7.569 7.66903
7.57 7.67099
7.571 7.67294
7.572 7.6749
7.573 7.67686
7.574 7.67881
7.575 7.68077
7.576 7.68273
7.577 7.68469
7.578 7.68664
7.579 7.6886
7.58 7.69056
7.581 7.69252
7.582 7.69448
7.583 7.69643
7.584 7.69839
7.585 7.70035
7.586 7.70231
7.587 7.70427
7.588 7.70623
7.589 7.70819
7.59 7.71015
7.591 7.71211
7.592 7.71407
7.593 7.71603
7.594 7.71799
7.595 7.71995
7.596 7.72191
7.597 7.72387
7.598 7.72583
7.599 7.72779
7.6 7.72975
7.601 7.73171
7.602 7.73367
7.603 7.73563
7.604 7.73759
7.605 7.73956
7.606 7.74152
7.607 7.74348
7.608 7.74544
7.609 7.7474
7.61 7.74937
7.611 7.75133
7.612 7.75329
7.613 7.75525
7.614 7.75722
7.615 7.75918
7.616 7.76114
7.617 7.76311
7.618 7.76507
7.619 7.76703
7.62 7.769
7.621 7.77096
7.622 7.77292
7.623 7.77489
7.624 7.77685
7.625 7.77882
7.626 7.78078
7.627 7.78275
7.628 7.78471
7.629 7.78668
7.63 7.78864
7.631 7.79061
7.632 7.79257
7.633 7.79454
7.634 7.7965
7.635 7.79847
7.636 7.80043
7.637 7.8024
7.638 7.80437
7.639 7.80633
7.64 7.8083
7.641 7.81027
7.642 7.81223
7.643 7.8142
7.644 7.81617
7.645 7.81813
7.646 7.8201
7.647 7.82207
7.648 7.82404
7.649 7.826
7.65 7.82797
7.651 7.82994
7.652 7.83191
7.653 7.83388
7.654 7.83584
7.655 7.83781
7.656 7.83978
7.657 7.84175
7.658 7.84372
7.659 7.84569
7.66 7.84766
7.661 7.84963
7.662 7.8516
7.663 7.85357
7.664 7.85554
7.665 7.85751
7.666 7.85948
7.667 7.86145
7.668 7.86342
7.669 7.86539
7.67 7.86736
7.671 7.86933
7.672 7.8713
7.673 7.87327
7.674 7.87524
7.675 7.87721
7.676 7.87918
7.677 7.88116
7.678 7.88313
7.679 7.8851
7.68 7.88707
7.681 7.88904
7.682 7.89102
7.683 7.89299
7.684 7.89496
7.685 7.89693
7.686 7.89891
7.687 7.90088
7.688 7.90285
7.689 7.90483
7.69 7.9068
7.691 7.90877
7.692 7.91075
7.693 7.91272
7.694 7.91469
7.695 7.91667
7.696 7.91864
7.697 7.92062
7.698 7.92259
7.699 7.92457
7.7 7.92654
7.701 7.92852
7.702 7.93049
7.703 7.93247
7.704 7.93444
7.705 7.93642
7.706 7.93839
7.707 7.94037
7.708 7.94234
7.709 7.94432
7.71 7.9463
7.711 7.94827
7.712 7.95025
7.713 7.95223
7.714 7.9542
7.715 7.95618
7.716 7.95816
7.717 7.96013
7.718 7.96211
7.719 7.96409
7.72 7.96607
7.721 7.96804
7.722 7.97002
7.723 7.972
7.724 7.97398
7.725 7.97596
7.726 7.97794
7.727 7.97991
7.728 7.98189
7.729 7.98387
7.73 7.98585
7.731 7.98783
7.732 7.98981
7.733 7.99179
7.734 7.99377
7.735 7.99575
7.736 7.99773
7.737 7.99971
7.738 8.00169
7.739 8.00367
7.74 8.00565
7.741 8.00763
7.742 8.00961
7.743 8.01159
7.744 8.01357
7.745 8.01555
7.746 8.01753
7.747 8.01951
7.748 8.0215
7.749 8.02348
7.75 8.02546
7.751 8.02744
7.752 8.02942
7.753 8.0314
7.754 8.03339
7.755 8.03537
7.756 8.03735
7.757 8.03933
7.758 8.04132
7.759 8.0433
7.76 8.04528
7.761 8.04727
7.762 8.04925
7.763 8.05123
7.764 8.05322
7.765 8.0552
7.766 8.05718
7.767 8.05917
7.768 8.06115
7.769 8.06314
7.77 8.06512
7.771 8.06711
7.772 8.06909
7.773 8.07108
7.774 8.07306
7.775 8.07505
7.776 8.07703
7.777 8.07902
7.778 8.081
7.779 8.08299
7.78 8.08497
7.781 8.08696
7.782 8.08895
7.783 8.09093
7.784 8.09292
7.785 8.09491
7.786 8.09689
7.787 8.09888
7.788 8.10087
7.789 8.10285
7.79 8.10484
7.791 8.10683
7.792 8.10881
7.793 8.1108
7.794 8.11279
7.795 8.11478
7.796 8.11677
7.797 8.11875
7.798 8.12074
7.799 8.12273
7.8 8.12472
7.801 8.12671
7.802 8.1287
7.803 8.13069
7.804 8.13268
7.805 8.13466
7.806 8.13665
7.807 8.13864
7.808 8.14063
7.809 8.14262
7.81 8.14461
7.811 8.1466
7.812 8.14859
7.813 8.15058
7.814 8.15257
7.815 8.15456
7.816 8.15656
7.817 8.15855
7.818 8.16054
7.819 8.16253
7.82 8.16452
7.821 8.16651
7.822 8.1685
7.823 8.17049
7.824 8.17249
7.825 8.17448
7.826 8.17647
7.827 8.17846
7.828 8.18046
7.829 8.18245
7.83 8.18444
7.831 8.18643
7.832 8.18843
7.833 8.19042
7.834 8.19241
7.835 8.19441
7.836 8.1964
7.837 8.19839
7.838 8.20039
7.839 8.20238
7.84 8.20438
7.841 8.20637
7.842 8.20836
7.843 8.21036
7.844 8.21235
7.845 8.21435
7.846 8.21634
7.847 8.21834
7.848 8.22033
7.849 8.22233
7.85 8.22432
7.851 8.22632
7.852 8.22831
7.853 8.23031
7.854 8.23231
7.855 8.2343
7.856 8.2363
7.857 8.23829
7.858 8.24029
7.859 8.24229
7.86 8.24428
7.861 8.24628
7.862 8.24828
7.863 8.25028
7.864 8.25227
7.865 8.25427
7.866 8.25627
7.867 8.25827
7.868 8.26026
7.869 8.26226
7.87 8.26426
7.871 8.26626
7.872 8.26826
7.873 8.27025
7.874 8.27225
7.875 8.27425
7.876 8.27625
7.877 8.27825
7.878 8.28025
7.879 8.28225
7.88 8.28425
7.881 8.28625
7.882 8.28825
7.883 8.29025
7.884 8.29225
7.885 8.29425
7.886 8.29625
7.887 8.29825
7.888 8.30025
7.889 8.30225
7.89 8.30425
7.891 8.30625
7.892 8.30825
7.893 8.31025
7.894 8.31225
7.895 8.31426
7.896 8.31626
7.897 8.31826
7.898 8.32026
7.899 8.32226
7.9 8.32427
7.901 8.32627
7.902 8.32827
7.903 8.33027
7.904 8.33228
7.905 8.33428
7.906 8.33628
7.907 8.33828
7.908 8.34029
7.909 8.34229
7.91 8.34429
7.911 8.3463
7.912 8.3483
7.913 8.35031
7.914 8.35231
7.915 8.35431
7.916 8.35632
7.917 8.35832
7.918 8.36033
7.919 8.36233
7.92 8.36434
7.921 8.36634
7.922 8.36835
7.923 8.37035
7.924 8.37236
7.925 8.37436
7.926 8.37637
7.927 8.37838
7.928 8.38038
7.929 8.38239
7.93 8.38439
7.931 8.3864
7.932 8.38841
7.933 8.39041
7.934 8.39242
7.935 8.39443
7.936 8.39643
7.937 8.39844
7.938 8.40045
7.939 8.40246
7.94 8.40446
7.941 8.40647
7.942 8.40848
7.943 8.41049
7.944 8.41249
7.945 8.4145
7.946 8.41651
7.947 8.41852
7.948 8.42053
7.949 8.42254
7.95 8.42455
7.951 8.42656
7.952 8.42856
7.953 8.43057
7.954 8.43258
7.955 8.43459
7.956 8.4366
7.957 8.43861
7.958 8.44062
7.959 8.44263
7.96 8.44464
7.961 8.44665
7.962 8.44866
7.963 8.45067
7.964 8.45268
7.965 8.4547
7.966 8.45671
7.967 8.45872
7.968 8.46073
7.969 8.46274
7.97 8.46475
7.971 8.46676
7.972 8.46878
7.973 8.47079
7.974 8.4728
7.975 8.47481
7.976 8.47682
7.977 8.47884
7.978 8.48085
7.979 8.48286
7.98 8.48488
7.981 8.48689
7.982 8.4889
7.983 8.49091
7.984 8.49293
7.985 8.49494
7.986 8.49696
7.987 8.49897
7.988 8.50098
7.989 8.503
7.99 8.50501
7.991 8.50703
7.992 8.50904
7.993 8.51106
7.994 8.51307
7.995 8.51508
7.996 8.5171
7.997 8.51912
7.998 8.52113
7.999 8.52315
8 8.52516
8.001 8.52718
8.002 8.52919
8.003 8.53121
8.004 8.53322
8.005 8.53524
8.006 8.53726
8.007 8.53927
8.008 8.54129
8.009 8.54331
8.01 8.54532
8.011 8.54734
8.012 8.54936
8.013 8.55138
8.014 8.55339
8.015 8.55541
8.016 8.55743
8.017 8.55945
8.018 8.56146
8.019 8.56348
8.02 8.5655
8.021 8.56752
8.022 8.56954
8.023 8.57156
8.024 8.57358
8.025 8.57559
8.026 8.57761
8.027 8.57963
8.028 8.58165
8.029 8.58367
8.03 8.58569
8.031 8.58771
8.032 8.58973
8.033 8.59175
8.034 8.59377
8.035 8.59579
8.036 8.59781
8.037 8.59983
8.038 8.60185
8.039 8.60387
8.04 8.60589
8.041 8.60791
8.042 8.60994
8.043 8.61196
8.044 8.61398
8.045 8.616
8.046 8.61802
8.047 8.62004
8.048 8.62207
8.049 8.62409
8.05 8.62611
8.051 8.62813
8.052 8.63015
8.053 8.63218
8.054 8.6342
8.055 8.63622
8.056 8.63825
8.057 8.64027
8.058 8.64229
8.059 8.64432
8.06 8.64634
8.061 8.64836
8.062 8.65039
8.063 8.65241
8.064 8.65443
8.065 8.65646
8.066 8.65848
8.067 8.66051
8.068 8.66253
8.069 8.66456
8.07 8.66658
8.071 8.66861
8.072 8.67063
8.073 8.67266
8.074 8.67468
8.075 8.67671
8.076 8.67873
8.077 8.68076
8.078 8.68278
8.079 8.68481
8.08 8.68684
8.081 8.68886
8.082 8.69089
8.083 8.69292
8.084 8.69494
8.085 8.69697
8.086 8.699
8.087 8.70102
8.088 8.70305
8.089 8.70508
8.09 8.70711
8.091 8.70913
8.092 8.71116
8.093 8.71319
8.094 8.71522
8.095 8.71725
8.096 8.71927
8.097 8.7213
8.098 8.72333
8.099 8.72536
8.1 8.72739
8.101 8.72942
8.102 8.73145
8.103 8.73348
8.104 8.7355
8.105 8.73753
8.106 8.73956
8.107 8.74159
8.108 8.74362
8.109 8.74565
8.11 8.74768
8.111 8.74971
8.112 8.75174
8.113 8.75377
8.114 8.75581
8.115 8.75784
8.116 8.75987
8.117 8.7619
8.118 8.76393
8.119 8.76596
8.12 8.76799
8.121 8.77002
8.122 8.77206
8.123 8.77409
8.124 8.77612
8.125 8.77815
8.126 8.78018
8.127 8.78222
8.128 8.78425
8.129 8.78628
8.13 8.78831
8.131 8.79035
8.132 8.79238
8.133 8.79441
8.134 8.79645
8.135 8.79848
8.136 8.80051
8.137 8.80255
8.138 8.80458
8.139 8.80661
8.14 8.80865
8.141 8.81068
8.142 8.81272
8.143 8.81475
8.144 8.81679
8.145 8.81882
8.146 8.82085
8.147 8.82289
8.148 8.82492
8.149 8.82696
8.15 8.829
8.151 8.83103
8.152 8.83307
8.153 8.8351
8.154 8.83714
8.155 8.83917
8.156 8.84121
8.157 8.84325
8.158 8.84528
8.159 8.84732
8.16 8.84936
8.161 8.85139
8.162 8.85343
8.163 8.85547
8.164 8.8575
8.165 8.85954
8.166 8.86158
8.167 8.86362
8.168 8.86565
8.169 8.86769
8.17 8.86973
8.171 8.87177
8.172 8.87381
8.173 8.87584
8.174 8.87788
8.175 8.87992
8.176 8.88196
8.177 8.884
8.178 8.88604
8.179 8.88808
8.18 8.89012
8.181 8.89216
8.182 8.8942
8.183 8.89624
8.184 8.89827
8.185 8.90031
8.186 8.90235
8.187 8.9044
8.188 8.90644
8.189 8.90848
8.19 8.91052
8.191 8.91256
8.192 8.9146
8.193 8.91664
8.194 8.91868
8.195 8.92072
8.196 8.92276
8.197 8.9248
8.198 8.92685
8.199 8.92889
8.2 8.93093
8.201 8.93297
8.202 8.93501
8.203 8.93706
8.204 8.9391
8.205 8.94114
8.206 8.94318
8.207 8.94523
8.208 8.94727
8.209 8.94931
8.21 8.95135
8.211 8.9534
8.212 8.95544
8.213 8.95749
8.214 8.95953
8.215 8.96157
8.216 8.96362
8.217 8.96566
8.218 8.9677
8.219 8.96975
8.22 8.97179
8.221 8.97384
8.222 8.97588
8.223 8.97793
8.224 8.97997
8.225 8.98202
8.226 8.98406
8.227 8.98611
8.228 8.98815
8.229 8.9902
8.23 8.99225
8.231 8.99429
8.232 8.99634
8.233 8.99838
8.234 9.00043
8.235 9.00248
8.236 9.00452
8.237 9.00657
8.238 9.00862
8.239 9.01066
8.24 9.01271
8.241 9.01476
8.242 9.0168
8.243 9.01885
8.244 9.0209
8.245 9.02295
8.246 9.02499
8.247 9.02704
8.248 9.02909
8.249 9.03114
8.25 9.03319
8.251 9.03524
8.252 9.03728
8.253 9.03933
8.254 9.04138
8.255 9.04343
8.256 9.04548
8.257 9.04753
8.258 9.04958
8.259 9.05163
8.26 9.05368
8.261 9.05573
8.262 9.05778
8.263 9.05983
8.264 9.06188
8.265 9.06393
8.266 9.06598
8.267 9.06803
8.268 9.07008
8.269 9.07213
8.27 9.07418
8.271 9.07623
8.272 9.07828
8.273 9.08033
8.274 9.08239
8.275 9.08444
8.276 9.08649
8.277 9.08854
8.278 9.09059
8.279 9.09264
8.28 9.0947
8.281 9.09675
8.282 9.0988
8.283 9.10085
8.284 9.10291
8.285 9.10496
8.286 9.10701
8.287 9.10907
8.288 9.11112
8.289 9.11317
8.29 9.11523
8.291 9.11728
8.292 9.11933
8.293 9.12139
8.294 9.12344
8.295 9.12549
8.296 9.12755
8.297 9.1296
8.298 9.13166
8.299 9.13371
8.3 9.13577
8.301 9.13782
8.302 9.13988
8.303 9.14193
8.304 9.14399
8.305 9.14604
8.306 9.1481
8.307 9.15015
8.308 9.15221
8.309 9.15427
8.31 9.15632
8.311 9.15838
8.312 9.16043
8.313 9.16249
8.314 9.16455
8.315 9.1666
8.316 9.16866
8.317 9.17072
8.318 9.17277
8.319 9.17483
8.32 9.17689
8.321 9.17895
8.322 9.181
8.323 9.18306
8.324 9.18512
8.325 9.18718
8.326 9.18924
8.327 9.19129
8.328 9.19335
8.329 9.19541
8.33 9.19747
8.331 9.19953
8.332 9.20159
8.333 9.20365
8.334 9.2057
8.335 9.20776
8.336 9.20982
8.337 9.21188
8.338 9.21394
8.339 9.216
8.34 9.21806
8.341 9.22012
8.342 9.22218
8.343 9.22424
8.344 9.2263
8.345 9.22836
8.346 9.23042
8.347 9.23248
8.348 9.23454
8.349 9.23661
8.35 9.23867
8.351 9.24073
8.352 9.24279
8.353 9.24485
8.354 9.24691
8.355 9.24897
8.356 9.25104
8.357 9.2531
8.358 9.25516
8.359 9.25722
8.36 9.25929
8.361 9.26135
8.362 9.26341
8.363 9.26547
8.364 9.26754
8.365 9.2696
8.366 9.27166
8.367 9.27373
8.368 9.27579
8.369 9.27785
8.37 9.27992
8.371 9.28198
8.372 9.28404
8.373 9.28611
8.374 9.28817
8.375 9.29024
8.376 9.2923
8.377 9.29437
8.378 9.29643
8.379 9.29849
8.38 9.30056
8.381 9.30262
8.382 9.30469
8.383 9.30676
8.384 9.30882
8.385 9.31089
8.386 9.31295
8.387 9.31502
8.388 9.31708
8.389 9.31915
8.39 9.32122
8.391 9.32328
8.392 9.32535
8.393 9.32742
8.394 9.32948
8.395 9.33155
8.396 9.33362
8.397 9.33568
8.398 9.33775
8.399 9.33982
8.4 9.34188
8.401 9.34395
8.402 9.34602
8.403 9.34809
8.404 9.35016
8.405 9.35222
8.406 9.35429
8.407 9.35636
8.408 9.35843
8.409 9.3605
8.41 9.36257
8.411 9.36464
8.412 9.3667
8.413 9.36877
8.414 9.37084
8.415 9.37291
8.416 9.37498
8.417 9.37705
8.418 9.37912
8.419 9.38119
8.42 9.38326
8.421 9.38533
8.422 9.3874
8.423 9.38947
8.424 9.39154
8.425 9.39361
8.426 9.39568
8.427 9.39775
8.428 9.39983
8.429 9.4019
8.43 9.40397
8.431 9.40604
8.432 9.40811
8.433 9.41018
8.434 9.41225
8.435 9.41433
8.436 9.4164
8.437 9.41847
8.438 9.42054
8.439 9.42261
8.44 9.42469
8.441 9.42676
8.442 9.42883
8.443 9.43091
8.444 9.43298
8.445 9.43505
8.446 9.43712
8.447 9.4392
8.448 9.44127
8.449 9.44335
8.45 9.44542
8.451 9.44749
8.452 9.44957
8.453 9.45164
8.454 9.45372
8.455 9.45579
8.456 9.45786
8.457 9.45994
8.458 9.46201
8.459 9.46409
8.46 9.46616
8.461 9.46824
8.462 9.47031
8.463 9.47239
8.464 9.47446
8.465 9.47654
8.466 9.47862
8.467 9.48069
8.468 9.48277
8.469 9.48484
8.47 9.48692
8.471 9.489
8.472 9.49107
8.473 9.49315
8.474 9.49523
8.475 9.4973
8.476 9.49938
8.477 9.50146
8.478 9.50354
8.479 9.50561
8.48 9.50769
8.481 9.50977
8.482 9.51185
8.483 9.51392
8.484 9.516
8.485 9.51808
8.486 9.52016
8.487 9.52224
8.488 9.52432
8.489 9.52639
8.49 9.52847
8.491 9.53055
8.492 9.53263
8.493 9.53471
8.494 9.53679
8.495 9.53887
8.496 9.54095
8.497 9.54303
8.498 9.54511
8.499 9.54719
8.5 9.54927
8.501 9.55135
8.502 9.55343
8.503 9.55551
8.504 9.55759
8.505 9.55967
8.506 9.56175
8.507 9.56383
8.508 9.56591
8.509 9.56799
8.51 9.57007
8.511 9.57216
8.512 9.57424
8.513 9.57632
8.514 9.5784
8.515 9.58048
8.516 9.58256
8.517 9.58465
8.518 9.58673
8.519 9.58881
8.52 9.59089
8.521 9.59298
8.522 9.59506
8.523 9.59714
8.524 9.59923
8.525 9.60131
8.526 9.60339
8.527 9.60548
8.528 9.60756
8.529 9.60964
8.53 9.61173
8.531 9.61381
8.532 9.61589
8.533 9.61798
8.534 9.62006
8.535 9.62215
8.536 9.62423
8.537 9.62632
8.538 9.6284
8.539 9.63049
8.54 9.63257
8.541 9.63466
8.542 9.63674
8.543 9.63883
8.544 9.64091
8.545 9.643
8.546 9.64508
8.547 9.64717
8.548 9.64926
8.549 9.65134
8.55 9.65343
8.551 9.65551
8.552 9.6576
8.553 9.65969
8.554 9.66177
8.555 9.66386
8.556 9.66595
8.557 9.66803
8.558 9.67012
8.559 9.67221
8.56 9.6743
8.561 9.67638
8.562 9.67847
8.563 9.68056
8.564 9.68265
8.565 9.68474
8.566 9.68682
8.567 9.68891
8.568 9.691
8.569 9.69309
8.57 9.69518
8.571 9.69727
8.572 9.69936
8.573 9.70145
8.574 9.70353
8.575 9.70562
8.576 9.70771
8.577 9.7098
8.578 9.71189
8.579 9.71398
8.58 9.71607
8.581 9.71816
8.582 9.72025
8.583 9.72234
8.584 9.72443
8.585 9.72652
8.586 9.72862
8.587 9.73071
8.588 9.7328
8.589 9.73489
8.59 9.73698
8.591 9.73907
8.592 9.74116
8.593 9.74325
8.594 9.74535
8.595 9.74744
8.596 9.74953
8.597 9.75162
8.598 9.75371
8.599 9.75581
8.6 9.7579
8.601 9.75999
8.602 9.76208
8.603 9.76418
8.604 9.76627
8.605 9.76836
8.606 9.77046
8.607 9.77255
8.608 9.77464
8.609 9.77674
8.61 9.77883
8.611 9.78092
8.612 9.78302
8.613 9.78511
8.614 9.7872
8.615 9.7893
8.616 9.79139
8.617 9.79349
8.618 9.79558
8.619 9.79768
8.62 9.79977
8.621 9.80187
8.622 9.80396
8.623 9.80606
8.624 9.80815
8.625 9.81025
8.626 9.81234
8.627 9.81444
8.628 9.81654
8.629 9.81863
8.63 9.82073
8.631 9.82282
8.632 9.82492
8.633 9.82702
8.634 9.82911
8.635 9.83121
8.636 9.83331
8.637 9.8354
8.638 9.8375
8.639 9.8396
8.64 9.8417
8.641 9.84379
8.642 9.84589
8.643 9.84799
8.644 9.85009
8.645 9.85218
8.646 9.85428
8.647 9.85638
8.648 9.85848
8.649 9.86058
8.65 9.86268
8.651 9.86478
8.652 9.86687
8.653 9.86897
8.654 9.87107
8.655 9.87317
8.656 9.87527
8.657 9.87737
8.658 9.87947
8.659 9.88157
8.66 9.88367
8.661 9.88577
8.662 9.88787
8.663 9.88997
8.664 9.89207
8.665 9.89417
8.666 9.89627
8.667 9.89837
8.668 9.90047
8.669 9.90257
8.67 9.90467
8.671 9.90678
8.672 9.90888
8.673 9.91098
8.674 9.91308
8.675 9.91518
8.676 9.91728
8.677 9.91938
8.678 9.92149
8.679 9.92359
8.68 9.92569
8.681 9.92779
8.682 9.9299
8.683 9.932
8.684 9.9341
8.685 9.9362
8.686 9.93831
8.687 9.94041
8.688 9.94251
8.689 9.94462
8.69 9.94672
8.691 9.94882
8.692 9.95093
8.693 9.95303
8.694 9.95514
8.695 9.95724
8.696 9.95934
8.697 9.96145
8.698 9.96355
8.699 9.96566
8.7 9.96776
8.701 9.96987
8.702 9.97197
8.703 9.97408
8.704 9.97618
8.705 9.97829
8.706 9.98039
8.707 9.9825
8.708 9.9846
8.709 9.98671
8.71 9.98882
8.711 9.99092
8.712 9.99303
8.713 9.99513
8.714 9.99724
8.715 9.99935
8.716 10.0015
8.717 10.0036
8.718 10.0057
8.719 10.0078
8.72 10.0099
8.721 10.012
8.722 10.0141
8.723 10.0162
8.724 10.0183
8.725 10.0204
8.726 10.0225
8.727 10.0246
8.728 10.0267
8.729 10.0289
8.73 10.031
8.731 10.0331
8.732 10.0352
8.733 10.0373
8.734 10.0394
8.735 10.0415
8.736 10.0436
8.737 10.0457
8.738 10.0478
8.739 10.0499
8.74 10.052
8.741 10.0542
8.742 10.0563
8.743 10.0584
8.744 10.0605
8.745 10.0626
8.746 10.0647
8.747 10.0668
8.748 10.0689
8.749 10.071
8.75 10.0732
8.751 10.0753
8.752 10.0774
8.753 10.0795
8.754 10.0816
8.755 10.0837
8.756 10.0858
8.757 10.0879
8.758 10.09
8.759 10.0922
8.76 10.0943
8.761 10.0964
8.762 10.0985
8.763 10.1006
8.764 10.1027
8.765 10.1048
8.766 10.1069
8.767 10.1091
8.768 10.1112
8.769 10.1133
8.77 10.1154
8.771 10.1175
8.772 10.1196
8.773 10.1217
8.774 10.1238
8.775 10.126
8.776 10.1281
8.777 10.1302
8.778 10.1323
8.779 10.1344
8.78 10.1365
8.781 10.1386
8.782 10.1408
8.783 10.1429
8.784 10.145
8.785 10.1471
8.786 10.1492
8.787 10.1513
8.788 10.1534
8.789 10.1556
8.79 10.1577
8.791 10.1598
8.792 10.1619
8.793 10.164
8.794 10.1661
8.795 10.1683
8.796 10.1704
8.797 10.1725
8.798 10.1746
8.799 10.1767
8.8 10.1788
8.801 10.181
8.802 10.1831
8.803 10.1852
8.804 10.1873
8.805 10.1894
8.806 10.1915
8.807 10.1937
8.808 10.1958
8.809 10.1979
8.81 10.2
8.811 10.2021
8.812 10.2043
8.813 10.2064
8.814 10.2085
8.815 10.2106
8.816 10.2127
8.817 10.2148
8.818 10.217
8.819 10.2191
8.82 10.2212
8.821 10.2233
8.822 10.2254
8.823 10.2276
8.824 10.2297
8.825 10.2318
8.826 10.2339
8.827 10.236
8.828 10.2382
8.829 10.2403
8.83 10.2424
8.831 10.2445
8.832 10.2466
8.833 10.2488
8.834 10.2509
8.835 10.253
8.836 10.2551
8.837 10.2572
8.838 10.2594
8.839 10.2615
8.84 10.2636
8.841 10.2657
8.842 10.2679
8.843 10.27
8.844 10.2721
8.845 10.2742
8.846 10.2763
8.847 10.2785
8.848 10.2806
8.849 10.2827
8.85 10.2848
8.851 10.287
8.852 10.2891
8.853 10.2912
8.854 10.2933
8.855 10.2955
8.856 10.2976
8.857 10.2997
8.858 10.3018
8.859 10.3039
8.86 10.3061
8.861 10.3082
8.862 10.3103
8.863 10.3124
8.864 10.3146
8.865 10.3167
8.866 10.3188
8.867 10.3209
8.868 10.3231
8.869 10.3252
8.87 10.3273
8.871 10.3294
8.872 10.3316
8.873 10.3337
8.874 10.3358
8.875 10.3379
8.876 10.3401
8.877 10.3422
8.878 10.3443
8.879 10.3464
8.88 10.3486
8.881 10.3507
8.882 10.3528
8.883 10.355
8.884 10.3571
8.885 10.3592
8.886 10.3613
8.887 10.3635
8.888 10.3656
8.889 10.3677
8.89 10.3698
8.891 10.372
8.892 10.3741
8.893 10.3762
8.894 10.3784
8.895 10.3805
8.896 10.3826
8.897 10.3847
8.898 10.3869
8.899 10.389
8.9 10.3911
8.901 10.3933
8.902 10.3954
8.903 10.3975
8.904 10.3996
8.905 10.4018
8.906 10.4039
8.907 10.406
8.908 10.4082
8.909 10.4103
8.91 10.4124
8.911 10.4146
8.912 10.4167
8.913 10.4188
8.914 10.4209
8.915 10.4231
8.916 10.4252
8.917 10.4273
8.918 10.4295
8.919 10.4316
8.92 10.4337
8.921 10.4359
8.922 10.438
8.923 10.4401
8.924 10.4423
8.925 10.4444
8.926 10.4465
8.927 10.4487
8.928 10.4508
8.929 10.4529
8.93 10.455
8.931 10.4572
8.932 10.4593
8.933 10.4614
8.934 10.4636
8.935 10.4657
8.936 10.4678
8.937 10.47
8.938 10.4721
8.939 10.4742
8.94 10.4764
8.941 10.4785
8.942 10.4806
8.943 10.4828
8.944 10.4849
8.945 10.487
8.946 10.4892
8.947 10.4913
8.948 10.4934
8.949 10.4956
8.95 10.4977
8.951 10.4999
8.952 10.502
8.953 10.5041
8.954 10.5063
8.955 10.5084
8.956 10.5105
8.957 10.5127
8.958 10.5148
8.959 10.5169
8.96 10.5191
8.961 10.5212
8.962 10.5233
8.963 10.5255
8.964 10.5276
8.965 10.5298
8.966 10.5319
8.967 10.534
8.968 10.5362
8.969 10.5383
8.97 10.5404
8.971 10.5426
8.972 10.5447
8.973 10.5468
8.974 10.549
8.975 10.5511
8.976 10.5533
8.977 10.5554
8.978 10.5575
8.979 10.5597
8.98 10.5618
8.981 10.564
8.982 10.5661
8.983 10.5682
8.984 10.5704
8.985 10.5725
8.986 10.5746
8.987 10.5768
8.988 10.5789
8.989 10.5811
8.99 10.5832
8.991 10.5853
8.992 10.5875
8.993 10.5896
8.994 10.5918
8.995 10.5939
8.996 10.596
8.997 10.5982
8.998 10.6003
8.999 10.6025
9 10.6046
9.001 10.6067
9.002 10.6089
9.003 10.611
9.004 10.6132
9.005 10.6153
9.006 10.6174
9.007 10.6196
9.008 10.6217
9.009 10.6239
9.01 10.626
9.011 10.6282
9.012 10.6303
9.013 10.6324
9.014 10.6346
9.015 10.6367
9.016 10.6389
9.017 10.641
9.018 10.6432
9.019 10.6453
9.02 10.6474
9.021 10.6496
9.022 10.6517
9.023 10.6539
9.024 10.656
9.025 10.6582
9.026 10.6603
9.027 10.6624
9.028 10.6646
9.029 10.6667
9.03 10.6689
9.031 10.671
9.032 10.6732
9.033 10.6753
9.034 10.6775
9.035 10.6796
9.036 10.6817
9.037 10.6839
9.038 10.686
9.039 10.6882
9.04 10.6903
9.041 10.6925
9.042 10.6946
9.043 10.6968
9.044 10.6989
9.045 10.7011
9.046 10.7032
9.047 10.7053
9.048 10.7075
9.049 10.7096
9.05 10.7118
9.051 10.7139
9.052 10.7161
9.053 10.7182
9.054 10.7204
9.055 10.7225
9.056 10.7247
9.057 10.7268
9.058 10.729
9.059 10.7311
9.06 10.7333
9.061 10.7354
9.062 10.7375
9.063 10.7397
9.064 10.7418
9.065 10.744
9.066 10.7461
9.067 10.7483
9.068 10.7504
9.069 10.7526
9.07 10.7547
9.071 10.7569
9.072 10.759
9.073 10.7612
9.074 10.7633
9.075 10.7655
9.076 10.7676
9.077 10.7698
9.078 10.7719
9.079 10.7741
9.08 10.7762
9.081 10.7784
9.082 10.7805
9.083 10.7827
9.084 10.7848
9.085 10.787
9.086 10.7891
9.087 10.7913
9.088 10.7934
9.089 10.7956
9.09 10.7977
9.091 10.7999
9.092 10.802
9.093 10.8042
9.094 10.8063
9.095 10.8085
9.096 10.8106
9.097 10.8128
9.098 10.8149
9.099 10.8171
9.1 10.8193
9.101 10.8214
9.102 10.8236
9.103 10.8257
9.104 10.8279
9.105 10.83
9.106 10.8322
9.107 10.8343
9.108 10.8365
9.109 10.8386
9.11 10.8408
9.111 10.8429
9.112 10.8451
9.113 10.8472
9.114 10.8494
9.115 10.8516
9.116 10.8537
9.117 10.8559
9.118 10.858
9.119 10.8602
9.12 10.8623
9.121 10.8645
9.122 10.8666
9.123 10.8688
9.124 10.8709
9.125 10.8731
9.126 10.8753
9.127 10.8774
9.128 10.8796
9.129 10.8817
9.13 10.8839
9.131 10.886
9.132 10.8882
9.133 10.8903
9.134 10.8925
9.135 10.8947
9.136 10.8968
9.137 10.899
9.138 10.9011
9.139 10.9033
9.14 10.9054
9.141 10.9076
9.142 10.9098
9.143 10.9119
9.144 10.9141
9.145 10.9162
9.146 10.9184
9.147 10.9205
9.148 10.9227
9.149 10.9249
9.15 10.927
9.151 10.9292
9.152 10.9313
9.153 10.9335
9.154 10.9356
9.155 10.9378
9.156 10.94
9.157 10.9421
9.158 10.9443
9.159 10.9464
9.16 10.9486
9.161 10.9508
9.162 10.9529
9.163 10.9551
9.164 10.9572
9.165 10.9594
9.166 10.9616
9.167 10.9637
9.168 10.9659
9.169 10.968
9.17 10.9702
9.171 10.9724
9.172 10.9745
9.173 10.9767
9.174 10.9788
9.175 10.981
9.176 10.9832
9.177 10.9853
9.178 10.9875
9.179 10.9896
9.18 10.9918
9.181 10.994
9.182 10.9961
9.183 10.9983
9.184 11.0005
9.185 11.0026
9.186 11.0048
9.187 11.0069
9.188 11.0091
9.189 11.0113
9.19 11.0134
9.191 11.0156
9.192 11.0178
9.193 11.0199
9.194 11.0221
9.195 11.0242
9.196 11.0264
9.197 11.0286
9.198 11.0307
9.199 11.0329
9.2 11.0351
9.201 11.0372
9.202 11.0394
9.203 11.0416
9.204 11.0437
9.205 11.0459
9.206 11.048
9.207 11.0502
9.208 11.0524
9.209 11.0545
9.21 11.0567
9.211 11.0589
9.212 11.061
9.213 11.0632
9.214 11.0654
9.215 11.0675
9.216 11.0697
9.217 11.0719
9.218 11.074
9.219 11.0762
9.22 11.0784
9.221 11.0805
9.222 11.0827
9.223 11.0849
9.224 11.087
9.225 11.0892
9.226 11.0914
9.227 11.0935
9.228 11.0957
9.229 11.0979
9.23 11.1
9.231 11.1022
9.232 11.1044
9.233 11.1065
9.234 11.1087
9.235 11.1109
9.236 11.113
9.237 11.1152
9.238 11.1174
9.239 11.1195
9.24 11.1217
9.241 11.1239
9.242 11.126
9.243 11.1282
9.244 11.1304
9.245 11.1326
9.246 11.1347
9.247 11.1369
9.248 11.1391
9.249 11.1412
9.25 11.1434
9.251 11.1456
9.252 11.1477
9.253 11.1499
9.254 11.1521
9.255 11.1542
9.256 11.1564
9.257 11.1586
9.258 11.1608
9.259 11.1629
9.26 11.1651
9.261 11.1673
9.262 11.1694
9.263 11.1716
9.264 11.1738
9.265 11.176
9.266 11.1781
9.267 11.1803
9.268 11.1825
9.269 11.1846
9.27 11.1868
9.271 11.189
9.272 11.1912
9.273 11.1933
9.274 11.1955
9.275 11.1977
9.276 11.1998
9.277 11.202
9.278 11.2042
9.279 11.2064
9.28 11.2085
9.281 11.2107
9.282 11.2129
9.283 11.2151
9.284 11.2172
9.285 11.2194
9.286 11.2216
9.287 11.2238
9.288 11.2259
9.289 11.2281
9.29 11.2303
9.291 11.2324
9.292 11.2346
9.293 11.2368
9.294 11.239
9.295 11.2411
9.296 11.2433
9.297 11.2455
9.298 11.2477
9.299 11.2498
9.3 11.252
9.301 11.2542
9.302 11.2564
9.303 11.2585
9.304 11.2607
9.305 11.2629
9.306 11.2651
9.307 11.2673
9.308 11.2694
9.309 11.2716
9.31 11.2738
9.311 11.276
9.312 11.2781
9.313 11.2803
9.314 11.2825
9.315 11.2847
9.316 11.2868
9.317 11.289
9.318 11.2912
9.319 11.2934
9.32 11.2956
9.321 11.2977
9.322 11.2999
9.323 11.3021
9.324 11.3043
9.325 11.3064
9.326 11.3086
9.327 11.3108
9.328 11.313
9.329 11.3152
9.33 11.3173
9.331 11.3195
9.332 11.3217
9.333 11.3239
9.334 11.326
9.335 11.3282
9.336 11.3304
9.337 11.3326
9.338 11.3348
9.339 11.3369
9.34 11.3391
9.341 11.3413
9.342 11.3435
9.343 11.3457
9.344 11.3478
9.345 11.35
9.346 11.3522
9.347 11.3544
9.348 11.3566
9.349 11.3587
9.35 11.3609
9.351 11.3631
9.352 11.3653
9.353 11.3675
9.354 11.3697
9.355 11.3718
9.356 11.374
9.357 11.3762
9.358 11.3784
9.359 11.3806
9.36 11.3827
9.361 11.3849
9.362 11.3871
9.363 11.3893
9.364 11.3915
9.365 11.3937
9.366 11.3958
9.367 11.398
9.368 11.4002
9.369 11.4024
9.37 11.4046
9.371 11.4068
9.372 11.4089
9.373 11.4111
9.374 11.4133
9.375 11.4155
9.376 11.4177
9.377 11.4199
9.378 11.422
9.379 11.4242
9.38 11.4264
9.381 11.4286
9.382 11.4308
9.383 11.433
9.384 11.4351
9.385 11.4373
9.386 11.4395
9.387 11.4417
9.388 11.4439
9.389 11.4461
9.39 11.4483
9.391 11.4504
9.392 11.4526
9.393 11.4548
9.394 11.457
9.395 11.4592
9.396 11.4614
9.397 11.4636
9.398 11.4657
9.399 11.4679
9.4 11.4701
9.401 11.4723
9.402 11.4745
9.403 11.4767
9.404 11.4789
9.405 11.4811
9.406 11.4832
9.407 11.4854
9.408 11.4876
9.409 11.4898
9.41 11.492
9.411 11.4942
9.412 11.4964
9.413 11.4986
9.414 11.5007
9.415 11.5029
9.416 11.5051
9.417 11.5073
9.418 11.5095
9.419 11.5117
9.42 11.5139
9.421 11.5161
9.422 11.5182
9.423 11.5204
9.424 11.5226
9.425 11.5248
9.426 11.527
9.427 11.5292
9.428 11.5314
9.429 11.5336
9.43 11.5358
9.431 11.538
9.432 11.5401
9.433 11.5423
9.434 11.5445
9.435 11.5467
9.436 11.5489
9.437 11.5511
9.438 11.5533
9.439 11.5555
9.44 11.5577
9.441 11.5599
9.442 11.5621
9.443 11.5642
9.444 11.5664
9.445 11.5686
9.446 11.5708
9.447 11.573
9.448 11.5752
9.449 11.5774
9.45 11.5796
9.451 11.5818
9.452 11.584
9.453 11.5862
9.454 11.5884
9.455 11.5905
9.456 11.5927
9.457 11.5949
9.458 11.5971
9.459 11.5993
9.46 11.6015
9.461 11.6037
9.462 11.6059
9.463 11.6081
9.464 11.6103
9.465 11.6125
9.466 11.6147
9.467 11.6169
9.468 11.6191
9.469 11.6213
9.47 11.6235
9.471 11.6256
9.472 11.6278
9.473 11.63
9.474 11.6322
9.475 11.6344
9.476 11.6366
9.477 11.6388
9.478 11.641
9.479 11.6432
9.48 11.6454
9.481 11.6476
9.482 11.6498
9.483 11.652
9.484 11.6542
9.485 11.6564
9.486 11.6586
9.487 11.6608
9.488 11.663
9.489 11.6652
9.49 11.6674
9.491 11.6696
9.492 11.6718
9.493 11.674
9.494 11.6761
9.495 11.6783
9.496 11.6805
9.497 11.6827
9.498 11.6849
9.499 11.6871
9.5 11.6893
9.501 11.6915
9.502 11.6937
9.503 11.6959
9.504 11.6981
9.505 11.7003
9.506 11.7025
9.507 11.7047
9.508 11.7069
9.509 11.7091
9.51 11.7113
9.511 11.7135
9.512 11.7157
9.513 11.7179
9.514 11.7201
9.515 11.7223
9.516 11.7245
9.517 11.7267
9.518 11.7289
9.519 11.7311
9.52 11.7333
9.521 11.7355
9.522 11.7377
9.523 11.7399
9.524 11.7421
9.525 11.7443
9.526 11.7465
9.527 11.7487
9.528 11.7509
9.529 11.7531
9.53 11.7553
9.531 11.7575
9.532 11.7597
9.533 11.7619
9.534 11.7641
9.535 11.7663
9.536 11.7685
9.537 11.7707
9.538 11.7729
9.539 11.7751
9.54 11.7773
9.541 11.7795
9.542 11.7817
9.543 11.7839
9.544 11.7861
9.545 11.7883
9.546 11.7905
9.547 11.7927
9.548 11.795
9.549 11.7972
9.55 11.7994
9.551 11.8016
9.552 11.8038
9.553 11.806
9.554 11.8082
9.555 11.8104
9.556 11.8126
9.557 11.8148
9.558 11.817
9.559 11.8192
9.56 11.8214
9.561 11.8236
9.562 11.8258
9.563 11.828
9.564 11.8302
9.565 11.8324
9.566 11.8346
9.567 11.8368
9.568 11.839
9.569 11.8412
9.57 11.8434
9.571 11.8457
9.572 11.8479
9.573 11.8501
9.574 11.8523
9.575 11.8545
9.576 11.8567
9.577 11.8589
9.578 11.8611
9.579 11.8633
9.58 11.8655
9.581 11.8677
9.582 11.8699
9.583 11.8721
9.584 11.8743
9.585 11.8765
9.586 11.8787
9.587 11.881
9.588 11.8832
9.589 11.8854
9.59 11.8876
9.591 11.8898
9.592 11.892
9.593 11.8942
9.594 11.8964
9.595 11.8986
9.596 11.9008
9.597 11.903
9.598 11.9052
9.599 11.9075
9.6 11.9097
9.601 11.9119
9.602 11.9141
9.603 11.9163
9.604 11.9185
9.605 11.9207
9.606 11.9229
9.607 11.9251
9.608 11.9273
9.609 11.9295
9.61 11.9318
9.611 11.934
9.612 11.9362
9.613 11.9384
9.614 11.9406
9.615 11.9428
9.616 11.945
9.617 11.9472
9.618 11.9494
9.619 11.9516
9.62 11.9539
9.621 11.9561
9.622 11.9583
9.623 11.9605
9.624 11.9627
9.625 11.9649
9.626 11.9671
9.627 11.9693
9.628 11.9715
9.629 11.9738
9.63 11.976
9.631 11.9782
9.632 11.9804
9.633 11.9826
9.634 11.9848
9.635 11.987
9.636 11.9892
9.637 11.9915
9.638 11.9937
9.639 11.9959
9.64 11.9981
9.641 12.0003
9.642 12.0025
9.643 12.0047
9.644 12.007
9.645 12.0092
9.646 12.0114
9.647 12.0136
9.648 12.0158
9.649 12.018
9.65 12.0202
9.651 12.0225
9.652 12.0247
9.653 12.0269
9.654 12.0291
9.655 12.0313
9.656 12.0335
9.657 12.0357
9.658 12.038
9.659 12.0402
9.66 12.0424
9.661 12.0446
9.662 12.0468
9.663 12.049
9.664 12.0512
9.665 12.0535
9.666 12.0557
9.667 12.0579
9.668 12.0601
9.669 12.0623
9.67 12.0645
9.671 12.0668
9.672 12.069
9.673 12.0712
9.674 12.0734
9.675 12.0756
9.676 12.0778
9.677 12.0801
9.678 12.0823
9.679 12.0845
9.68 12.0867
9.681 12.0889
9.682 12.0911
9.683 12.0934
9.684 12.0956
9.685 12.0978
9.686 12.1
9.687 12.1022
9.688 12.1045
9.689 12.1067
9.69 12.1089
9.691 12.1111
9.692 12.1133
9.693 12.1155
9.694 12.1178
9.695 12.12
9.696 12.1222
9.697 12.1244
9.698 12.1266
9.699 12.1289
9.7 12.1311
9.701 12.1333
9.702 12.1355
9.703 12.1377
9.704 12.14
9.705 12.1422
9.706 12.1444
9.707 12.1466
9.708 12.1488
9.709 12.1511
9.71 12.1533
9.711 12.1555
9.712 12.1577
9.713 12.1599
9.714 12.1622
9.715 12.1644
9.716 12.1666
9.717 12.1688
9.718 12.1711
9.719 12.1733
9.72 12.1755
9.721 12.1777
9.722 12.1799
9.723 12.1822
9.724 12.1844
9.725 12.1866
9.726 12.1888
9.727 12.1911
9.728 12.1933
9.729 12.1955
9.73 12.1977
9.731 12.1999
9.732 12.2022
9.733 12.2044
9.734 12.2066
9.735 12.2088
9.736 12.2111
9.737 12.2133
9.738 12.2155
9.739 12.2177
9.74 12.22
9.741 12.2222
9.742 12.2244
9.743 12.2266
9.744 12.2289
9.745 12.2311
9.746 12.2333
9.747 12.2355
9.748 12.2378
9.749 12.24
9.75 12.2422
9.751 12.2444
9.752 12.2467
9.753 12.2489
9.754 12.2511
9.755 12.2533
9.756 12.2556
9.757 12.2578
9.758 12.26
9.759 12.2622
9.76 12.2645
9.761 12.2667
9.762 12.2689
9.763 12.2711
9.764 12.2734
9.765 12.2756
9.766 12.2778
9.767 12.28
9.768 12.2823
9.769 12.2845
9.77 12.2867
9.771 12.289
9.772 12.2912
9.773 12.2934
9.774 12.2956
9.775 12.2979
9.776 12.3001
9.777 12.3023
9.778 12.3046
9.779 12.3068
9.78 12.309
9.781 12.3112
9.782 12.3135
9.783 12.3157
9.784 12.3179
9.785 12.3201
9.786 12.3224
9.787 12.3246
9.788 12.3268
9.789 12.3291
9.79 12.3313
9.791 12.3335
9.792 12.3358
9.793 12.338
9.794 12.3402
9.795 12.3424
9.796 12.3447
9.797 12.3469
9.798 12.3491
9.799 12.3514
9.8 12.3536
9.801 12.3558
9.802 12.3581
9.803 12.3603
9.804 12.3625
9.805 12.3647
9.806 12.367
9.807 12.3692
9.808 12.3714
9.809 12.3737
9.81 12.3759
9.811 12.3781
9.812 12.3804
9.813 12.3826
9.814 12.3848
9.815 12.3871
9.816 12.3893
9.817 12.3915
9.818 12.3938
9.819 12.396
9.82 12.3982
9.821 12.4005
9.822 12.4027
9.823 12.4049
9.824 12.4072
9.825 12.4094
9.826 12.4116
9.827 12.4139
9.828 12.4161
9.829 12.4183
9.83 12.4206
9.831 12.4228
9.832 12.425
9.833 12.4273
9.834 12.4295
9.835 12.4317
9.836 12.434
9.837 12.4362
9.838 12.4384
9.839 12.4407
9.84 12.4429
9.841 12.4451
9.842 12.4474
9.843 12.4496
9.844 12.4518
9.845 12.4541
9.846 12.4563
9.847 12.4585
9.848 12.4608
9.849 12.463
9.85 12.4653
9.851 12.4675
9.852 12.4697
9.853 12.472
9.854 12.4742
9.855 12.4764
9.856 12.4787
9.857 12.4809
9.858 12.4831
9.859 12.4854
9.86 12.4876
9.861 12.4899
9.862 12.4921
9.863 12.4943
9.864 12.4966
9.865 12.4988
9.866 12.501
9.867 12.5033
9.868 12.5055
9.869 12.5078
9.87 12.51
9.871 12.5122
9.872 12.5145
9.873 12.5167
9.874 12.5189
9.875 12.5212
9.876 12.5234
9.877 12.5257
9.878 12.5279
9.879 12.5301
9.88 12.5324
9.881 12.5346
9.882 12.5369
9.883 12.5391
9.884 12.5413
9.885 12.5436
9.886 12.5458
9.887 12.5481
9.888 12.5503
9.889 12.5525
9.89 12.5548
9.891 12.557
9.892 12.5593
9.893 12.5615
9.894 12.5637
9.895 12.566
9.896 12.5682
9.897 12.5705
9.898 12.5727
9.899 12.5749
9.9 12.5772
9.901 12.5794
9.902 12.5817
9.903 12.5839
9.904 12.5861
9.905 12.5884
9.906 12.5906
9.907 12.5929
9.908 12.5951
9.909 12.5974
9.91 12.5996
9.911 12.6018
9.912 12.6041
9.913 12.6063
9.914 12.6086
9.915 12.6108
9.916 12.6131
9.917 12.6153
9.918 12.6175
9.919 12.6198
9.92 12.622
9.921 12.6243
9.922 12.6265
9.923 12.6288
9.924 12.631
9.925 12.6332
9.926 12.6355
9.927 12.6377
9.928 12.64
9.929 12.6422
9.93 12.6445
9.931 12.6467
9.932 12.649
9.933 12.6512
9.934 12.6534
9.935 12.6557
9.936 12.6579
9.937 12.6602
9.938 12.6624
9.939 12.6647
9.94 12.6669
9.941 12.6692
9.942 12.6714
9.943 12.6736
9.944 12.6759
9.945 12.6781
9.946 12.6804
9.947 12.6826
9.948 12.6849
9.949 12.6871
9.95 12.6894
9.951 12.6916
9.952 12.6939
9.953 12.6961
9.954 12.6984
9.955 12.7006
9.956 12.7029
9.957 12.7051
9.958 12.7073
9.959 12.7096
9.96 12.7118
9.961 12.7141
9.962 12.7163
9.963 12.7186
9.964 12.7208
9.965 12.7231
9.966 12.7253
9.967 12.7276
9.968 12.7298
9.969 12.7321
9.97 12.7343
9.971 12.7366
9.972 12.7388
9.973 12.7411
9.974 12.7433
9.975 12.7456
9.976 12.7478
9.977 12.7501
9.978 12.7523
9.979 12.7546
9.98 12.7568
9.981 12.7591
9.982 12.7613
9.983 12.7636
9.984 12.7658
9.985 12.7681
9.986 12.7703
9.987 12.7726
9.988 12.7748
9.989 12.7771
9.99 12.7793
9.991 12.7816
9.992 12.7838
9.993 12.7861
9.994 12.7883
9.995 12.7906
9.996 12.7928
9.997 12.7951
9.998 12.7973
9.999 12.7996
10 12.8018
